-- MySQL Administrator dump 1.4
--
-- ------------------------------------------------------
-- Server version	5.0.67-community-nt


/*!40101 SET @OLD_CHARACTER_SET_CLIENT=@@CHARACTER_SET_CLIENT */;
/*!40101 SET @OLD_CHARACTER_SET_RESULTS=@@CHARACTER_SET_RESULTS */;
/*!40101 SET @OLD_COLLATION_CONNECTION=@@COLLATION_CONNECTION */;
/*!40101 SET NAMES utf8 */;

/*!40014 SET @OLD_UNIQUE_CHECKS=@@UNIQUE_CHECKS, UNIQUE_CHECKS=0 */;
/*!40014 SET @OLD_FOREIGN_KEY_CHECKS=@@FOREIGN_KEY_CHECKS, FOREIGN_KEY_CHECKS=0 */;
/*!40101 SET @OLD_SQL_MODE=@@SQL_MODE, SQL_MODE='NO_AUTO_VALUE_ON_ZERO' */;


--
-- Create schema ccm1
--

CREATE DATABASE IF NOT EXISTS ccm1;
USE ccm1;

--
-- Definition of table `authorities`
--

DROP TABLE IF EXISTS `authorities`;
CREATE TABLE `authorities` (
  `username` varchar(45) NOT NULL,
  `authority` varchar(45) NOT NULL,
  PRIMARY KEY  (`username`,`authority`)
) ENGINE=InnoDB DEFAULT CHARSET=latin1;

--
-- Dumping data for table `authorities`
--

/*!40000 ALTER TABLE `authorities` DISABLE KEYS */;
INSERT INTO `authorities` (`username`,`authority`) VALUES 
 ('ahead@gmail.com','ROLE_ADMIN'),
 ('ahead@gmail.com','ROLE_USER'),
 ('akram.zahid@bizintelapps.com','ROLE_ADMIN'),
 ('akram.zahid@bizintelapps.com','ROLE_USER'),
 ('arrancomputers@yahoo.com','ROLE_ADMIN'),
 ('arrancomputers@yahoo.com','ROLE_USER'),
 ('b@d.com','ROLE_ADMIN'),
 ('b@d.com','ROLE_USER'),
 ('bizintelapps@bia.com','ROLE_ADMIN'),
 ('bizintelapps@bia.com','ROLE_USER'),
 ('demo@bizintelapps.com','ROLE_ADMIN'),
 ('demo@bizintelapps.com','ROLE_USER'),
 ('dsldklkads@yahoo.com','ROLE_ADMIN'),
 ('dsldklkads@yahoo.com','ROLE_USER'),
 ('fatimashannor1@gmail.com','ROLE_ADMIN'),
 ('fatimashannor1@gmail.com','ROLE_USER'),
 ('hurricane_hasan@yahoo.com','ROLE_ADMIN'),
 ('hurricane_hasan@yahoo.com','ROLE_USER'),
 ('intesar.mohammed@bizintelapps.com','ROLE_ADMIN'),
 ('intesar.mohammed@bizintelapps.com','ROLE_USER'),
 ('intesar@ymail.com','ROLE_ADMIN'),
 ('intesar@ymail.com','ROLE_USER'),
 ('khajakms@bizintelapps.com','ROLE_ADMIN'),
 ('khajakms@bizintelapps.com','ROLE_USER'),
 ('khan.faraz@bizintelapps.com','ROLE_ADMIN'),
 ('khan.faraz@bizintelapps.com','ROLE_USER'),
 ('mdshannan1@gawab.com','ROLE_ADMIN'),
 ('mdshannan1@gawab.com','ROLE_USER'),
 ('mdshannan1@gmail.com','ROLE_ADMIN'),
 ('mdshannan1@gmail.com','ROLE_USER'),
 ('mdshannan@gawab.com','ROLE_ADMIN'),
 ('mdshannan@gawab.com','ROLE_USER'),
 ('mdshannan@gmail.com','ROLE_ADMIN'),
 ('mdshannan@gmail.com','ROLE_USER'),
 ('mdshannan@hotmail.com','ROLE_ADMIN'),
 ('mdshannan@hotmail.com','ROLE_USER'),
 ('mkazam@yahoo.com','ROLE_ADMIN'),
 ('mkazam@yahoo.com','ROLE_USER'),
 ('mm@gmail.com','ROLE_ADMIN'),
 ('mm@gmail.com','ROLE_USER'),
 ('mohdshannan@yahoo.com','ROLE_ADMIN'),
 ('mohdshannan@yahoo.com','ROLE_USER'),
 ('pooja21polo@yahoo.com','ROLE_ADMIN'),
 ('pooja21polo@yahoo.com','ROLE_USER'),
 ('pooja21polo@yahoo.om','ROLE_ADMIN'),
 ('pooja21polo@yahoo.om','ROLE_USER'),
 ('rocky_wind@yahoo.com','ROLE_ADMIN'),
 ('rocky_wind@yahoo.com','ROLE_USER'),
 ('salam@yahoo.om','ROLE_USER'),
 ('shayan.khan@yahoo.com','ROLE_USER'),
 ('shubh.cafe@gmail.com','ROLE_ADMIN'),
 ('shubh.cafe@gmail.com','ROLE_USER'),
 ('sohail_simple@yahoo.com','ROLE_ADMIN'),
 ('sohail_simple@yahoo.com','ROLE_USER'),
 ('srinivasarao_m1980@yahoo.com','ROLE_ADMIN'),
 ('srinivasarao_m1980@yahoo.com','ROLE_USER'),
 ('start@gmail.com','ROLE_ADMIN'),
 ('start@gmail.com','ROLE_USER'),
 ('test666@bizintelapps.com','ROLE_ADMIN'),
 ('test666@bizintelapps.com','ROLE_USER'),
 ('test999@bizintelapps.com','ROLE_ADMIN'),
 ('test999@bizintelapps.com','ROLE_USER'),
 ('zahid@bizintelapps.com','ROLE_USER');
/*!40000 ALTER TABLE `authorities` ENABLE KEYS */;


--
-- Definition of table `email_preference`
--

DROP TABLE IF EXISTS `email_preference`;
CREATE TABLE `email_preference` (
  `id` int(10) unsigned NOT NULL auto_increment,
  `username` varchar(45) NOT NULL default '0',
  `email_or_phone` varchar(45) NOT NULL default 'na',
  `service_provider` varchar(45) default NULL,
  `organization` varchar(45) NOT NULL,
  `create_user` varchar(45) default NULL,
  `create_date` date default NULL,
  PRIMARY KEY  (`id`),
  KEY `FK_email_preference_1` (`organization`)
) ENGINE=InnoDB AUTO_INCREMENT=6 DEFAULT CHARSET=latin1;

--
-- Dumping data for table `email_preference`
--

/*!40000 ALTER TABLE `email_preference` DISABLE KEYS */;
INSERT INTO `email_preference` (`id`,`username`,`email_or_phone`,`service_provider`,`organization`,`create_user`,`create_date`) VALUES 
 (2,'faraz khan','farazkhan1123@gmail.com','email','kingcobra',NULL,NULL),
 (3,'mir','ali.mukarram@bizintelapps.com','email','ahead',NULL,NULL),
 (4,'parru','pooja21polo@yahoo.com, 9849212044','airtel','21.com internets',NULL,NULL),
 (5,'','9701515012','@airtelap.com','apolokk',NULL,NULL);
/*!40000 ALTER TABLE `email_preference` ENABLE KEYS */;


--
-- Definition of table `email_time_preference`
--

DROP TABLE IF EXISTS `email_time_preference`;
CREATE TABLE `email_time_preference` (
  `id` int(10) unsigned NOT NULL auto_increment,
  `report_time` decimal(4,0) NOT NULL default '900',
  `organization` varchar(45) NOT NULL,
  `create_user` varchar(45) default NULL,
  `create_date` date default NULL,
  PRIMARY KEY  (`id`),
  KEY `FK_email_time_preference_1` (`organization`)
) ENGINE=InnoDB AUTO_INCREMENT=32 DEFAULT CHARSET=latin1;

--
-- Dumping data for table `email_time_preference`
--

/*!40000 ALTER TABLE `email_time_preference` DISABLE KEYS */;
INSERT INTO `email_time_preference` (`id`,`report_time`,`organization`,`create_user`,`create_date`) VALUES 
 (5,'1100','b',NULL,NULL),
 (6,'1800','b',NULL,NULL),
 (9,'800','zrk zone',NULL,NULL),
 (10,'1100','zrk zone',NULL,NULL),
 (11,'1300','zrk zone',NULL,NULL),
 (12,'1500','zrk zone',NULL,NULL),
 (13,'1700','zrk zone',NULL,NULL),
 (14,'2100','zrk zone',NULL,NULL),
 (16,'1900','kingcobra',NULL,NULL),
 (17,'1500','ahead',NULL,NULL),
 (18,'1500','ahead',NULL,NULL),
 (19,'300','ahead',NULL,NULL),
 (22,'100','21.com internets',NULL,NULL),
 (23,'200','21.com internets',NULL,NULL),
 (24,'300','21.com internets',NULL,NULL),
 (25,'900','21.com internets',NULL,NULL),
 (29,'0','apolokk',NULL,NULL),
 (30,'200','apolokk',NULL,NULL),
 (31,'300','apolokk',NULL,NULL);
/*!40000 ALTER TABLE `email_time_preference` ENABLE KEYS */;


--
-- Definition of table `membership_discounts`
--

DROP TABLE IF EXISTS `membership_discounts`;
CREATE TABLE `membership_discounts` (
  `id` int(10) unsigned NOT NULL auto_increment,
  `membership_type` int(10) unsigned NOT NULL,
  `service` varchar(45) NOT NULL,
  `discount_percentage` double NOT NULL,
  `create_date` varchar(45) NOT NULL,
  `create_user` varchar(45) NOT NULL,
  PRIMARY KEY  (`id`),
  KEY `Index_2` (`membership_type`),
  KEY `Index_3` (`service`),
  CONSTRAINT `FK_membership_discounts_1` FOREIGN KEY (`membership_type`) REFERENCES `membership_types` (`id`)
) ENGINE=InnoDB AUTO_INCREMENT=37 DEFAULT CHARSET=latin1;

--
-- Dumping data for table `membership_discounts`
--

/*!40000 ALTER TABLE `membership_discounts` DISABLE KEYS */;
INSERT INTO `membership_discounts` (`id`,`membership_type`,`service`,`discount_percentage`,`create_date`,`create_user`) VALUES 
 (7,5,'Copy B&W',0,'2008-09-24 14:19:56','intesar.mohammed@bizintelapps.com'),
 (8,5,'Cool Drink',0,'2008-09-24 14:19:57','intesar.mohammed@bizintelapps.com'),
 (9,5,'print',0,'2008-09-24 14:19:57','intesar.mohammed@bizintelapps.com'),
 (10,5,'computer',10,'2008-09-24 14:19:58','intesar.mohammed@bizintelapps.com'),
 (11,6,'Copy B&W',20,'2008-09-26 02:32:14','intesar.mohammed@bizintelapps.com'),
 (12,6,'Cool Drink',20,'2008-09-26 02:32:15','intesar.mohammed@bizintelapps.com'),
 (13,6,'print',20,'2008-09-26 02:32:15','intesar.mohammed@bizintelapps.com'),
 (14,6,'computer',20,'2008-09-26 02:32:16','intesar.mohammed@bizintelapps.com'),
 (15,7,'print color',0,'2008-10-03 12:53:01','hurricane_hasan@yahoo.com'),
 (16,7,'scan',0,'2008-10-03 12:53:01','hurricane_hasan@yahoo.com'),
 (17,7,'print b&w',0,'2008-10-03 12:53:01','hurricane_hasan@yahoo.com'),
 (18,7,'cool drink',0,'2008-10-03 12:53:01','hurricane_hasan@yahoo.com'),
 (19,7,'other',0,'2008-10-03 12:53:01','hurricane_hasan@yahoo.com'),
 (20,7,'copy b&w',0,'2008-10-03 12:53:01','hurricane_hasan@yahoo.com'),
 (21,7,'computer',0,'2008-10-03 12:53:01','hurricane_hasan@yahoo.com'),
 (22,8,'scan',0,'2008-10-07 23:53:42','ahead@gmail.com'),
 (23,8,'copy b&w',0,'2008-10-07 23:53:42','ahead@gmail.com'),
 (24,8,'cool drink',0,'2008-10-07 23:53:42','ahead@gmail.com'),
 (25,8,'print b&w',0,'2008-10-07 23:53:42','ahead@gmail.com'),
 (26,8,'print color',0,'2008-10-07 23:53:42','ahead@gmail.com'),
 (27,8,'airtel racharge ',0,'2008-10-07 23:53:42','ahead@gmail.com'),
 (28,8,'computer',0,'2008-10-07 23:53:42','ahead@gmail.com'),
 (29,8,'copy b&w',0,'2008-10-08 00:02:16','ahead@gmail.com'),
 (30,9,'scan',0,'2008-10-08 01:28:43','ahead@gmail.com'),
 (31,9,'copy b&w',0,'2008-10-08 01:28:43','ahead@gmail.com'),
 (32,9,'cool drink',0,'2008-10-08 01:28:43','ahead@gmail.com'),
 (33,9,'print b&w',0,'2008-10-08 01:28:43','ahead@gmail.com'),
 (34,9,'print color',0,'2008-10-08 01:28:43','ahead@gmail.com'),
 (35,9,'airtel racharge ',0,'2008-10-08 01:28:43','ahead@gmail.com'),
 (36,9,'computer',0,'2008-10-08 01:28:43','ahead@gmail.com');
/*!40000 ALTER TABLE `membership_discounts` ENABLE KEYS */;


--
-- Definition of table `membership_types`
--

DROP TABLE IF EXISTS `membership_types`;
CREATE TABLE `membership_types` (
  `id` int(10) unsigned NOT NULL auto_increment,
  `name` varchar(45) NOT NULL,
  `organization` varchar(45) NOT NULL,
  `fee` double NOT NULL,
  `days_valid_for` int(10) unsigned NOT NULL,
  `create_date` datetime NOT NULL,
  `create_user` varchar(45) NOT NULL,
  PRIMARY KEY  (`id`),
  UNIQUE KEY `Index_3` (`organization`,`name`),
  KEY `Index_2` (`name`),
  CONSTRAINT `FK_membership_types_1` FOREIGN KEY (`organization`) REFERENCES `organization` (`name`)
) ENGINE=InnoDB AUTO_INCREMENT=10 DEFAULT CHARSET=latin1;

--
-- Dumping data for table `membership_types`
--

/*!40000 ALTER TABLE `membership_types` DISABLE KEYS */;
INSERT INTO `membership_types` (`id`,`name`,`organization`,`fee`,`days_valid_for`,`create_date`,`create_user`) VALUES 
 (5,'silver','my cafe',100,90,'2008-09-24 14:19:54','intesar.mohammed@bizintelapps.com'),
 (6,'gold','my cafe',200,365,'2008-09-26 02:32:13','intesar.mohammed@bizintelapps.com'),
 (7,'hasan','zrk zone',100,30,'2008-10-03 12:53:01','hurricane_hasan@yahoo.com'),
 (8,'silver','ahead',100,30,'2008-10-07 23:53:41','ahead@gmail.com'),
 (9,'gold','ahead',150,45,'2008-10-08 01:28:43','ahead@gmail.com');
/*!40000 ALTER TABLE `membership_types` ENABLE KEYS */;


--
-- Definition of table `memberships`
--

DROP TABLE IF EXISTS `memberships`;
CREATE TABLE `memberships` (
  `id` int(10) unsigned NOT NULL auto_increment,
  `organization` varchar(45) NOT NULL,
  `membership_type` int(10) unsigned NOT NULL,
  `start_date` datetime NOT NULL,
  `expiration_date` datetime NOT NULL,
  `create_user` varchar(45) NOT NULL,
  `create_date` datetime NOT NULL,
  `email` varchar(45) NOT NULL,
  `is_active` tinyint(1) unsigned NOT NULL default '1',
  `membership_type_name` varchar(45) default NULL,
  PRIMARY KEY  (`id`),
  KEY `Index_2` (`organization`),
  KEY `Index_5` (`membership_type`,`organization`),
  KEY `Index_6` (`expiration_date`),
  KEY `Index_4` (`organization`),
  CONSTRAINT `FK_memberships_1` FOREIGN KEY (`organization`) REFERENCES `organization` (`name`),
  CONSTRAINT `FK_memberships_3` FOREIGN KEY (`membership_type`) REFERENCES `membership_types` (`id`)
) ENGINE=InnoDB AUTO_INCREMENT=11 DEFAULT CHARSET=latin1;

--
-- Dumping data for table `memberships`
--

/*!40000 ALTER TABLE `memberships` DISABLE KEYS */;
INSERT INTO `memberships` (`id`,`organization`,`membership_type`,`start_date`,`expiration_date`,`create_user`,`create_date`,`email`,`is_active`,`membership_type_name`) VALUES 
 (8,'my cafe',6,'2008-09-26 03:12:07','2009-09-26 03:12:07','intesar.mohammed@bizintelapps.com','2008-09-26 03:12:07','mdshannan@gmail.com',1,'gold'),
 (9,'ahead',8,'2008-10-08 00:07:14','2008-11-07 00:07:14','ahead@gmail.com','2008-10-08 00:07:14','start@gmail.com',1,'silver'),
 (10,'ahead',8,'2008-10-08 01:23:28','2008-11-07 01:23:28','ahead@gmail.com','2008-10-08 01:23:28','ali.mukarram@gmail.com',1,'silver');
/*!40000 ALTER TABLE `memberships` ENABLE KEYS */;


--
-- Definition of table `organization`
--

DROP TABLE IF EXISTS `organization`;
CREATE TABLE `organization` (
  `name` varchar(45) NOT NULL,
  `enabled` tinyint(3) unsigned NOT NULL default '1',
  `street` varchar(45) default NULL,
  `city` varchar(45) default 'hyderabad',
  `state_` varchar(45) default 'ap',
  `zipcode` varchar(45) default NULL,
  `country` varchar(45) default 'india',
  `phone` varchar(45) default NULL,
  `contact_name` varchar(45) default 'DUMMY',
  `register_type` varchar(45) default 'trial',
  `register_date` varchar(45) default NULL,
  `contact_email` varchar(45) default NULL,
  `product_name` varchar(45) default 'cybercafemanager',
  `product_version` varchar(45) default '1.0',
  `licence_key` varchar(45) NOT NULL default 'trial',
  `amount_paid` double NOT NULL default '0',
  `expiration_date` date NOT NULL,
  `register_agent` varchar(45) default NULL,
  `create_agent` varchar(45) default NULL,
  `create_date` date default NULL,
  `timings` varchar(200) default NULL,
  `print_email` varchar(45) default NULL,
  PRIMARY KEY  (`name`)
) ENGINE=InnoDB DEFAULT CHARSET=latin1;

--
-- Dumping data for table `organization`
--

/*!40000 ALTER TABLE `organization` DISABLE KEYS */;
INSERT INTO `organization` (`name`,`enabled`,`street`,`city`,`state_`,`zipcode`,`country`,`phone`,`contact_name`,`register_type`,`register_date`,`contact_email`,`product_name`,`product_version`,`licence_key`,`amount_paid`,`expiration_date`,`register_agent`,`create_agent`,`create_date`,`timings`,`print_email`) VALUES 
 ('',1,NULL,'','',NULL,'',NULL,NULL,'india',NULL,'','','Silver Member','ccm',0,'2008-09-22',NULL,'self',NULL,NULL,NULL),
 ('21.com',1,NULL,'hyd','pooja21polo@yahoo.com',NULL,'hyd',NULL,NULL,'india',NULL,'pooja21polo@yahoo.com','pooja21polo@yahoo.com','Silver Member','ccm',0,'2008-10-05',NULL,'self',NULL,NULL,NULL),
 ('21.com internet',1,NULL,'hyd','pooja21polo@yahoo.om',NULL,'hyd',NULL,NULL,'india',NULL,'pooja21polo@yahoo.om','pooja21polo@yahoo.om','Silver Member','ccm',0,'2008-10-05',NULL,'self',NULL,NULL,NULL),
 ('21.com internets',1,NULL,'hyd','mkazam@yahoo.com',NULL,'hyd',NULL,NULL,'india',NULL,'mkazam@yahoo.com','mkazam@yahoo.com','Silver Member','ccm',0,'2008-10-05',NULL,'self',NULL,NULL,NULL),
 ('ahead',1,'','hyd','ahead@gmail.com','500028','hyd','','','india','','ahead@gmail.com','ahead@gmail.com','silver member','ccm',0,'2008-10-05','','self',NULL,NULL,NULL),
 ('akram',1,NULL,'hyd','akram.zahid@bizintelapps.com',NULL,'hyd',NULL,NULL,'india',NULL,'akram.zahid@bizintelapps.com','akram.zahid@bizintelapps.com','Silver Member','ccm',0,'2008-09-29',NULL,'self',NULL,NULL,NULL),
 ('all india corporation',1,NULL,'hyd','allindia@allindia.com',NULL,'hyd',NULL,NULL,'india',NULL,'allindia@allindia.com','allindia@allindia.com','Silver Member','ccm',0,'2008-09-17',NULL,'self',NULL,NULL,NULL),
 ('apolokk',1,NULL,'hyd','intesar.mohammed@bizintelapps.com',NULL,'hyd',NULL,NULL,'india',NULL,'intesar.mohammed@bizintelapps.com','intesar.mohammed@bizintelapps.com','Silver Member','ccm',0,'2008-09-27',NULL,'self',NULL,NULL,NULL),
 ('arran computers',1,NULL,'hyd','arrancomputers@yahoo.com',NULL,'hyd',NULL,NULL,'india',NULL,'arrancomputers@yahoo.com','arrancomputers@yahoo.com','Silver Member','ccm',0,'2008-10-05',NULL,'self',NULL,NULL,NULL),
 ('b',1,NULL,'hyd','b@d.com',NULL,'hyd',NULL,NULL,'india',NULL,'b@d.com','b@d.com','Silver Member','ccm',0,'2008-09-30',NULL,'self',NULL,NULL,NULL),
 ('bia',1,NULL,'hyd','bizintelapps@bia.com',NULL,'hyd',NULL,NULL,'india',NULL,'bizintelapps@bia.com','bizintelapps@bia.com','Silver Member','ccm',0,'2008-10-04',NULL,'self',NULL,NULL,NULL),
 ('bizintelapps',1,NULL,'hyd','1intesar.mohammed@bizintelapps.com',NULL,'hyd',NULL,NULL,'india',NULL,'a@a.com','1intesar.mohammed@bizintelapps.com','Silver Member','ccm',0,'2008-09-15',NULL,'self',NULL,NULL,NULL),
 ('bizintelapps.com',1,'','hyd','intesar.mohammed@bizintelapps.com','','hyd','','','india',NULL,'mohdshannan@yahoo.com','intesar.mohammed@bizintelapps.com','Silver Member','ccm',0,'2008-09-15',NULL,'self',NULL,NULL,NULL),
 ('bizintelapps1',1,NULL,'hyd','info@bizintelapps.com',NULL,'hyd',NULL,NULL,'india',NULL,'info@bizintelapps.com','info@bizintelapps.com','Silver Member','ccm',0,'2008-09-17',NULL,'self',NULL,NULL,NULL),
 ('ccmb cybber cafe',1,NULL,'hyd','sohail_simple@yahoo.com',NULL,'hyd',NULL,NULL,'india',NULL,'sohail_simple@yahoo.com','sohail_simple@yahoo.com','Silver Member','ccm',0,'2008-10-05',NULL,'self',NULL,NULL,NULL),
 ('cyber',1,NULL,'hyd','dsldklkads@yahoo.com',NULL,'hyd',NULL,NULL,'india',NULL,'dsldklkads@yahoo.com','dsldklkads@yahoo.com','Silver Member','ccm',0,'2008-10-05',NULL,'self',NULL,NULL,NULL),
 ('cyber park',1,NULL,'hyd','srinivasarao_m1980@yahoo.com',NULL,'hyd',NULL,NULL,'india',NULL,'srinivasarao_m1980@yahoo.com','srinivasarao_m1980@yahoo.com','Silver Member','ccm',0,'2008-10-03',NULL,'self',NULL,NULL,NULL),
 ('cyber world',1,NULL,'hyd','rocky_wind@yahoo.com',NULL,'hyd',NULL,NULL,'india',NULL,'rocky_wind@yahoo.com','rocky_wind@yahoo.com','Silver Member','ccm',0,'2008-10-08',NULL,'self',NULL,NULL,NULL),
 ('democafe',1,NULL,'hyd','demo@bizintelapps.com',NULL,'hyd',NULL,NULL,'india',NULL,'demo@bizintelapps.com','demo@bizintelapps.com','Silver Member','ccm',0,'2008-09-29',NULL,'self',NULL,NULL,NULL),
 ('h',1,NULL,'h','j',NULL,'h',NULL,NULL,'india',NULL,'j','j','Silver Member','ccm',0,'2008-09-22',NULL,'self',NULL,NULL,NULL),
 ('k',1,NULL,'hyd','khajakms@bizintelapps.com',NULL,'hyd',NULL,NULL,'india',NULL,'khajakms@bizintelapps.com','khajakms@bizintelapps.com','Silver Member','ccm',0,'2008-09-29',NULL,'self',NULL,NULL,NULL),
 ('kingcobra',1,'tolicowhki','hyd','ap','500006','hyd','9885494619','faraz','india','','khan.faraz@bizintelapps.com','khan.faraz@bizintelapps.com','silver member','ccm',0,'2008-10-04','','self',NULL,NULL,NULL),
 ('kljl',1,NULL,'lkjlk','lkjlk',NULL,'lkjlk',NULL,NULL,'india',NULL,'lkjlk','lkjlk','Silver Member','ccm',0,'2008-09-22',NULL,'self',NULL,NULL,NULL),
 ('lll',1,NULL,'kkk','kkk',NULL,'kkk',NULL,NULL,'india',NULL,'kkk','kkk','Silver Member','ccm',0,'2008-09-22',NULL,'self',NULL,NULL,NULL),
 ('mmm',1,NULL,'hyd','mm@gmail.com',NULL,'hyd',NULL,NULL,'india',NULL,'mm@gmail.com','mm@gmail.com','Silver Member','ccm',0,'2008-10-06',NULL,'self',NULL,NULL,NULL),
 ('my cafe',1,NULL,'hyd','intesar.mohammed@bizintelapps.com',NULL,'hyd',NULL,NULL,'india',NULL,'intesar.mohammed@bizintelapps.com','intesar.mohammed@bizintelapps.com','Silver Member','ccm',0,'2008-09-22',NULL,'self',NULL,NULL,NULL),
 ('mycafe1',1,NULL,'hyd','mdshannan@gawab.com',NULL,'hyd',NULL,NULL,'india',NULL,'mdshannan@gawab.com','mdshannan@gawab.com','Silver Member','ccm',0,'2008-10-02',NULL,'self',NULL,NULL,NULL),
 ('shannan cafe',1,NULL,'hyd','mdshannan1@gawab.com',NULL,'hyd',NULL,NULL,'india',NULL,'mdshannan1@gawab.com','mdshannan1@gawab.com','Silver Member','ccm',0,'2008-10-05',NULL,'self',NULL,NULL,NULL),
 ('shannan6',1,NULL,'hyd','mdshannan@gmail.com',NULL,'hyd',NULL,NULL,'india',NULL,'mdshannan@gmail.com','mdshannan@gmail.com','Silver Member','ccm',0,'2008-10-07',NULL,'self',NULL,NULL,NULL),
 ('shubh',1,NULL,'hyd','shubh.cafe@gmail.com',NULL,'hyd',NULL,NULL,'india',NULL,'shubh.cafe@gmail.com','shubh.cafe@gmail.com','Silver Member','ccm',0,'2008-10-03',NULL,'self',NULL,NULL,NULL),
 ('test',1,NULL,'hyd','intesar@ymail.com',NULL,'hyd',NULL,NULL,'india',NULL,'intesar@ymail.com','intesar@ymail.com','Silver Member','ccm',0,'2008-09-27',NULL,'self',NULL,NULL,NULL),
 ('test2',1,NULL,'hyd','info1@bizintelapps.com',NULL,'hyd',NULL,NULL,'india',NULL,'info1@bizintelapps.com','info1@bizintelapps.com','Silver Member','ccm',0,'2008-09-22',NULL,'self',NULL,NULL,NULL),
 ('test666',1,NULL,'hyd','test666@bizintelapps.com',NULL,'hyd',NULL,NULL,'india',NULL,'test666@bizintelapps.com','test666@bizintelapps.com','Silver Member','ccm',0,'2008-10-08',NULL,'self',NULL,NULL,NULL),
 ('test999',1,NULL,'hyd','test999@bizintelapps.com',NULL,'hyd',NULL,NULL,'india',NULL,'test999@bizintelapps.com','test999@bizintelapps.com','Silver Member','ccm',0,'2008-10-07',NULL,'self',NULL,NULL,NULL),
 ('zrk zone',1,NULL,'hyd','hurricane_hasan@yahoo.com',NULL,'hyd',NULL,NULL,'india',NULL,'hurricane_hasan@yahoo.com','hurricane_hasan@yahoo.com','Silver Member','ccm',0,'2008-10-03',NULL,'self',NULL,NULL,NULL);
/*!40000 ALTER TABLE `organization` ENABLE KEYS */;


--
-- Definition of table `services`
--

DROP TABLE IF EXISTS `services`;
CREATE TABLE `services` (
  `name` varchar(45) NOT NULL,
  `unit_price` double NOT NULL,
  `description` varchar(45) default NULL,
  `organization` varchar(45) NOT NULL,
  `id` int(10) unsigned NOT NULL auto_increment,
  PRIMARY KEY  (`id`),
  UNIQUE KEY `Index_2` (`name`,`organization`)
) ENGINE=InnoDB AUTO_INCREMENT=384 DEFAULT CHARSET=latin1;

--
-- Dumping data for table `services`
--

/*!40000 ALTER TABLE `services` DISABLE KEYS */;
INSERT INTO `services` (`name`,`unit_price`,`description`,`organization`,`id`) VALUES 
 ('other',1,NULL,'apolokk',231),
 ('Cool Drink',10,NULL,'apolokk',232),
 ('Scan',5,NULL,'apolokk',233),
 ('Print B&W',3,NULL,'apolokk',234),
 ('Print Color',5,NULL,'apolokk',235),
 ('Copy B&W',1,NULL,'apolokk',236),
 ('Print Color',5,NULL,'test',237),
 ('other',1,NULL,'test',238),
 ('Copy B&W',1,NULL,'test',239),
 ('Cool Drink',10,NULL,'test',240),
 ('Print B&W',3,NULL,'test',241),
 ('Scan',5,NULL,'test',242),
 ('scan',5,NULL,'democafe',243),
 ('other',1,NULL,'democafe',244),
 ('cool drink',10,NULL,'democafe',245),
 ('print b&w',3,NULL,'democafe',246),
 ('print color',5,NULL,'democafe',247),
 ('copy b&w',1,NULL,'democafe',248),
 ('other',1,NULL,'b',249),
 ('scan',5,NULL,'b',250),
 ('print b&w',3,NULL,'b',251),
 ('copy b&w',1,NULL,'b',252),
 ('print color',5,NULL,'b',253),
 ('cool drink',10,NULL,'b',254),
 ('biscuits',14,NULL,'b',255),
 ('copy b&w',1,NULL,'k',256),
 ('print color',5,NULL,'k',257),
 ('cool drink',10,NULL,'k',258),
 ('print b&w',3,NULL,'k',259),
 ('scan',5,NULL,'k',260),
 ('other',1,NULL,'k',261),
 ('scan',5,NULL,'akram',262),
 ('cool drink',10,NULL,'akram',263),
 ('other',1,NULL,'akram',264),
 ('print color',5,NULL,'akram',265),
 ('print b&w',3,NULL,'akram',266),
 ('copy b&w',1,NULL,'akram',267),
 ('copy b&w',1,NULL,'mycafe1',268),
 ('print color',5,NULL,'mycafe1',269),
 ('scan',5,NULL,'mycafe1',270),
 ('cool drink',10,NULL,'mycafe1',271),
 ('print b&w',3,NULL,'mycafe1',272),
 ('other',1,NULL,'mycafe1',273),
 ('print color',5,NULL,'zrk zone',274),
 ('scan',5,NULL,'zrk zone',275),
 ('print b&w',3,NULL,'zrk zone',276),
 ('cool drink',10,NULL,'zrk zone',277),
 ('other',1,NULL,'zrk zone',278),
 ('copy b&w',1,NULL,'zrk zone',279),
 ('other',1,NULL,'cyber park',280),
 ('print b&w',3,NULL,'cyber park',281),
 ('print color',5,NULL,'cyber park',282),
 ('scan',5,NULL,'cyber park',283),
 ('cool drink',10,NULL,'cyber park',284),
 ('copy b&w',1,NULL,'cyber park',285),
 ('print b&w',3,NULL,'shubh',286),
 ('cool drink',10,NULL,'shubh',287),
 ('other',1,NULL,'shubh',288),
 ('copy b&w',1,NULL,'shubh',289),
 ('print color',5,NULL,'shubh',290),
 ('scan',5,NULL,'shubh',291),
 ('cool drink',10,NULL,'kingcobra',292),
 ('scan',5,NULL,'kingcobra',294),
 ('print color',5,NULL,'kingcobra',295),
 ('print b&w',3,NULL,'kingcobra',296),
 ('other',1,NULL,'kingcobra',297),
 ('copy b&w',1,NULL,'bia',298),
 ('other',1,NULL,'bia',299),
 ('cool drink',10,NULL,'bia',300),
 ('scan',5,NULL,'bia',301),
 ('print b&w',3,NULL,'bia',302),
 ('print color',5,NULL,'bia',303),
 ('hutch',10,NULL,'kingcobra',304),
 ('print b&w',3,NULL,'arran computers',305),
 ('other',1,NULL,'arran computers',306),
 ('cool drink',10,NULL,'arran computers',307),
 ('print color',5,NULL,'arran computers',308),
 ('copy b&w',1,NULL,'arran computers',309),
 ('scan',5,NULL,'arran computers',310),
 ('scan',5,NULL,'ahead',311),
 ('copy b&w',1.5,NULL,'ahead',312),
 ('cool drink',10,NULL,'ahead',313),
 ('print b&w',3,NULL,'ahead',314),
 ('print color',5,NULL,'ahead',316),
 ('airtel racharge ',10,NULL,'ahead',317),
 ('other',1,NULL,'21.com',318),
 ('scan',5,NULL,'21.com',319),
 ('print b&w',3,NULL,'21.com',320),
 ('cool drink',10,NULL,'21.com',321),
 ('copy b&w',1,NULL,'21.com',322),
 ('print color',5,NULL,'21.com',323),
 ('cool drink',10,NULL,'cyber',324),
 ('scan',5,NULL,'cyber',325),
 ('copy b&w',1,NULL,'cyber',326),
 ('print b&w',3,NULL,'cyber',327),
 ('other',1,NULL,'cyber',328),
 ('print color',5,NULL,'cyber',329),
 ('print b&w',3,NULL,'ccmb cybber cafe',330),
 ('cool drink',10,NULL,'ccmb cybber cafe',331),
 ('print color',5,NULL,'ccmb cybber cafe',332),
 ('copy b&w',1,NULL,'ccmb cybber cafe',333),
 ('other',1,NULL,'ccmb cybber cafe',334),
 ('scan',5,NULL,'ccmb cybber cafe',335),
 ('scan',5,NULL,'21.com internet',336),
 ('cool drink',10,NULL,'21.com internet',337),
 ('copy b&w',1,NULL,'21.com internet',338),
 ('other',1,NULL,'21.com internet',339),
 ('print b&w',3,NULL,'21.com internet',340),
 ('print color',5,NULL,'21.com internet',341),
 ('print b&w',3,NULL,'21.com internets',342),
 ('cool drink',10,NULL,'21.com internets',343),
 ('copy b&w',3,NULL,'21.com internets',344),
 ('other',10,NULL,'21.com internets',345),
 ('scan',10,NULL,'21.com internets',346),
 ('print col',10,NULL,'21.com internets',347),
 ('scan',5,NULL,'shannan cafe',348),
 ('copy b&w',1,NULL,'shannan cafe',349),
 ('print b&w',3,NULL,'shannan cafe',350),
 ('cool drink',10,NULL,'shannan cafe',351),
 ('print color',5,NULL,'shannan cafe',352),
 ('other',1,NULL,'shannan cafe',353),
 ('print color',5,NULL,'mmm',354),
 ('copy b&w',1,NULL,'mmm',355),
 ('print b&w',3,NULL,'mmm',356),
 ('scan',5,NULL,'mmm',357),
 ('other',1,NULL,'mmm',358),
 ('cool drink',10,NULL,'mmm',359),
 ('other',1,NULL,'test999',360),
 ('copy b&w',1,NULL,'test999',361),
 ('print color',5,NULL,'test999',362),
 ('print b&w',3,NULL,'test999',363),
 ('cool drink',10,NULL,'test999',364),
 ('scan',5,NULL,'test999',365),
 ('cool drink',10,NULL,'shannan6',366),
 ('copy b&w',1,NULL,'shannan6',367),
 ('scan',5,NULL,'shannan6',368),
 ('print b&w',3,NULL,'shannan6',369),
 ('other',1,NULL,'shannan6',370),
 ('print color',5,NULL,'shannan6',371),
 ('other',1,NULL,'cyber world',372),
 ('cool drink',10,NULL,'cyber world',373),
 ('copy b&w',1,NULL,'cyber world',374),
 ('print b&w',3,NULL,'cyber world',375),
 ('scan',5,NULL,'cyber world',376),
 ('print color',5,NULL,'cyber world',377),
 ('print color',5,NULL,'test666',378),
 ('cool drink',10,NULL,'test666',379),
 ('scan',5,NULL,'test666',380),
 ('copy b&w',1,NULL,'test666',381),
 ('print b&w',3,NULL,'test666',382),
 ('other',1,NULL,'test666',383);
/*!40000 ALTER TABLE `services` ENABLE KEYS */;


--
-- Definition of table `system_lease`
--

DROP TABLE IF EXISTS `system_lease`;
CREATE TABLE `system_lease` (
  `id` int(10) unsigned NOT NULL auto_increment,
  `lease_holder_name` varchar(45) default NULL,
  `start_time` datetime NOT NULL,
  `end_time` datetime default NULL,
  `payable_amount` double default NULL,
  `amount_paid` double default NULL,
  `issue_agent` varchar(45) NOT NULL,
  `return_agent` varchar(45) default NULL,
  `total_minutes_used` double default NULL,
  `system` int(10) unsigned NOT NULL,
  `is_finished` tinyint(1) NOT NULL default '0',
  `service` varchar(45) default NULL,
  `system_no` int(10) unsigned default NULL,
  `is_start_contract_notified` tinyint(3) unsigned default '0',
  `is_end_contract_notified` tinyint(3) unsigned default '0',
  `discounts` double default NULL,
  `comments` varchar(150) default NULL,
  PRIMARY KEY  (`id`),
  KEY `FK_system_lease_1` (`system`)
) ENGINE=InnoDB AUTO_INCREMENT=405 DEFAULT CHARSET=latin1;

--
-- Dumping data for table `system_lease`
--

/*!40000 ALTER TABLE `system_lease` DISABLE KEYS */;
INSERT INTO `system_lease` (`id`,`lease_holder_name`,`start_time`,`end_time`,`payable_amount`,`amount_paid`,`issue_agent`,`return_agent`,`total_minutes_used`,`system`,`is_finished`,`service`,`system_no`,`is_start_contract_notified`,`is_end_contract_notified`,`discounts`,`comments`) VALUES 
 (327,'intesar@ymail.com','2008-09-27 02:27:24','2008-09-27 02:28:18',0,0,'intesar@ymail.com','intesar@ymail.com',0,2067,1,'computer 1',1,1,1,0,'You received 0.0% Discount'),
 (328,'intesar@ymail.com','2008-09-27 02:28:14','2008-09-27 02:28:18',9,9,'intesar@ymail.com','intesar@ymail.com',9,2067,1,'other',NULL,1,1,0,'You received 0.0% Discount'),
 (329,'intesar@ymail.com','2008-09-29 17:51:17','2008-09-29 17:51:25',0,0,'demo@bizintelapps.com','demo@bizintelapps.com',0,2090,1,'computer 1',1,1,1,0,'You received 0.0% Discount'),
 (330,'mohdshannan@yahoo.com','2008-09-29 17:52:07','2008-10-02 21:44:03',1520,NULL,'demo@bizintelapps.com',NULL,4551,2109,0,'computer 4',4,1,1,0,'You received 0.0% Discount'),
 (331,'q@q.com','2008-09-30 06:43:28','2008-09-30 07:56:07',20,20,'b@d.com','b@d.com',72,2161,1,'computer 1',1,1,1,0,'You received 0.0% Discount'),
 (332,'z@z.com','2008-09-30 07:56:48','2008-09-30 07:58:19',10,10,'b@d.com','b@d.com',1,2169,1,'computer 2',2,1,1,0,'You received 0.0% Discount'),
 (333,'z@z.com','2008-09-30 07:58:01','2008-09-30 07:58:19',60,60,'b@d.com','b@d.com',6,2169,1,'cool drink',NULL,1,1,0,'You received 0.0% Discount'),
 (334,'b@b.com','2008-09-29 13:10:21','2008-10-03 14:04:41',970,NULL,'khajakms@bizintelapps.com',NULL,5814,2197,0,'computer 1',1,1,1,0,'You received 0.0% Discount'),
 (335,'ali1983j@gmail.com','2008-10-01 20:20:49','2008-10-02 12:28:23',3250,3250,'intesar.mohammed@bizintelapps.com','intesar.mohammed@bizintelapps.com',967,2004,1,'computer 1',1,1,1,0,'You received 0.0% Discount'),
 (336,'ali1983j@gmail.com','2008-10-01 20:21:25','2008-10-02 12:28:23',10,10,'intesar.mohammed@bizintelapps.com','intesar.mohammed@bizintelapps.com',1,2004,1,'Cool Drink',NULL,1,1,0,'You received 0.0% Discount'),
 (337,'Walkin Customer','2008-10-02 12:28:37','2008-10-02 12:28:37',10,10,'intesar.mohammed@bizintelapps.com','intesar.mohammed@bizintelapps.com',2,2004,1,'Print Col',NULL,1,1,NULL,NULL),
 (338,'Walkin Customer','2008-10-02 12:50:14','2008-10-02 12:50:14',10,10,'intesar.mohammed@bizintelapps.com','intesar.mohammed@bizintelapps.com',1,2004,1,'Cool Drink',NULL,1,1,NULL,NULL),
 (339,'mohdshannan@yahoo.com','2008-10-02 21:44:03','2008-10-02 21:44:03',40,NULL,'demo@bizintelapps.com',NULL,8,2109,0,'scan',NULL,1,1,0,'You received 0.0% Discount'),
 (340,'zrk.khan@yahoo.com','2008-10-03 12:13:15','2008-10-03 12:55:45',20,20,'hurricane_hasan@yahoo.com','hurricane_hasan@yahoo.com',42,2387,1,'computer 1',1,1,1,0,'You received 0.0% Discount'),
 (341,'zaryab.khan@yahoo.com','2008-10-03 12:13:48','2008-10-03 12:55:33',20,20,'hurricane_hasan@yahoo.com','hurricane_hasan@yahoo.com',41,2376,1,'computer 2',2,1,1,0,'You received 0.0% Discount'),
 (342,'zrk.khan@yahoo.com','2008-10-03 12:14:24','2008-10-03 12:55:45',25,25,'hurricane_hasan@yahoo.com','hurricane_hasan@yahoo.com',5,2387,1,'print col',NULL,1,1,0,'You received 0.0% Discount'),
 (343,'d@d.com','2008-10-03 14:03:58','2008-10-03 14:04:23',0,NULL,'khajakms@bizintelapps.com',NULL,0,2194,0,'computer 2',2,1,1,0,'You received 0.0% Discount'),
 (344,'d@d.com','2008-10-03 14:04:22','2008-10-03 14:04:22',20,NULL,'khajakms@bizintelapps.com',NULL,4,2194,0,'print col',NULL,1,1,0,'You received 0.0% Discount'),
 (345,'b@b.com','2008-10-03 14:04:41','2008-10-03 14:04:41',25,NULL,'khajakms@bizintelapps.com',NULL,5,2197,0,'print col',NULL,1,1,0,'You received 0.0% Discount'),
 (346,'zrk.khan@hotmail.com','2008-10-03 21:48:38','2008-10-06 00:12:24',1010,1010,'hurricane_hasan@yahoo.com','hurricane_hasan@yahoo.com',3023,2387,1,'computer 1',1,1,1,0,'You received 0.0% Discount'),
 (347,'intesar.mohammed@bizintelapp.com','2008-10-04 18:01:04','2008-10-04 18:23:03',10,10,'khan.faraz@bizintelapps.com','khan.faraz@bizintelapps.com',21,2535,1,'computer 1',1,1,1,0,'You received 0.0% Discount'),
 (348,'immtal_soul11@yahoo.com','2008-10-04 18:01:47','2008-10-04 18:42:31',25,25,'khan.faraz@bizintelapps.com','khan.faraz@bizintelapps.com',40,2510,1,'computer 2',2,1,1,0,'You received 0.0% Discount'),
 (349,'intesar.mohammed@bizintelapp.com','2008-10-04 18:09:02','2008-10-04 18:42:40',25,25,'khan.faraz@bizintelapps.com','khan.faraz@bizintelapps.com',33,2491,1,'computer 3',3,1,1,0,'You received 0.0% Discount'),
 (350,'intesar.mohammed@bizintelapp.com','2008-10-04 18:15:23','2008-10-04 18:23:03',5,5,'khan.faraz@bizintelapps.com','khan.faraz@bizintelapps.com',1,2535,1,'scan',NULL,1,1,0,'You received 0.0% Discount'),
 (351,'intesar.mohammed@bizintelapp.com','2008-10-04 18:15:57','2008-10-04 18:23:03',25,25,'khan.faraz@bizintelapps.com','khan.faraz@bizintelapps.com',5,2535,1,'print col',NULL,1,1,0,'You received 0.0% Discount'),
 (352,'farazkhan1123@gmail.com','2008-10-04 18:18:57','2008-10-04 18:42:55',20,20,'shayan.khan@yahoo.com','khan.faraz@bizintelapps.com',23,2528,1,'computer 4',4,1,1,0,'You received 0.0% Discount'),
 (353,'rockingprince@yahoo.co.in','2008-10-04 18:34:38','2008-10-04 19:16:28',20,20,'khan.faraz@bizintelapps.com','khan.faraz@bizintelapps.com',41,2506,1,'computer 5',5,1,1,0,'You received 0.0% Discount'),
 (354,'rockingprince@yahoo.co.in','2008-10-04 18:43:25','2008-10-04 19:16:28',10,10,'khan.faraz@bizintelapps.com','khan.faraz@bizintelapps.com',1,2506,1,'hutch',NULL,1,1,0,'You received 0.0% Discount'),
 (355,'Walkin Customer','2008-10-04 18:45:22','2008-10-04 18:45:22',20,20,'khan.faraz@bizintelapps.com','khan.faraz@bizintelapps.com',2,2535,1,'hutch',NULL,1,1,NULL,NULL),
 (356,'rockingprince@yahoo.co.in','2008-10-04 18:57:28','2008-10-04 19:16:28',10,10,'shayan.khan@yahoo.com','khan.faraz@bizintelapps.com',2,2506,1,'scan',NULL,1,1,0,'You received 0.0% Discount'),
 (357,'intesar.mohammed@bizintelapps.com','2008-10-05 01:16:57','2008-10-05 19:40:53',3700,3700,'intesar.mohammed@bizintelapps.com','intesar.mohammed@bizintelapps.com',1103,2004,1,'computer 1',1,1,1,0,'You received 0.0% Discount'),
 (358,'intesar.mohammed@bizintelapps.com','2008-10-05 01:17:43','2008-10-05 19:40:53',20,20,'intesar.mohammed@bizintelapps.com','intesar.mohammed@bizintelapps.com',4,2004,1,'Scan',NULL,1,1,0,'You received 0.0% Discount'),
 (359,'mkazam@yahoo.com','2008-10-05 19:54:36','2008-10-05 20:00:37',11,11,'mkazam@yahoo.com','mkazam@yahoo.com',6,2935,1,'computer 1',1,1,1,0,'You received 0.0% Discount'),
 (360,'Walkin Customer','2008-10-05 19:55:50','2008-10-05 19:55:50',12,12,'mkazam@yahoo.com','mkazam@yahoo.com',4,2935,1,'print b&w',NULL,1,1,NULL,NULL),
 (361,'Walkin Customer','2008-10-05 20:16:26','2008-10-05 20:16:26',9,9,'mkazam@yahoo.com','mkazam@yahoo.com',3,2935,1,'print b&w',NULL,1,1,NULL,NULL),
 (362,'sohail_simple@yahoo.com','2008-10-05 20:39:05','2008-10-05 20:55:48',11,NULL,'mkazam@yahoo.com',NULL,16,2935,0,'computer 1',1,1,1,0,'You received 0.0% Discount'),
 (363,'salma@gmail.com','2008-10-05 20:52:46','2008-10-05 20:54:57',11,NULL,'mkazam@yahoo.com',NULL,2,2938,0,'computer 2',2,1,1,0,'You received 0.0% Discount'),
 (364,'salim@yhaoo.com','2008-10-05 20:54:48','2008-10-05 20:55:00',0,NULL,'mkazam@yahoo.com',NULL,0,2890,0,'computer 3',3,1,1,0,'You received 0.0% Discount'),
 (365,'info@bizintelapps.com','2008-10-05 22:10:32','2008-10-05 22:10:39',0,0,'intesar.mohammed@bizintelapps.com','intesar.mohammed@bizintelapps.com',0,2004,1,'computer 1',1,1,1,0,'You received 0.0% Discount'),
 (366,'intesar.mohammed@bizintelapps.com','2008-10-05 22:18:13','2008-10-06 03:03:08',950,950,'intesar.mohammed@bizintelapps.com','intesar.mohammed@bizintelapps.com',284,2004,1,'computer 1',1,1,1,0,'You received 0.0% Discount'),
 (367,'immortal_soul11@yahoo.com','2008-10-06 09:23:36','2008-10-06 11:01:39',40,NULL,'khan.faraz@bizintelapps.com',NULL,98,2535,0,'computer 1',1,1,1,0,'You received 0.0% Discount'),
 (368,'immortal_soul11@yahoo.com','2008-10-06 11:01:38','2008-10-06 11:01:38',5,NULL,'khan.faraz@bizintelapps.com',NULL,1,2535,0,'scan',NULL,1,1,0,'You received 0.0% Discount'),
 (369,'intesar@ymail.com','2008-10-06 21:06:13','2008-10-06 21:06:19',0,0,'intesar.mohammed@bizintelapps.com','intesar.mohammed@bizintelapps.com',0,2004,1,'computer 1',1,1,1,0,'You received 0.0% Discount'),
 (370,'mdshannan@ymail.com','2008-10-06 21:07:00','2008-10-07 12:00:30',3000,3000,'intesar.mohammed@bizintelapps.com','intesar.mohammed@bizintelapps.com',893,2004,1,'computer 1',1,1,1,0,'You received 0.0% Discount'),
 (371,'nehal.khan@yahoo.com','2008-10-07 17:01:29','2008-10-09 15:46:03',940,940,'hurricane_hasan@yahoo.com','hurricane_hasan@yahoo.com',2804,2387,1,'computer 1',1,1,1,0,'You received 0.0% Discount'),
 (372,'intesar.mohammed@bizintelapps.com','2008-10-07 19:18:04','2008-10-07 19:25:41',50,50,'intesar.mohammed@bizintelapps.com','intesar.mohammed@bizintelapps.com',7,2004,1,'computer 1',1,1,1,0,'You received 0.0% Discount'),
 (373,'intesar.mohammed@bizintelapps.com','2008-10-07 19:18:15','2008-10-07 19:25:41',20,20,'intesar.mohammed@bizintelapps.com','intesar.mohammed@bizintelapps.com',4,2004,1,'Scan',NULL,1,1,0,'You received 0.0% Discount'),
 (374,'intesar.mohammed@bizintelapps.com','2008-10-07 19:18:32','2008-10-07 19:25:41',8,8,'intesar.mohammed@bizintelapps.com','intesar.mohammed@bizintelapps.com',8,2004,1,'Copy B&W',NULL,1,1,0,'You received 0.0% Discount'),
 (375,'intesar.mohammed@bizintelapps.com','2008-10-07 19:26:33','2008-10-07 19:30:51',50,50,'intesar.mohammed@bizintelapps.com','intesar.mohammed@bizintelapps.com',4,2004,1,'computer 1',1,1,1,0,'You received 0.0% Discount'),
 (376,'ali.mukarram@bizintelapps.com','2008-10-07 23:40:05','2008-10-08 00:21:36',15,15,'ahead@gmail.com','ahead@gmail.com',41,2660,1,'computer 1',1,1,1,0,'You received 0.0% Discount'),
 (377,'ali.mukarram@bizintelapps.com','2008-10-08 00:00:00','2008-10-08 00:21:36',15,15,'ahead@gmail.com','ahead@gmail.com',3,2660,1,'scan',NULL,1,1,0,'You received 0.0% Discount'),
 (378,'ali.mukarram@bizintelapps.com','2008-10-08 00:03:16','2008-10-08 00:21:36',4.5,4.5,'ahead@gmail.com','ahead@gmail.com',3,2660,1,'copy b&w',NULL,1,1,0,'You received 0.0% Discount'),
 (379,'ali.mukarram@bizintelapps.com','2008-10-08 00:03:36','2008-10-08 00:21:36',1.5,1.5,'ahead@gmail.com','ahead@gmail.com',1,2660,1,'copy b&w',NULL,1,1,0,'You received 0.0% Discount'),
 (380,'start@gmail.com','2008-10-08 00:08:27','2008-10-08 01:05:29',15,15,'ahead@gmail.com','ahead@gmail.com',57,2643,1,'computer 2',2,1,1,0,'You received 0.0% Discount'),
 (381,'','2008-10-08 00:53:35','2008-10-08 00:53:35',25,25,'ahead@gmail.com','ahead@gmail.com',5,2660,1,'scan',NULL,1,1,NULL,NULL),
 (382,'','2008-10-08 00:53:52','2008-10-08 00:53:52',25,25,'ahead@gmail.com','ahead@gmail.com',5,2660,1,'scan',NULL,1,1,NULL,NULL),
 (383,'ali.mukarram@bizintelapps.com','2008-10-08 00:54:56','2008-10-08 01:09:07',10,10,'ahead@gmail.com','ahead@gmail.com',14,2660,1,'computer 1',1,1,1,0,'You received 0.0% Discount'),
 (384,'ali.mukarram@bizintelapps.com','2008-10-08 00:55:14','2008-10-08 01:09:07',4.5,4.5,'ahead@gmail.com','ahead@gmail.com',3,2660,1,'copy b&w',NULL,1,1,0,'You received 0.0% Discount'),
 (385,'mukarram.u@gmail.com','2008-10-08 01:02:22','2008-10-08 01:09:22',10,10,'ahead@gmail.com','ahead@gmail.com',7,2642,1,'computer 4',4,1,1,0,'You received 0.0% Discount'),
 (386,'ali.mukarram@bizintelapps.com','2008-10-08 01:03:10','2008-10-08 01:09:07',30,30,'ahead@gmail.com','ahead@gmail.com',3,2660,1,'cool drink',NULL,1,1,0,'You received 0.0% Discount'),
 (387,'start@gmail.com','2008-10-08 01:03:46','2008-10-08 01:05:29',30,30,'ahead@gmail.com','ahead@gmail.com',3,2643,1,'cool drink',NULL,1,1,0,'You received 0.0% Discount'),
 (388,'start@gmail.com','2008-10-08 01:39:43','2008-10-08 01:40:10',10,10,'ahead@gmail.com','ahead@gmail.com',0,2660,1,'computer 1',1,1,1,0,'You received 0.0% Discount'),
 (389,'start@gmail.com','2008-10-08 01:39:58','2008-10-08 01:40:10',18,18,'ahead@gmail.com','ahead@gmail.com',12,2660,1,'copy b&w',NULL,1,1,0,'You received 0.0% Discount'),
 (390,'dadasd@sdsad.com','2008-10-08 21:51:03',NULL,NULL,NULL,'mdshannan@gmail.com',NULL,NULL,3109,0,'computer 1',1,1,1,NULL,NULL),
 (391,'intesar.mohammed@bizintelapps.com','2008-10-08 17:56:39','2008-10-09 22:03:39',5650,5650,'intesar.mohammed@bizintelapps.com','intesar.mohammed@bizintelapps.com',1687,2004,1,'computer 1',1,1,1,0,'You received 0.0% Discount'),
 (392,'intesar.mohammed@bizintelapps.com','2008-10-10 00:02:43','2008-10-13 18:03:30',18000,18000,'intesar.mohammed@bizintelapps.com','intesar.mohammed@bizintelapps.com',5400,2004,1,'computer 1',1,1,1,0,'You received 0.0% Discount'),
 (393,'intesar.mohammed@bizintelapps.com','2008-10-13 19:45:08','2008-11-08 14:42:56',124000,124000,'intesar.mohammed@bizintelapps.com','intesar.mohammed@bizintelapps.com',37197,2004,1,'computer 1',1,1,1,0,'You received 0.0% Discount'),
 (394,'intesar.mohammed@bizintelapps.com','2008-11-08 14:43:05','2008-11-18 21:51:21',49450,49450,'intesar.mohammed@bizintelapps.com','intesar.mohammed@bizintelapps.com',14828,2004,1,'computer 1',1,1,1,0,'You received 0.0% Discount'),
 (395,'intesar.mohammed@bizintelapps.com','2008-11-08 14:43:16','2008-11-18 21:51:21',20,20,'intesar.mohammed@bizintelapps.com','intesar.mohammed@bizintelapps.com',2,2004,1,'Cool Drink',NULL,1,1,0,'You received 0.0% Discount'),
 (396,'intesar.mohammed@bizintelapps.com','2008-11-30 00:09:00','2008-11-30 01:22:55',250,NULL,'intesar.mohammed@bizintelapps.com',NULL,73,2004,0,'computer 1',1,1,0,0,'You received 0.0% Discount'),
 (397,'mdshannan@gmail.com','2008-11-30 00:15:48','2008-11-30 01:23:23',250,250,'intesar.mohammed@bizintelapps.com','intesar.mohammed@bizintelapps.com',67,2038,1,'computer 2',2,1,1,0,'You received 0.0% Discount'),
 (398,'intesar.mohammed@bizintelapps.com','2008-11-30 00:21:05','2008-11-30 00:21:05',90,NULL,'intesar.mohammed@bizintelapps.com',NULL,9,2004,0,'Cool Drink',NULL,1,0,0,'You received 0.0% Discount'),
 (399,'intesar.mohammed@bizintelapps.com','2008-11-30 00:28:26','2008-11-30 00:28:26',27,NULL,'intesar.mohammed@bizintelapps.com',NULL,9,2004,0,'Print B&W',NULL,1,0,0,'You received 0.0% Discount'),
 (400,'intesar.mohammed@bizintelapps.com','2008-11-30 00:28:37','2008-11-30 00:28:37',45,NULL,'intesar.mohammed@bizintelapps.com',NULL,9,2004,0,'Scan',NULL,1,0,0,'You received 0.0% Discount'),
 (401,'intesar.mohammed@bizintelapps.com','2008-11-30 00:30:07','2008-11-30 00:30:07',3,NULL,'intesar.mohammed@bizintelapps.com',NULL,1,2004,0,'Print B&W',NULL,1,0,0,'You received 0.0% Discount'),
 (402,'intesar.mohammed@bizintelapps.com','2008-11-30 00:35:30','2008-11-30 00:35:30',5,NULL,'intesar.mohammed@bizintelapps.com',NULL,1,2004,0,'Scan',NULL,1,0,0,'You received 0.0% Discount'),
 (403,'mdshannan@gmail.com','2008-11-30 00:38:34','2008-11-30 01:23:23',10,10,'intesar.mohammed@bizintelapps.com','intesar.mohammed@bizintelapps.com',2,2038,1,'Scan',NULL,1,1,0,'You received 0.0% Discount'),
 (404,'mdshannan@gmail.com','2008-11-30 01:11:58','2008-11-30 01:23:06',50,NULL,'intesar.mohammed@bizintelapps.com',NULL,11,2002,0,'computer 3',3,1,0,0,'You received 0.0% Discount');
/*!40000 ALTER TABLE `system_lease` ENABLE KEYS */;


--
-- Definition of table `systems`
--

DROP TABLE IF EXISTS `systems`;
CREATE TABLE `systems` (
  `id` int(10) unsigned NOT NULL auto_increment,
  `name` int(10) unsigned NOT NULL default '0',
  `organization` varchar(45) NOT NULL,
  `is_available` tinyint(1) NOT NULL default '1',
  `expected_free_time` timestamp NOT NULL default CURRENT_TIMESTAMP,
  `description` varchar(45) default NULL,
  `enabled` tinyint(1) NOT NULL default '1',
  `is_shutdown` tinyint(1) unsigned default '0',
  `create_user` varchar(45) default NULL,
  `create_date` date default NULL,
  `mac_address` varchar(45) NOT NULL,
  `ip_address` varchar(45) default NULL,
  `status_` varchar(45) default NULL,
  `comment` varchar(45) default NULL,
  `minimum_minutes` int(10) unsigned NOT NULL,
  `rate` double NOT NULL,
  `current_user_email` varchar(45) default '',
  `start_time` datetime default NULL,
  `lower_minimum_minutes` int(10) unsigned default NULL,
  `lower_rate` double default NULL,
  PRIMARY KEY  (`id`),
  KEY `Index_2` (`name`,`organization`),
  KEY `FK_systems_1` (`organization`),
  KEY `Index_4` (`mac_address`)
) ENGINE=InnoDB AUTO_INCREMENT=3239 DEFAULT CHARSET=latin1;

--
-- Dumping data for table `systems`
--

/*!40000 ALTER TABLE `systems` DISABLE KEYS */;
INSERT INTO `systems` (`id`,`name`,`organization`,`is_available`,`expected_free_time`,`description`,`enabled`,`is_shutdown`,`create_user`,`create_date`,`mac_address`,`ip_address`,`status_`,`comment`,`minimum_minutes`,`rate`,`current_user_email`,`start_time`,`lower_minimum_minutes`,`lower_rate`) VALUES 
 (1989,29,'apolokk',1,'2008-09-27 02:01:39',NULL,0,NULL,NULL,NULL,'apolokk29',NULL,NULL,NULL,15,50,NULL,NULL,NULL,NULL),
 (1990,19,'apolokk',1,'2008-09-27 02:01:39',NULL,0,NULL,NULL,NULL,'apolokk19',NULL,NULL,NULL,15,50,NULL,NULL,NULL,NULL),
 (1991,13,'apolokk',1,'2008-09-27 02:01:39',NULL,0,NULL,NULL,NULL,'apolokk13',NULL,NULL,NULL,15,50,NULL,NULL,NULL,NULL),
 (1992,49,'apolokk',1,'2008-09-27 02:01:39',NULL,0,NULL,NULL,NULL,'apolokk49',NULL,NULL,NULL,15,50,NULL,NULL,NULL,NULL),
 (1993,27,'apolokk',1,'2008-09-27 02:01:39',NULL,0,NULL,NULL,NULL,'apolokk27',NULL,NULL,NULL,15,50,NULL,NULL,NULL,NULL),
 (1994,32,'apolokk',1,'2008-09-27 02:01:39',NULL,0,NULL,NULL,NULL,'apolokk32',NULL,NULL,NULL,15,50,NULL,NULL,NULL,NULL),
 (1995,43,'apolokk',1,'2008-09-27 02:01:39',NULL,0,NULL,NULL,NULL,'apolokk43',NULL,NULL,NULL,15,50,NULL,NULL,NULL,NULL),
 (1996,28,'apolokk',1,'2008-09-27 02:01:39',NULL,0,NULL,NULL,NULL,'apolokk28',NULL,NULL,NULL,15,50,NULL,NULL,NULL,NULL),
 (1997,40,'apolokk',1,'2008-09-27 02:01:39',NULL,0,NULL,NULL,NULL,'apolokk40',NULL,NULL,NULL,15,50,NULL,NULL,NULL,NULL),
 (1998,39,'apolokk',1,'2008-09-27 02:01:39',NULL,0,NULL,NULL,NULL,'apolokk39',NULL,NULL,NULL,15,50,NULL,NULL,NULL,NULL),
 (1999,22,'apolokk',1,'2008-09-27 02:01:39',NULL,0,NULL,NULL,NULL,'apolokk22',NULL,NULL,NULL,15,50,NULL,NULL,NULL,NULL),
 (2000,12,'apolokk',1,'2008-09-27 02:01:39',NULL,0,NULL,NULL,NULL,'apolokk12',NULL,NULL,NULL,15,50,NULL,NULL,NULL,NULL),
 (2001,38,'apolokk',1,'2008-09-27 02:01:39',NULL,0,NULL,NULL,NULL,'apolokk38',NULL,NULL,NULL,15,50,NULL,NULL,NULL,NULL),
 (2002,3,'apolokk',0,'2008-09-27 02:01:39',NULL,1,NULL,NULL,NULL,'apolokk3',NULL,NULL,NULL,15,50,'mdshannan@gmail.com','2008-11-30 01:11:58',NULL,NULL),
 (2003,34,'apolokk',1,'2008-09-27 02:01:39',NULL,0,NULL,NULL,NULL,'apolokk34',NULL,NULL,NULL,15,50,NULL,NULL,NULL,NULL),
 (2004,1,'apolokk',0,'2008-09-27 02:01:39','good system',1,NULL,NULL,NULL,'apolokk1',NULL,NULL,NULL,15,50,'intesar.mohammed@bizintelapps.com','2008-11-30 00:09:00',NULL,NULL),
 (2005,24,'apolokk',1,'2008-09-27 02:01:39',NULL,0,NULL,NULL,NULL,'apolokk24',NULL,NULL,NULL,15,50,NULL,NULL,NULL,NULL),
 (2006,14,'apolokk',1,'2008-09-27 02:01:39',NULL,0,NULL,NULL,NULL,'apolokk14',NULL,NULL,NULL,15,50,NULL,NULL,NULL,NULL),
 (2007,33,'apolokk',1,'2008-09-27 02:01:39',NULL,0,NULL,NULL,NULL,'apolokk33',NULL,NULL,NULL,15,50,NULL,NULL,NULL,NULL),
 (2008,41,'apolokk',1,'2008-09-27 02:01:39',NULL,0,NULL,NULL,NULL,'apolokk41',NULL,NULL,NULL,15,50,NULL,NULL,NULL,NULL),
 (2009,31,'apolokk',1,'2008-09-27 02:01:39',NULL,0,NULL,NULL,NULL,'apolokk31',NULL,NULL,NULL,15,50,NULL,NULL,NULL,NULL),
 (2010,50,'apolokk',1,'2008-09-27 02:01:39',NULL,0,NULL,NULL,NULL,'apolokk50',NULL,NULL,NULL,15,50,NULL,NULL,NULL,NULL),
 (2011,46,'apolokk',1,'2008-09-27 02:01:39',NULL,0,NULL,NULL,NULL,'apolokk46',NULL,NULL,NULL,15,50,NULL,NULL,NULL,NULL),
 (2012,48,'apolokk',1,'2008-09-27 02:01:39',NULL,0,NULL,NULL,NULL,'apolokk48',NULL,NULL,NULL,15,50,NULL,NULL,NULL,NULL),
 (2013,9,'apolokk',1,'2008-09-27 02:01:39',NULL,1,NULL,NULL,NULL,'apolokk9',NULL,NULL,NULL,15,50,NULL,NULL,NULL,NULL),
 (2014,17,'apolokk',1,'2008-09-27 02:01:39',NULL,0,NULL,NULL,NULL,'apolokk17',NULL,NULL,NULL,15,50,NULL,NULL,NULL,NULL),
 (2015,16,'apolokk',1,'2008-09-27 02:01:39',NULL,0,NULL,NULL,NULL,'apolokk16',NULL,NULL,NULL,15,50,NULL,NULL,NULL,NULL),
 (2016,4,'apolokk',1,'2008-09-27 02:01:39',NULL,1,NULL,NULL,NULL,'apolokk4',NULL,NULL,NULL,15,50,NULL,NULL,NULL,NULL),
 (2017,23,'apolokk',1,'2008-09-27 02:01:39',NULL,0,NULL,NULL,NULL,'apolokk23',NULL,NULL,NULL,15,50,NULL,NULL,NULL,NULL),
 (2018,37,'apolokk',1,'2008-09-27 02:01:39',NULL,0,NULL,NULL,NULL,'apolokk37',NULL,NULL,NULL,15,50,NULL,NULL,NULL,NULL),
 (2019,8,'apolokk',1,'2008-09-27 02:01:39',NULL,1,NULL,NULL,NULL,'apolokk8',NULL,NULL,NULL,15,50,NULL,NULL,NULL,NULL),
 (2020,45,'apolokk',1,'2008-09-27 02:01:39',NULL,0,NULL,NULL,NULL,'apolokk45',NULL,NULL,NULL,15,50,NULL,NULL,NULL,NULL),
 (2021,44,'apolokk',1,'2008-09-27 02:01:39',NULL,0,NULL,NULL,NULL,'apolokk44',NULL,NULL,NULL,15,50,NULL,NULL,NULL,NULL),
 (2022,21,'apolokk',1,'2008-09-27 02:01:39',NULL,0,NULL,NULL,NULL,'apolokk21',NULL,NULL,NULL,15,50,NULL,NULL,NULL,NULL),
 (2023,20,'apolokk',1,'2008-09-27 02:01:39',NULL,0,NULL,NULL,NULL,'apolokk20',NULL,NULL,NULL,15,50,NULL,NULL,NULL,NULL),
 (2024,5,'apolokk',1,'2008-09-27 02:01:39',NULL,1,NULL,NULL,NULL,'apolokk5',NULL,NULL,NULL,15,50,NULL,NULL,NULL,NULL),
 (2025,30,'apolokk',1,'2008-09-27 02:01:39',NULL,0,NULL,NULL,NULL,'apolokk30',NULL,NULL,NULL,15,50,NULL,NULL,NULL,NULL),
 (2026,25,'apolokk',1,'2008-09-27 02:01:39',NULL,0,NULL,NULL,NULL,'apolokk25',NULL,NULL,NULL,15,50,NULL,NULL,NULL,NULL),
 (2027,35,'apolokk',1,'2008-09-27 02:01:39',NULL,0,NULL,NULL,NULL,'apolokk35',NULL,NULL,NULL,15,50,NULL,NULL,NULL,NULL),
 (2028,7,'apolokk',1,'2008-09-27 02:01:39',NULL,1,NULL,NULL,NULL,'apolokk7',NULL,NULL,NULL,15,50,NULL,NULL,NULL,NULL),
 (2029,10,'apolokk',1,'2008-09-27 02:01:39',NULL,1,NULL,NULL,NULL,'apolokk10',NULL,NULL,NULL,15,50,NULL,NULL,NULL,NULL),
 (2030,6,'apolokk',1,'2008-09-27 02:01:39',NULL,1,NULL,NULL,NULL,'apolokk6',NULL,NULL,NULL,15,50,NULL,NULL,NULL,NULL),
 (2031,26,'apolokk',1,'2008-09-27 02:01:39',NULL,0,NULL,NULL,NULL,'apolokk26',NULL,NULL,NULL,15,50,NULL,NULL,NULL,NULL),
 (2032,42,'apolokk',1,'2008-09-27 02:01:39',NULL,0,NULL,NULL,NULL,'apolokk42',NULL,NULL,NULL,15,50,NULL,NULL,NULL,NULL),
 (2033,47,'apolokk',1,'2008-09-27 02:01:39',NULL,0,NULL,NULL,NULL,'apolokk47',NULL,NULL,NULL,15,50,NULL,NULL,NULL,NULL),
 (2034,18,'apolokk',1,'2008-09-27 02:01:39',NULL,0,NULL,NULL,NULL,'apolokk18',NULL,NULL,NULL,15,50,NULL,NULL,NULL,NULL),
 (2035,36,'apolokk',1,'2008-09-27 02:01:39',NULL,0,NULL,NULL,NULL,'apolokk36',NULL,NULL,NULL,15,50,NULL,NULL,NULL,NULL),
 (2036,11,'apolokk',1,'2008-09-27 02:01:39',NULL,0,NULL,NULL,NULL,'apolokk11',NULL,NULL,NULL,15,50,NULL,NULL,NULL,NULL),
 (2037,15,'apolokk',1,'2008-09-27 02:01:39',NULL,0,NULL,NULL,NULL,'apolokk15',NULL,NULL,NULL,15,50,NULL,NULL,NULL,NULL),
 (2038,2,'apolokk',1,'2008-09-27 02:01:39',NULL,1,NULL,NULL,NULL,'apolokk2',NULL,NULL,NULL,15,50,'',NULL,NULL,NULL),
 (2039,13,'test',1,'2008-09-27 02:26:50',NULL,0,NULL,NULL,NULL,'test13',NULL,NULL,NULL,1,1,NULL,NULL,NULL,NULL),
 (2040,17,'test',1,'2008-09-27 02:26:50',NULL,0,NULL,NULL,NULL,'test17',NULL,NULL,NULL,1,1,NULL,NULL,NULL,NULL),
 (2041,29,'test',1,'2008-09-27 02:26:50',NULL,0,NULL,NULL,NULL,'test29',NULL,NULL,NULL,1,1,NULL,NULL,NULL,NULL),
 (2042,20,'test',1,'2008-09-27 02:26:51',NULL,0,NULL,NULL,NULL,'test20',NULL,NULL,NULL,1,1,NULL,NULL,NULL,NULL),
 (2043,30,'test',1,'2008-09-27 02:26:51',NULL,0,NULL,NULL,NULL,'test30',NULL,NULL,NULL,1,1,NULL,NULL,NULL,NULL),
 (2044,5,'test',1,'2008-09-27 02:26:51',NULL,1,NULL,NULL,NULL,'test5',NULL,NULL,NULL,1,1,NULL,NULL,NULL,NULL),
 (2045,36,'test',1,'2008-09-27 02:26:51',NULL,0,NULL,NULL,NULL,'test36',NULL,NULL,NULL,1,1,NULL,NULL,NULL,NULL),
 (2046,47,'test',1,'2008-09-27 02:26:51',NULL,0,NULL,NULL,NULL,'test47',NULL,NULL,NULL,1,1,NULL,NULL,NULL,NULL),
 (2047,4,'test',1,'2008-09-27 02:26:51',NULL,1,NULL,NULL,NULL,'test4',NULL,NULL,NULL,1,1,NULL,NULL,NULL,NULL),
 (2048,26,'test',1,'2008-09-27 02:26:51',NULL,0,NULL,NULL,NULL,'test26',NULL,NULL,NULL,1,1,NULL,NULL,NULL,NULL),
 (2049,42,'test',1,'2008-09-27 02:26:51',NULL,0,NULL,NULL,NULL,'test42',NULL,NULL,NULL,1,1,NULL,NULL,NULL,NULL),
 (2050,11,'test',1,'2008-09-27 02:26:51',NULL,0,NULL,NULL,NULL,'test11',NULL,NULL,NULL,1,1,NULL,NULL,NULL,NULL),
 (2051,23,'test',1,'2008-09-27 02:26:51',NULL,0,NULL,NULL,NULL,'test23',NULL,NULL,NULL,1,1,NULL,NULL,NULL,NULL),
 (2052,38,'test',1,'2008-09-27 02:26:52',NULL,0,NULL,NULL,NULL,'test38',NULL,NULL,NULL,1,1,NULL,NULL,NULL,NULL),
 (2053,35,'test',1,'2008-09-27 02:26:52',NULL,0,NULL,NULL,NULL,'test35',NULL,NULL,NULL,1,1,NULL,NULL,NULL,NULL),
 (2054,2,'test',1,'2008-09-27 02:26:52',NULL,1,NULL,NULL,NULL,'test2',NULL,NULL,NULL,1,1,NULL,NULL,NULL,NULL),
 (2055,50,'test',1,'2008-09-27 02:26:52',NULL,0,NULL,NULL,NULL,'test50',NULL,NULL,NULL,1,1,NULL,NULL,NULL,NULL),
 (2056,31,'test',1,'2008-09-27 02:26:52',NULL,0,NULL,NULL,NULL,'test31',NULL,NULL,NULL,1,1,NULL,NULL,NULL,NULL),
 (2057,12,'test',1,'2008-09-27 02:26:52',NULL,0,NULL,NULL,NULL,'test12',NULL,NULL,NULL,1,1,NULL,NULL,NULL,NULL),
 (2058,15,'test',1,'2008-09-27 02:26:52',NULL,0,NULL,NULL,NULL,'test15',NULL,NULL,NULL,1,1,NULL,NULL,NULL,NULL),
 (2059,9,'test',1,'2008-09-27 02:26:52',NULL,1,NULL,NULL,NULL,'test9',NULL,NULL,NULL,1,1,NULL,NULL,NULL,NULL),
 (2060,19,'test',1,'2008-09-27 02:26:52',NULL,0,NULL,NULL,NULL,'test19',NULL,NULL,NULL,1,1,NULL,NULL,NULL,NULL),
 (2061,16,'test',1,'2008-09-27 02:26:52',NULL,0,NULL,NULL,NULL,'test16',NULL,NULL,NULL,1,1,NULL,NULL,NULL,NULL),
 (2062,39,'test',1,'2008-09-27 02:26:53',NULL,0,NULL,NULL,NULL,'test39',NULL,NULL,NULL,1,1,NULL,NULL,NULL,NULL),
 (2063,33,'test',1,'2008-09-27 02:26:53',NULL,0,NULL,NULL,NULL,'test33',NULL,NULL,NULL,1,1,NULL,NULL,NULL,NULL),
 (2064,25,'test',1,'2008-09-27 02:26:53',NULL,0,NULL,NULL,NULL,'test25',NULL,NULL,NULL,1,1,NULL,NULL,NULL,NULL),
 (2065,22,'test',1,'2008-09-27 02:26:53',NULL,0,NULL,NULL,NULL,'test22',NULL,NULL,NULL,1,1,NULL,NULL,NULL,NULL),
 (2066,37,'test',1,'2008-09-27 02:26:53',NULL,0,NULL,NULL,NULL,'test37',NULL,NULL,NULL,1,1,NULL,NULL,NULL,NULL),
 (2067,1,'test',1,'2008-09-27 02:26:53',NULL,1,NULL,NULL,NULL,'test1',NULL,NULL,NULL,1,1,'',NULL,NULL,NULL),
 (2068,46,'test',1,'2008-09-27 02:26:53',NULL,0,NULL,NULL,NULL,'test46',NULL,NULL,NULL,1,1,NULL,NULL,NULL,NULL),
 (2069,21,'test',1,'2008-09-27 02:26:53',NULL,0,NULL,NULL,NULL,'test21',NULL,NULL,NULL,1,1,NULL,NULL,NULL,NULL),
 (2070,14,'test',1,'2008-09-27 02:26:53',NULL,0,NULL,NULL,NULL,'test14',NULL,NULL,NULL,1,1,NULL,NULL,NULL,NULL),
 (2071,27,'test',1,'2008-09-27 02:26:53',NULL,0,NULL,NULL,NULL,'test27',NULL,NULL,NULL,1,1,NULL,NULL,NULL,NULL),
 (2072,10,'test',1,'2008-09-27 02:26:54',NULL,1,NULL,NULL,NULL,'test10',NULL,NULL,NULL,1,1,NULL,NULL,NULL,NULL),
 (2073,41,'test',1,'2008-09-27 02:26:54',NULL,0,NULL,NULL,NULL,'test41',NULL,NULL,NULL,1,1,NULL,NULL,NULL,NULL),
 (2074,34,'test',1,'2008-09-27 02:26:54',NULL,0,NULL,NULL,NULL,'test34',NULL,NULL,NULL,1,1,NULL,NULL,NULL,NULL),
 (2075,24,'test',1,'2008-09-27 02:26:54',NULL,0,NULL,NULL,NULL,'test24',NULL,NULL,NULL,1,1,NULL,NULL,NULL,NULL),
 (2076,18,'test',1,'2008-09-27 02:26:54',NULL,0,NULL,NULL,NULL,'test18',NULL,NULL,NULL,1,1,NULL,NULL,NULL,NULL),
 (2077,8,'test',1,'2008-09-27 02:26:54',NULL,1,NULL,NULL,NULL,'test8',NULL,NULL,NULL,1,1,NULL,NULL,NULL,NULL),
 (2078,44,'test',1,'2008-09-27 02:26:54',NULL,0,NULL,NULL,NULL,'test44',NULL,NULL,NULL,1,1,NULL,NULL,NULL,NULL),
 (2079,40,'test',1,'2008-09-27 02:26:54',NULL,0,NULL,NULL,NULL,'test40',NULL,NULL,NULL,1,1,NULL,NULL,NULL,NULL),
 (2080,49,'test',1,'2008-09-27 02:26:54',NULL,0,NULL,NULL,NULL,'test49',NULL,NULL,NULL,1,1,NULL,NULL,NULL,NULL),
 (2081,48,'test',1,'2008-09-27 02:26:54',NULL,0,NULL,NULL,NULL,'test48',NULL,NULL,NULL,1,1,NULL,NULL,NULL,NULL),
 (2082,7,'test',1,'2008-09-27 02:26:55',NULL,1,NULL,NULL,NULL,'test7',NULL,NULL,NULL,1,1,NULL,NULL,NULL,NULL),
 (2083,28,'test',1,'2008-09-27 02:26:55',NULL,0,NULL,NULL,NULL,'test28',NULL,NULL,NULL,1,1,NULL,NULL,NULL,NULL),
 (2084,3,'test',1,'2008-09-27 02:26:55',NULL,1,NULL,NULL,NULL,'test3',NULL,NULL,NULL,1,1,NULL,NULL,NULL,NULL),
 (2085,45,'test',1,'2008-09-27 02:26:55',NULL,0,NULL,NULL,NULL,'test45',NULL,NULL,NULL,1,1,NULL,NULL,NULL,NULL),
 (2086,43,'test',1,'2008-09-27 02:26:55',NULL,0,NULL,NULL,NULL,'test43',NULL,NULL,NULL,1,1,NULL,NULL,NULL,NULL),
 (2087,32,'test',1,'2008-09-27 02:26:55',NULL,0,NULL,NULL,NULL,'test32',NULL,NULL,NULL,1,1,NULL,NULL,NULL,NULL),
 (2088,6,'test',1,'2008-09-27 02:26:55',NULL,1,NULL,NULL,NULL,'test6',NULL,NULL,NULL,1,1,NULL,NULL,NULL,NULL),
 (2089,42,'democafe',1,'2008-09-29 18:50:51',NULL,0,NULL,NULL,NULL,'democafe42',NULL,NULL,NULL,30,10,NULL,NULL,NULL,NULL),
 (2090,1,'democafe',1,'2008-09-29 18:50:51',NULL,1,NULL,NULL,NULL,'democafe1',NULL,NULL,NULL,30,10,'',NULL,NULL,NULL),
 (2091,16,'democafe',1,'2008-09-29 18:50:51',NULL,0,NULL,NULL,NULL,'democafe16',NULL,NULL,NULL,30,10,NULL,NULL,NULL,NULL),
 (2092,39,'democafe',1,'2008-09-29 18:50:51',NULL,0,NULL,NULL,NULL,'democafe39',NULL,NULL,NULL,30,10,NULL,NULL,NULL,NULL),
 (2093,45,'democafe',1,'2008-09-29 18:50:51',NULL,0,NULL,NULL,NULL,'democafe45',NULL,NULL,NULL,30,10,NULL,NULL,NULL,NULL),
 (2094,5,'democafe',1,'2008-09-29 18:50:51',NULL,1,NULL,NULL,NULL,'democafe5',NULL,NULL,NULL,30,10,NULL,NULL,NULL,NULL),
 (2095,34,'democafe',1,'2008-09-29 18:50:51',NULL,0,NULL,NULL,NULL,'democafe34',NULL,NULL,NULL,30,10,NULL,NULL,NULL,NULL),
 (2096,6,'democafe',1,'2008-09-29 18:50:51',NULL,1,NULL,NULL,NULL,'democafe6',NULL,NULL,NULL,30,10,NULL,NULL,NULL,NULL),
 (2097,15,'democafe',1,'2008-09-29 18:50:51',NULL,0,NULL,NULL,NULL,'democafe15',NULL,NULL,NULL,30,10,NULL,NULL,NULL,NULL),
 (2098,47,'democafe',1,'2008-09-29 18:50:51',NULL,0,NULL,NULL,NULL,'democafe47',NULL,NULL,NULL,30,10,NULL,NULL,NULL,NULL),
 (2099,37,'democafe',1,'2008-09-29 18:50:51',NULL,0,NULL,NULL,NULL,'democafe37',NULL,NULL,NULL,30,10,NULL,NULL,NULL,NULL),
 (2100,46,'democafe',1,'2008-09-29 18:50:51',NULL,0,NULL,NULL,NULL,'democafe46',NULL,NULL,NULL,30,10,NULL,NULL,NULL,NULL),
 (2101,13,'democafe',1,'2008-09-29 18:50:51',NULL,0,NULL,NULL,NULL,'democafe13',NULL,NULL,NULL,30,10,NULL,NULL,NULL,NULL),
 (2102,33,'democafe',1,'2008-09-29 18:50:51',NULL,0,NULL,NULL,NULL,'democafe33',NULL,NULL,NULL,30,10,NULL,NULL,NULL,NULL),
 (2103,23,'democafe',1,'2008-09-29 18:50:51',NULL,0,NULL,NULL,NULL,'democafe23',NULL,NULL,NULL,30,10,NULL,NULL,NULL,NULL),
 (2104,21,'democafe',1,'2008-09-29 18:50:51',NULL,0,NULL,NULL,NULL,'democafe21',NULL,NULL,NULL,30,10,NULL,NULL,NULL,NULL),
 (2105,49,'democafe',1,'2008-09-29 18:50:51',NULL,0,NULL,NULL,NULL,'democafe49',NULL,NULL,NULL,30,10,NULL,NULL,NULL,NULL),
 (2106,25,'democafe',1,'2008-09-29 18:50:51',NULL,0,NULL,NULL,NULL,'democafe25',NULL,NULL,NULL,30,10,NULL,NULL,NULL,NULL),
 (2107,40,'democafe',1,'2008-09-29 18:50:51',NULL,0,NULL,NULL,NULL,'democafe40',NULL,NULL,NULL,30,10,NULL,NULL,NULL,NULL),
 (2108,36,'democafe',1,'2008-09-29 18:50:51',NULL,0,NULL,NULL,NULL,'democafe36',NULL,NULL,NULL,30,10,NULL,NULL,NULL,NULL),
 (2109,4,'democafe',0,'2008-09-29 18:50:51',NULL,1,NULL,NULL,NULL,'democafe4',NULL,NULL,NULL,30,10,'mohdshannan@yahoo.com','2008-09-29 17:52:07',NULL,NULL),
 (2110,7,'democafe',1,'2008-09-29 18:50:51',NULL,1,NULL,NULL,NULL,'democafe7',NULL,NULL,NULL,30,10,NULL,NULL,NULL,NULL),
 (2111,50,'democafe',1,'2008-09-29 18:50:51',NULL,0,NULL,NULL,NULL,'democafe50',NULL,NULL,NULL,30,10,NULL,NULL,NULL,NULL),
 (2112,26,'democafe',1,'2008-09-29 18:50:51',NULL,0,NULL,NULL,NULL,'democafe26',NULL,NULL,NULL,30,10,NULL,NULL,NULL,NULL),
 (2113,28,'democafe',1,'2008-09-29 18:50:51',NULL,0,NULL,NULL,NULL,'democafe28',NULL,NULL,NULL,30,10,NULL,NULL,NULL,NULL),
 (2114,17,'democafe',1,'2008-09-29 18:50:51',NULL,0,NULL,NULL,NULL,'democafe17',NULL,NULL,NULL,30,10,NULL,NULL,NULL,NULL),
 (2115,27,'democafe',1,'2008-09-29 18:50:51',NULL,0,NULL,NULL,NULL,'democafe27',NULL,NULL,NULL,30,10,NULL,NULL,NULL,NULL),
 (2116,10,'democafe',1,'2008-09-29 18:50:51',NULL,1,NULL,NULL,NULL,'democafe10',NULL,NULL,NULL,30,10,NULL,NULL,NULL,NULL),
 (2117,18,'democafe',1,'2008-09-29 18:50:51',NULL,0,NULL,NULL,NULL,'democafe18',NULL,NULL,NULL,30,10,NULL,NULL,NULL,NULL),
 (2118,11,'democafe',1,'2008-09-29 18:50:51',NULL,0,NULL,NULL,NULL,'democafe11',NULL,NULL,NULL,30,10,NULL,NULL,NULL,NULL),
 (2119,29,'democafe',1,'2008-09-29 18:50:51',NULL,0,NULL,NULL,NULL,'democafe29',NULL,NULL,NULL,30,10,NULL,NULL,NULL,NULL),
 (2120,35,'democafe',1,'2008-09-29 18:50:51',NULL,0,NULL,NULL,NULL,'democafe35',NULL,NULL,NULL,30,10,NULL,NULL,NULL,NULL),
 (2121,12,'democafe',1,'2008-09-29 18:50:51',NULL,0,NULL,NULL,NULL,'democafe12',NULL,NULL,NULL,30,10,NULL,NULL,NULL,NULL),
 (2122,43,'democafe',1,'2008-09-29 18:50:51',NULL,0,NULL,NULL,NULL,'democafe43',NULL,NULL,NULL,30,10,NULL,NULL,NULL,NULL),
 (2123,8,'democafe',1,'2008-09-29 18:50:51',NULL,1,NULL,NULL,NULL,'democafe8',NULL,NULL,NULL,30,10,NULL,NULL,NULL,NULL),
 (2124,22,'democafe',1,'2008-09-29 18:50:51',NULL,0,NULL,NULL,NULL,'democafe22',NULL,NULL,NULL,30,10,NULL,NULL,NULL,NULL),
 (2125,9,'democafe',1,'2008-09-29 18:50:51',NULL,1,NULL,NULL,NULL,'democafe9',NULL,NULL,NULL,30,10,NULL,NULL,NULL,NULL),
 (2126,19,'democafe',1,'2008-09-29 18:50:51',NULL,0,NULL,NULL,NULL,'democafe19',NULL,NULL,NULL,30,10,NULL,NULL,NULL,NULL),
 (2127,31,'democafe',1,'2008-09-29 18:50:51',NULL,0,NULL,NULL,NULL,'democafe31',NULL,NULL,NULL,30,10,NULL,NULL,NULL,NULL),
 (2128,24,'democafe',1,'2008-09-29 18:50:51',NULL,0,NULL,NULL,NULL,'democafe24',NULL,NULL,NULL,30,10,NULL,NULL,NULL,NULL),
 (2129,38,'democafe',1,'2008-09-29 18:50:51',NULL,0,NULL,NULL,NULL,'democafe38',NULL,NULL,NULL,30,10,NULL,NULL,NULL,NULL),
 (2130,32,'democafe',1,'2008-09-29 18:50:51',NULL,0,NULL,NULL,NULL,'democafe32',NULL,NULL,NULL,30,10,NULL,NULL,NULL,NULL),
 (2131,20,'democafe',1,'2008-09-29 18:50:51',NULL,0,NULL,NULL,NULL,'democafe20',NULL,NULL,NULL,30,10,NULL,NULL,NULL,NULL),
 (2132,3,'democafe',1,'2008-09-29 18:50:51',NULL,1,NULL,NULL,NULL,'democafe3',NULL,NULL,NULL,30,10,NULL,NULL,NULL,NULL),
 (2133,41,'democafe',1,'2008-09-29 18:50:51',NULL,0,NULL,NULL,NULL,'democafe41',NULL,NULL,NULL,30,10,NULL,NULL,NULL,NULL),
 (2134,2,'democafe',1,'2008-09-29 18:50:51',NULL,1,NULL,NULL,NULL,'democafe2',NULL,NULL,NULL,30,10,NULL,NULL,NULL,NULL),
 (2135,30,'democafe',1,'2008-09-29 18:50:51',NULL,0,NULL,NULL,NULL,'democafe30',NULL,NULL,NULL,30,10,NULL,NULL,NULL,NULL),
 (2136,14,'democafe',1,'2008-09-29 18:50:51',NULL,0,NULL,NULL,NULL,'democafe14',NULL,NULL,NULL,30,10,NULL,NULL,NULL,NULL),
 (2137,48,'democafe',1,'2008-09-29 18:50:51',NULL,0,NULL,NULL,NULL,'democafe48',NULL,NULL,NULL,30,10,NULL,NULL,NULL,NULL),
 (2138,44,'democafe',1,'2008-09-29 18:50:51',NULL,0,NULL,NULL,NULL,'democafe44',NULL,NULL,NULL,30,10,NULL,NULL,NULL,NULL),
 (2139,44,'b',1,'2008-09-30 07:41:16',NULL,0,NULL,NULL,NULL,'b44',NULL,NULL,NULL,60,10,NULL,NULL,NULL,NULL),
 (2140,36,'b',1,'2008-09-30 07:41:17',NULL,0,NULL,NULL,NULL,'b36',NULL,NULL,NULL,60,10,NULL,NULL,NULL,NULL),
 (2141,15,'b',1,'2008-09-30 07:41:17',NULL,1,NULL,NULL,NULL,'b15',NULL,NULL,NULL,60,10,NULL,NULL,NULL,NULL),
 (2142,8,'b',1,'2008-09-30 07:41:17',NULL,1,NULL,NULL,NULL,'b8',NULL,NULL,NULL,60,10,NULL,NULL,NULL,NULL),
 (2143,31,'b',1,'2008-09-30 07:41:17',NULL,0,NULL,NULL,NULL,'b31',NULL,NULL,NULL,60,10,NULL,NULL,NULL,NULL),
 (2144,18,'b',1,'2008-09-30 07:41:17',NULL,0,NULL,NULL,NULL,'b18',NULL,NULL,NULL,60,10,NULL,NULL,NULL,NULL),
 (2145,13,'b',1,'2008-09-30 07:41:17',NULL,1,NULL,NULL,NULL,'b13',NULL,NULL,NULL,60,10,NULL,NULL,NULL,NULL),
 (2146,41,'b',1,'2008-09-30 07:41:17',NULL,0,NULL,NULL,NULL,'b41',NULL,NULL,NULL,60,10,NULL,NULL,NULL,NULL),
 (2147,37,'b',1,'2008-09-30 07:41:17',NULL,0,NULL,NULL,NULL,'b37',NULL,NULL,NULL,60,10,NULL,NULL,NULL,NULL),
 (2148,23,'b',1,'2008-09-30 07:41:17',NULL,0,NULL,NULL,NULL,'b23',NULL,NULL,NULL,60,10,NULL,NULL,NULL,NULL),
 (2149,5,'b',1,'2008-09-30 07:41:17',NULL,1,NULL,NULL,NULL,'b5',NULL,NULL,NULL,60,10,NULL,NULL,NULL,NULL),
 (2150,3,'b',1,'2008-09-30 07:41:17',NULL,1,NULL,NULL,NULL,'b3',NULL,NULL,NULL,60,10,NULL,NULL,NULL,NULL),
 (2151,10,'b',1,'2008-09-30 07:41:17',NULL,1,NULL,NULL,NULL,'b10',NULL,NULL,NULL,60,10,NULL,NULL,NULL,NULL),
 (2152,27,'b',1,'2008-09-30 07:41:17',NULL,0,NULL,NULL,NULL,'b27',NULL,NULL,NULL,60,10,NULL,NULL,NULL,NULL),
 (2153,45,'b',1,'2008-09-30 07:41:17',NULL,0,NULL,NULL,NULL,'b45',NULL,NULL,NULL,60,10,NULL,NULL,NULL,NULL),
 (2154,32,'b',1,'2008-09-30 07:41:17',NULL,0,NULL,NULL,NULL,'b32',NULL,NULL,NULL,60,10,NULL,NULL,NULL,NULL),
 (2155,48,'b',1,'2008-09-30 07:41:17',NULL,0,NULL,NULL,NULL,'b48',NULL,NULL,NULL,60,10,NULL,NULL,NULL,NULL),
 (2156,42,'b',1,'2008-09-30 07:41:17',NULL,0,NULL,NULL,NULL,'b42',NULL,NULL,NULL,60,10,NULL,NULL,NULL,NULL),
 (2157,20,'b',1,'2008-09-30 07:41:17',NULL,0,NULL,NULL,NULL,'b20',NULL,NULL,NULL,60,10,NULL,NULL,NULL,NULL),
 (2158,30,'b',1,'2008-09-30 07:41:17',NULL,0,NULL,NULL,NULL,'b30',NULL,NULL,NULL,60,10,NULL,NULL,NULL,NULL),
 (2159,50,'b',1,'2008-09-30 07:41:17',NULL,0,NULL,NULL,NULL,'b50',NULL,NULL,NULL,60,10,NULL,NULL,NULL,NULL),
 (2160,38,'b',1,'2008-09-30 07:41:17',NULL,0,NULL,NULL,NULL,'b38',NULL,NULL,NULL,60,10,NULL,NULL,NULL,NULL),
 (2161,1,'b',1,'2008-09-30 07:41:17',NULL,1,NULL,NULL,NULL,'b1',NULL,NULL,NULL,60,10,'',NULL,NULL,NULL),
 (2162,28,'b',1,'2008-09-30 07:41:17',NULL,0,NULL,NULL,NULL,'b28',NULL,NULL,NULL,60,10,NULL,NULL,NULL,NULL),
 (2163,12,'b',1,'2008-09-30 07:41:17',NULL,1,NULL,NULL,NULL,'b12',NULL,NULL,NULL,60,10,NULL,NULL,NULL,NULL),
 (2164,43,'b',1,'2008-09-30 07:41:17',NULL,0,NULL,NULL,NULL,'b43',NULL,NULL,NULL,60,10,NULL,NULL,NULL,NULL),
 (2165,4,'b',1,'2008-09-30 07:41:17',NULL,1,NULL,NULL,NULL,'b4',NULL,NULL,NULL,60,10,NULL,NULL,NULL,NULL),
 (2166,49,'b',1,'2008-09-30 07:41:17',NULL,0,NULL,NULL,NULL,'b49',NULL,NULL,NULL,60,10,NULL,NULL,NULL,NULL),
 (2167,47,'b',1,'2008-09-30 07:41:17',NULL,0,NULL,NULL,NULL,'b47',NULL,NULL,NULL,60,10,NULL,NULL,NULL,NULL),
 (2168,21,'b',1,'2008-09-30 07:41:17',NULL,0,NULL,NULL,NULL,'b21',NULL,NULL,NULL,60,10,NULL,NULL,NULL,NULL),
 (2169,2,'b',1,'2008-09-30 07:41:17',NULL,1,NULL,NULL,NULL,'b2',NULL,NULL,NULL,60,10,'',NULL,NULL,NULL),
 (2170,24,'b',1,'2008-09-30 07:41:17',NULL,0,NULL,NULL,NULL,'b24',NULL,NULL,NULL,60,10,NULL,NULL,NULL,NULL),
 (2171,39,'b',1,'2008-09-30 07:41:17',NULL,0,NULL,NULL,NULL,'b39',NULL,NULL,NULL,60,10,NULL,NULL,NULL,NULL),
 (2172,16,'b',1,'2008-09-30 07:41:17',NULL,0,NULL,NULL,NULL,'b16',NULL,NULL,NULL,60,10,NULL,NULL,NULL,NULL),
 (2173,9,'b',1,'2008-09-30 07:41:17',NULL,1,NULL,NULL,NULL,'b9',NULL,NULL,NULL,60,10,NULL,NULL,NULL,NULL),
 (2174,26,'b',1,'2008-09-30 07:41:17',NULL,0,NULL,NULL,NULL,'b26',NULL,NULL,NULL,60,10,NULL,NULL,NULL,NULL),
 (2175,11,'b',1,'2008-09-30 07:41:17',NULL,1,NULL,NULL,NULL,'b11',NULL,NULL,NULL,60,10,NULL,NULL,NULL,NULL),
 (2176,14,'b',1,'2008-09-30 07:41:17',NULL,1,NULL,NULL,NULL,'b14',NULL,NULL,NULL,60,10,NULL,NULL,NULL,NULL),
 (2177,25,'b',1,'2008-09-30 07:41:17',NULL,0,NULL,NULL,NULL,'b25',NULL,NULL,NULL,60,10,NULL,NULL,NULL,NULL),
 (2178,33,'b',1,'2008-09-30 07:41:17',NULL,0,NULL,NULL,NULL,'b33',NULL,NULL,NULL,60,10,NULL,NULL,NULL,NULL),
 (2179,35,'b',1,'2008-09-30 07:41:17',NULL,0,NULL,NULL,NULL,'b35',NULL,NULL,NULL,60,10,NULL,NULL,NULL,NULL),
 (2180,40,'b',1,'2008-09-30 07:41:17',NULL,0,NULL,NULL,NULL,'b40',NULL,NULL,NULL,60,10,NULL,NULL,NULL,NULL),
 (2181,29,'b',1,'2008-09-30 07:41:17',NULL,0,NULL,NULL,NULL,'b29',NULL,NULL,NULL,60,10,NULL,NULL,NULL,NULL),
 (2182,17,'b',1,'2008-09-30 07:41:17',NULL,0,NULL,NULL,NULL,'b17',NULL,NULL,NULL,60,10,NULL,NULL,NULL,NULL),
 (2183,34,'b',1,'2008-09-30 07:41:17',NULL,0,NULL,NULL,NULL,'b34',NULL,NULL,NULL,60,10,NULL,NULL,NULL,NULL),
 (2184,22,'b',1,'2008-09-30 07:41:17',NULL,0,NULL,NULL,NULL,'b22',NULL,NULL,NULL,60,10,NULL,NULL,NULL,NULL),
 (2185,19,'b',1,'2008-09-30 07:41:17',NULL,0,NULL,NULL,NULL,'b19',NULL,NULL,NULL,60,10,NULL,NULL,NULL,NULL),
 (2186,7,'b',1,'2008-09-30 07:41:17',NULL,1,NULL,NULL,NULL,'b7',NULL,NULL,NULL,60,10,NULL,NULL,NULL,NULL),
 (2187,6,'b',1,'2008-09-30 07:41:17',NULL,1,NULL,NULL,NULL,'b6',NULL,NULL,NULL,60,10,NULL,NULL,NULL,NULL),
 (2188,46,'b',1,'2008-09-30 07:41:17',NULL,0,NULL,NULL,NULL,'b46',NULL,NULL,NULL,60,10,NULL,NULL,NULL,NULL),
 (2189,24,'k',1,'2008-09-29 14:09:35',NULL,0,NULL,NULL,NULL,'k24',NULL,NULL,NULL,60,10,NULL,NULL,NULL,NULL),
 (2190,30,'k',1,'2008-09-29 14:09:35',NULL,0,NULL,NULL,NULL,'k30',NULL,NULL,NULL,60,10,NULL,NULL,NULL,NULL),
 (2191,23,'k',1,'2008-09-29 14:09:35',NULL,0,NULL,NULL,NULL,'k23',NULL,NULL,NULL,60,10,NULL,NULL,NULL,NULL),
 (2192,8,'k',1,'2008-09-29 14:09:35',NULL,1,NULL,NULL,NULL,'k8',NULL,NULL,NULL,60,10,NULL,NULL,NULL,NULL),
 (2193,14,'k',1,'2008-09-29 14:09:35',NULL,1,NULL,NULL,NULL,'k14',NULL,NULL,NULL,60,10,NULL,NULL,NULL,NULL),
 (2194,2,'k',0,'2008-09-29 14:09:35',NULL,1,NULL,NULL,NULL,'k2',NULL,NULL,NULL,60,10,'d@d.com','2008-10-03 14:03:58',NULL,NULL),
 (2195,26,'k',1,'2008-09-29 14:09:35',NULL,0,NULL,NULL,NULL,'k26',NULL,NULL,NULL,60,10,NULL,NULL,NULL,NULL),
 (2196,18,'k',1,'2008-09-29 14:09:35',NULL,0,NULL,NULL,NULL,'k18',NULL,NULL,NULL,60,10,NULL,NULL,NULL,NULL),
 (2197,1,'k',0,'2008-09-29 14:09:35',NULL,1,NULL,NULL,NULL,'k1',NULL,NULL,NULL,60,10,'b@b.com','2008-09-29 13:10:21',NULL,NULL),
 (2198,41,'k',1,'2008-09-29 14:09:35',NULL,0,NULL,NULL,NULL,'k41',NULL,NULL,NULL,60,10,NULL,NULL,NULL,NULL),
 (2199,20,'k',1,'2008-09-29 14:09:35',NULL,0,NULL,NULL,NULL,'k20',NULL,NULL,NULL,60,10,NULL,NULL,NULL,NULL),
 (2200,36,'k',1,'2008-09-29 14:09:35',NULL,0,NULL,NULL,NULL,'k36',NULL,NULL,NULL,60,10,NULL,NULL,NULL,NULL),
 (2201,21,'k',1,'2008-09-29 14:09:35',NULL,0,NULL,NULL,NULL,'k21',NULL,NULL,NULL,60,10,NULL,NULL,NULL,NULL),
 (2202,35,'k',1,'2008-09-29 14:09:35',NULL,0,NULL,NULL,NULL,'k35',NULL,NULL,NULL,60,10,NULL,NULL,NULL,NULL),
 (2203,37,'k',1,'2008-09-29 14:09:35',NULL,0,NULL,NULL,NULL,'k37',NULL,NULL,NULL,60,10,NULL,NULL,NULL,NULL),
 (2204,5,'k',1,'2008-09-29 14:09:35',NULL,1,NULL,NULL,NULL,'k5',NULL,NULL,NULL,60,10,NULL,NULL,NULL,NULL),
 (2205,29,'k',1,'2008-09-29 14:09:35',NULL,0,NULL,NULL,NULL,'k29',NULL,NULL,NULL,60,10,NULL,NULL,NULL,NULL),
 (2206,3,'k',1,'2008-09-29 14:09:35',NULL,1,NULL,NULL,NULL,'k3',NULL,NULL,NULL,60,10,NULL,NULL,NULL,NULL),
 (2207,6,'k',1,'2008-09-29 14:09:35',NULL,1,NULL,NULL,NULL,'k6',NULL,NULL,NULL,60,10,NULL,NULL,NULL,NULL),
 (2208,39,'k',1,'2008-09-29 14:09:35',NULL,0,NULL,NULL,NULL,'k39',NULL,NULL,NULL,60,10,NULL,NULL,NULL,NULL),
 (2209,16,'k',1,'2008-09-29 14:09:35',NULL,0,NULL,NULL,NULL,'k16',NULL,NULL,NULL,60,10,NULL,NULL,NULL,NULL),
 (2210,27,'k',1,'2008-09-29 14:09:35',NULL,0,NULL,NULL,NULL,'k27',NULL,NULL,NULL,60,10,NULL,NULL,NULL,NULL),
 (2211,12,'k',1,'2008-09-29 14:09:35',NULL,1,NULL,NULL,NULL,'k12',NULL,NULL,NULL,60,10,NULL,NULL,NULL,NULL),
 (2212,9,'k',1,'2008-09-29 14:09:35',NULL,1,NULL,NULL,NULL,'k9',NULL,NULL,NULL,60,10,NULL,NULL,NULL,NULL),
 (2213,47,'k',1,'2008-09-29 14:09:35',NULL,0,NULL,NULL,NULL,'k47',NULL,NULL,NULL,60,10,NULL,NULL,NULL,NULL),
 (2214,32,'k',1,'2008-09-29 14:09:35',NULL,0,NULL,NULL,NULL,'k32',NULL,NULL,NULL,60,10,NULL,NULL,NULL,NULL),
 (2215,44,'k',1,'2008-09-29 14:09:35',NULL,0,NULL,NULL,NULL,'k44',NULL,NULL,NULL,60,10,NULL,NULL,NULL,NULL),
 (2216,38,'k',1,'2008-09-29 14:09:35',NULL,0,NULL,NULL,NULL,'k38',NULL,NULL,NULL,60,10,NULL,NULL,NULL,NULL),
 (2217,22,'k',1,'2008-09-29 14:09:35',NULL,0,NULL,NULL,NULL,'k22',NULL,NULL,NULL,60,10,NULL,NULL,NULL,NULL),
 (2218,40,'k',1,'2008-09-29 14:09:35',NULL,0,NULL,NULL,NULL,'k40',NULL,NULL,NULL,60,10,NULL,NULL,NULL,NULL),
 (2219,17,'k',1,'2008-09-29 14:09:35',NULL,0,NULL,NULL,NULL,'k17',NULL,NULL,NULL,60,10,NULL,NULL,NULL,NULL),
 (2220,28,'k',1,'2008-09-29 14:09:35',NULL,0,NULL,NULL,NULL,'k28',NULL,NULL,NULL,60,10,NULL,NULL,NULL,NULL),
 (2221,13,'k',1,'2008-09-29 14:09:35',NULL,1,NULL,NULL,NULL,'k13',NULL,NULL,NULL,60,10,NULL,NULL,NULL,NULL),
 (2222,10,'k',1,'2008-09-29 14:09:35',NULL,1,NULL,NULL,NULL,'k10',NULL,NULL,NULL,60,10,NULL,NULL,NULL,NULL),
 (2223,49,'k',1,'2008-09-29 14:09:35',NULL,0,NULL,NULL,NULL,'k49',NULL,NULL,NULL,60,10,NULL,NULL,NULL,NULL),
 (2224,46,'k',1,'2008-09-29 14:09:35',NULL,0,NULL,NULL,NULL,'k46',NULL,NULL,NULL,60,10,NULL,NULL,NULL,NULL),
 (2225,4,'k',1,'2008-09-29 14:09:35',NULL,1,NULL,NULL,NULL,'k4',NULL,NULL,NULL,60,10,NULL,NULL,NULL,NULL),
 (2226,31,'k',1,'2008-09-29 14:09:35',NULL,0,NULL,NULL,NULL,'k31',NULL,NULL,NULL,60,10,NULL,NULL,NULL,NULL),
 (2227,43,'k',1,'2008-09-29 14:09:35',NULL,0,NULL,NULL,NULL,'k43',NULL,NULL,NULL,60,10,NULL,NULL,NULL,NULL),
 (2228,19,'k',1,'2008-09-29 14:09:35',NULL,0,NULL,NULL,NULL,'k19',NULL,NULL,NULL,60,10,NULL,NULL,NULL,NULL),
 (2229,34,'k',1,'2008-09-29 14:09:35',NULL,0,NULL,NULL,NULL,'k34',NULL,NULL,NULL,60,10,NULL,NULL,NULL,NULL),
 (2230,48,'k',1,'2008-09-29 14:09:35',NULL,0,NULL,NULL,NULL,'k48',NULL,NULL,NULL,60,10,NULL,NULL,NULL,NULL),
 (2231,7,'k',1,'2008-09-29 14:09:35',NULL,1,NULL,NULL,NULL,'k7',NULL,NULL,NULL,60,10,NULL,NULL,NULL,NULL),
 (2232,11,'k',1,'2008-09-29 14:09:35',NULL,1,NULL,NULL,NULL,'k11',NULL,NULL,NULL,60,10,NULL,NULL,NULL,NULL),
 (2233,33,'k',1,'2008-09-29 14:09:35',NULL,0,NULL,NULL,NULL,'k33',NULL,NULL,NULL,60,10,NULL,NULL,NULL,NULL),
 (2234,42,'k',1,'2008-09-29 14:09:35',NULL,0,NULL,NULL,NULL,'k42',NULL,NULL,NULL,60,10,NULL,NULL,NULL,NULL),
 (2235,15,'k',1,'2008-09-29 14:09:35',NULL,1,NULL,NULL,NULL,'k15',NULL,NULL,NULL,60,10,NULL,NULL,NULL,NULL),
 (2236,25,'k',1,'2008-09-29 14:09:35',NULL,0,NULL,NULL,NULL,'k25',NULL,NULL,NULL,60,10,NULL,NULL,NULL,NULL),
 (2237,45,'k',1,'2008-09-29 14:09:35',NULL,0,NULL,NULL,NULL,'k45',NULL,NULL,NULL,60,10,NULL,NULL,NULL,NULL),
 (2238,50,'k',1,'2008-09-29 14:09:35',NULL,0,NULL,NULL,NULL,'k50',NULL,NULL,NULL,60,10,NULL,NULL,NULL,NULL),
 (2239,2,'akram',1,'2008-09-29 14:54:26',NULL,1,NULL,NULL,NULL,'akram2',NULL,NULL,NULL,30,30,NULL,NULL,NULL,NULL),
 (2240,42,'akram',1,'2008-09-29 14:54:26',NULL,0,NULL,NULL,NULL,'akram42',NULL,NULL,NULL,30,30,NULL,NULL,NULL,NULL),
 (2241,26,'akram',1,'2008-09-29 14:54:26',NULL,0,NULL,NULL,NULL,'akram26',NULL,NULL,NULL,30,30,NULL,NULL,NULL,NULL),
 (2242,21,'akram',1,'2008-09-29 14:54:26',NULL,0,NULL,NULL,NULL,'akram21',NULL,NULL,NULL,30,30,NULL,NULL,NULL,NULL),
 (2243,5,'akram',1,'2008-09-29 14:54:26',NULL,1,NULL,NULL,NULL,'akram5',NULL,NULL,NULL,30,30,NULL,NULL,NULL,NULL),
 (2244,16,'akram',1,'2008-09-29 14:54:26',NULL,0,NULL,NULL,NULL,'akram16',NULL,NULL,NULL,30,30,NULL,NULL,NULL,NULL),
 (2245,17,'akram',1,'2008-09-29 14:54:26',NULL,0,NULL,NULL,NULL,'akram17',NULL,NULL,NULL,30,30,NULL,NULL,NULL,NULL),
 (2246,18,'akram',1,'2008-09-29 14:54:26',NULL,0,NULL,NULL,NULL,'akram18',NULL,NULL,NULL,30,30,NULL,NULL,NULL,NULL),
 (2247,39,'akram',1,'2008-09-29 14:54:26',NULL,0,NULL,NULL,NULL,'akram39',NULL,NULL,NULL,30,30,NULL,NULL,NULL,NULL),
 (2248,47,'akram',1,'2008-09-29 14:54:26',NULL,0,NULL,NULL,NULL,'akram47',NULL,NULL,NULL,30,30,NULL,NULL,NULL,NULL),
 (2249,4,'akram',1,'2008-09-29 14:54:26',NULL,1,NULL,NULL,NULL,'akram4',NULL,NULL,NULL,30,30,NULL,NULL,NULL,NULL),
 (2250,34,'akram',1,'2008-09-29 14:54:26',NULL,0,NULL,NULL,NULL,'akram34',NULL,NULL,NULL,30,30,NULL,NULL,NULL,NULL),
 (2251,19,'akram',1,'2008-09-29 14:54:26',NULL,0,NULL,NULL,NULL,'akram19',NULL,NULL,NULL,30,30,NULL,NULL,NULL,NULL),
 (2252,15,'akram',1,'2008-09-29 14:54:26',NULL,0,NULL,NULL,NULL,'akram15',NULL,NULL,NULL,30,30,NULL,NULL,NULL,NULL),
 (2253,25,'akram',1,'2008-09-29 14:54:26',NULL,0,NULL,NULL,NULL,'akram25',NULL,NULL,NULL,30,30,NULL,NULL,NULL,NULL),
 (2254,30,'akram',1,'2008-09-29 14:54:26',NULL,0,NULL,NULL,NULL,'akram30',NULL,NULL,NULL,30,30,NULL,NULL,NULL,NULL),
 (2255,45,'akram',1,'2008-09-29 14:54:26',NULL,0,NULL,NULL,NULL,'akram45',NULL,NULL,NULL,30,30,NULL,NULL,NULL,NULL),
 (2256,33,'akram',1,'2008-09-29 14:54:26',NULL,0,NULL,NULL,NULL,'akram33',NULL,NULL,NULL,30,30,NULL,NULL,NULL,NULL),
 (2257,50,'akram',1,'2008-09-29 14:54:26',NULL,0,NULL,NULL,NULL,'akram50',NULL,NULL,NULL,30,30,NULL,NULL,NULL,NULL),
 (2258,41,'akram',1,'2008-09-29 14:54:26',NULL,0,NULL,NULL,NULL,'akram41',NULL,NULL,NULL,30,30,NULL,NULL,NULL,NULL),
 (2259,27,'akram',1,'2008-09-29 14:54:26',NULL,0,NULL,NULL,NULL,'akram27',NULL,NULL,NULL,30,30,NULL,NULL,NULL,NULL),
 (2260,38,'akram',1,'2008-09-29 14:54:26',NULL,0,NULL,NULL,NULL,'akram38',NULL,NULL,NULL,30,30,NULL,NULL,NULL,NULL),
 (2261,37,'akram',1,'2008-09-29 14:54:26',NULL,0,NULL,NULL,NULL,'akram37',NULL,NULL,NULL,30,30,NULL,NULL,NULL,NULL),
 (2262,1,'akram',1,'2008-09-29 14:54:26',NULL,1,NULL,NULL,NULL,'akram1',NULL,NULL,NULL,30,30,NULL,NULL,NULL,NULL),
 (2263,31,'akram',1,'2008-09-29 14:54:26',NULL,0,NULL,NULL,NULL,'akram31',NULL,NULL,NULL,30,30,NULL,NULL,NULL,NULL),
 (2264,48,'akram',1,'2008-09-29 14:54:26',NULL,0,NULL,NULL,NULL,'akram48',NULL,NULL,NULL,30,30,NULL,NULL,NULL,NULL),
 (2265,29,'akram',1,'2008-09-29 14:54:26',NULL,0,NULL,NULL,NULL,'akram29',NULL,NULL,NULL,30,30,NULL,NULL,NULL,NULL),
 (2266,8,'akram',1,'2008-09-29 14:54:26',NULL,1,NULL,NULL,NULL,'akram8',NULL,NULL,NULL,30,30,NULL,NULL,NULL,NULL),
 (2267,14,'akram',1,'2008-09-29 14:54:26',NULL,0,NULL,NULL,NULL,'akram14',NULL,NULL,NULL,30,30,NULL,NULL,NULL,NULL),
 (2268,10,'akram',1,'2008-09-29 14:54:26',NULL,1,NULL,NULL,NULL,'akram10',NULL,NULL,NULL,30,30,NULL,NULL,NULL,NULL),
 (2269,9,'akram',1,'2008-09-29 14:54:26',NULL,1,NULL,NULL,NULL,'akram9',NULL,NULL,NULL,30,30,NULL,NULL,NULL,NULL),
 (2270,40,'akram',1,'2008-09-29 14:54:26',NULL,0,NULL,NULL,NULL,'akram40',NULL,NULL,NULL,30,30,NULL,NULL,NULL,NULL),
 (2271,13,'akram',1,'2008-09-29 14:54:26',NULL,0,NULL,NULL,NULL,'akram13',NULL,NULL,NULL,30,30,NULL,NULL,NULL,NULL),
 (2272,3,'akram',1,'2008-09-29 14:54:26',NULL,1,NULL,NULL,NULL,'akram3',NULL,NULL,NULL,30,30,NULL,NULL,NULL,NULL),
 (2273,23,'akram',1,'2008-09-29 14:54:26',NULL,0,NULL,NULL,NULL,'akram23',NULL,NULL,NULL,30,30,NULL,NULL,NULL,NULL),
 (2274,32,'akram',1,'2008-09-29 14:54:26',NULL,0,NULL,NULL,NULL,'akram32',NULL,NULL,NULL,30,30,NULL,NULL,NULL,NULL),
 (2275,49,'akram',1,'2008-09-29 14:54:26',NULL,0,NULL,NULL,NULL,'akram49',NULL,NULL,NULL,30,30,NULL,NULL,NULL,NULL),
 (2276,46,'akram',1,'2008-09-29 14:54:26',NULL,0,NULL,NULL,NULL,'akram46',NULL,NULL,NULL,30,30,NULL,NULL,NULL,NULL),
 (2277,20,'akram',1,'2008-09-29 14:54:26',NULL,0,NULL,NULL,NULL,'akram20',NULL,NULL,NULL,30,30,NULL,NULL,NULL,NULL),
 (2278,43,'akram',1,'2008-09-29 14:54:26',NULL,0,NULL,NULL,NULL,'akram43',NULL,NULL,NULL,30,30,NULL,NULL,NULL,NULL),
 (2279,24,'akram',1,'2008-09-29 14:54:26',NULL,0,NULL,NULL,NULL,'akram24',NULL,NULL,NULL,30,30,NULL,NULL,NULL,NULL),
 (2280,22,'akram',1,'2008-09-29 14:54:26',NULL,0,NULL,NULL,NULL,'akram22',NULL,NULL,NULL,30,30,NULL,NULL,NULL,NULL),
 (2281,35,'akram',1,'2008-09-29 14:54:26',NULL,0,NULL,NULL,NULL,'akram35',NULL,NULL,NULL,30,30,NULL,NULL,NULL,NULL),
 (2282,11,'akram',1,'2008-09-29 14:54:26',NULL,0,NULL,NULL,NULL,'akram11',NULL,NULL,NULL,30,30,NULL,NULL,NULL,NULL),
 (2283,6,'akram',1,'2008-09-29 14:54:26',NULL,1,NULL,NULL,NULL,'akram6',NULL,NULL,NULL,30,30,NULL,NULL,NULL,NULL),
 (2284,12,'akram',1,'2008-09-29 14:54:26',NULL,0,NULL,NULL,NULL,'akram12',NULL,NULL,NULL,30,30,NULL,NULL,NULL,NULL),
 (2285,36,'akram',1,'2008-09-29 14:54:26',NULL,0,NULL,NULL,NULL,'akram36',NULL,NULL,NULL,30,30,NULL,NULL,NULL,NULL),
 (2286,28,'akram',1,'2008-09-29 14:54:26',NULL,0,NULL,NULL,NULL,'akram28',NULL,NULL,NULL,30,30,NULL,NULL,NULL,NULL),
 (2287,7,'akram',1,'2008-09-29 14:54:26',NULL,1,NULL,NULL,NULL,'akram7',NULL,NULL,NULL,30,30,NULL,NULL,NULL,NULL),
 (2288,44,'akram',1,'2008-09-29 14:54:26',NULL,0,NULL,NULL,NULL,'akram44',NULL,NULL,NULL,30,30,NULL,NULL,NULL,NULL),
 (2289,46,'mycafe1',1,'2008-10-02 13:27:47',NULL,0,NULL,NULL,NULL,'mycafe146',NULL,NULL,NULL,1,1,NULL,NULL,NULL,NULL),
 (2290,18,'mycafe1',1,'2008-10-02 13:27:47',NULL,0,NULL,NULL,NULL,'mycafe118',NULL,NULL,NULL,1,1,NULL,NULL,NULL,NULL),
 (2291,27,'mycafe1',1,'2008-10-02 13:27:47',NULL,0,NULL,NULL,NULL,'mycafe127',NULL,NULL,NULL,1,1,NULL,NULL,NULL,NULL),
 (2292,32,'mycafe1',1,'2008-10-02 13:27:47',NULL,0,NULL,NULL,NULL,'mycafe132',NULL,NULL,NULL,1,1,NULL,NULL,NULL,NULL),
 (2293,29,'mycafe1',1,'2008-10-02 13:27:47',NULL,0,NULL,NULL,NULL,'mycafe129',NULL,NULL,NULL,1,1,NULL,NULL,NULL,NULL),
 (2294,43,'mycafe1',1,'2008-10-02 13:27:47',NULL,0,NULL,NULL,NULL,'mycafe143',NULL,NULL,NULL,1,1,NULL,NULL,NULL,NULL),
 (2295,11,'mycafe1',1,'2008-10-02 13:27:47',NULL,0,NULL,NULL,NULL,'mycafe111',NULL,NULL,NULL,1,1,NULL,NULL,NULL,NULL),
 (2296,24,'mycafe1',1,'2008-10-02 13:27:47',NULL,0,NULL,NULL,NULL,'mycafe124',NULL,NULL,NULL,1,1,NULL,NULL,NULL,NULL),
 (2297,4,'mycafe1',1,'2008-10-02 13:27:47',NULL,1,NULL,NULL,NULL,'mycafe14',NULL,NULL,NULL,1,1,NULL,NULL,NULL,NULL),
 (2298,41,'mycafe1',1,'2008-10-02 13:27:47',NULL,0,NULL,NULL,NULL,'mycafe141',NULL,NULL,NULL,1,1,NULL,NULL,NULL,NULL),
 (2299,23,'mycafe1',1,'2008-10-02 13:27:47',NULL,0,NULL,NULL,NULL,'mycafe123',NULL,NULL,NULL,1,1,NULL,NULL,NULL,NULL),
 (2300,38,'mycafe1',1,'2008-10-02 13:27:47',NULL,0,NULL,NULL,NULL,'mycafe138',NULL,NULL,NULL,1,1,NULL,NULL,NULL,NULL),
 (2301,34,'mycafe1',1,'2008-10-02 13:27:47',NULL,0,NULL,NULL,NULL,'mycafe134',NULL,NULL,NULL,1,1,NULL,NULL,NULL,NULL),
 (2302,45,'mycafe1',1,'2008-10-02 13:27:47',NULL,0,NULL,NULL,NULL,'mycafe145',NULL,NULL,NULL,1,1,NULL,NULL,NULL,NULL),
 (2303,30,'mycafe1',1,'2008-10-02 13:27:47',NULL,0,NULL,NULL,NULL,'mycafe130',NULL,NULL,NULL,1,1,NULL,NULL,NULL,NULL),
 (2304,22,'mycafe1',1,'2008-10-02 13:27:47',NULL,0,NULL,NULL,NULL,'mycafe122',NULL,NULL,NULL,1,1,NULL,NULL,NULL,NULL),
 (2305,40,'mycafe1',1,'2008-10-02 13:27:47',NULL,0,NULL,NULL,NULL,'mycafe140',NULL,NULL,NULL,1,1,NULL,NULL,NULL,NULL),
 (2306,49,'mycafe1',1,'2008-10-02 13:27:47',NULL,0,NULL,NULL,NULL,'mycafe149',NULL,NULL,NULL,1,1,NULL,NULL,NULL,NULL),
 (2307,35,'mycafe1',1,'2008-10-02 13:27:47',NULL,0,NULL,NULL,NULL,'mycafe135',NULL,NULL,NULL,1,1,NULL,NULL,NULL,NULL),
 (2308,8,'mycafe1',1,'2008-10-02 13:27:47',NULL,1,NULL,NULL,NULL,'mycafe18',NULL,NULL,NULL,1,1,NULL,NULL,NULL,NULL),
 (2309,21,'mycafe1',1,'2008-10-02 13:27:47',NULL,0,NULL,NULL,NULL,'mycafe121',NULL,NULL,NULL,1,1,NULL,NULL,NULL,NULL),
 (2310,39,'mycafe1',1,'2008-10-02 13:27:47',NULL,0,NULL,NULL,NULL,'mycafe139',NULL,NULL,NULL,1,1,NULL,NULL,NULL,NULL),
 (2311,16,'mycafe1',1,'2008-10-02 13:27:47',NULL,0,NULL,NULL,NULL,'mycafe116',NULL,NULL,NULL,1,1,NULL,NULL,NULL,NULL),
 (2312,25,'mycafe1',1,'2008-10-02 13:27:47',NULL,0,NULL,NULL,NULL,'mycafe125',NULL,NULL,NULL,1,1,NULL,NULL,NULL,NULL),
 (2313,26,'mycafe1',1,'2008-10-02 13:27:47',NULL,0,NULL,NULL,NULL,'mycafe126',NULL,NULL,NULL,1,1,NULL,NULL,NULL,NULL),
 (2314,20,'mycafe1',1,'2008-10-02 13:27:47',NULL,0,NULL,NULL,NULL,'mycafe120',NULL,NULL,NULL,1,1,NULL,NULL,NULL,NULL),
 (2315,42,'mycafe1',1,'2008-10-02 13:27:47',NULL,0,NULL,NULL,NULL,'mycafe142',NULL,NULL,NULL,1,1,NULL,NULL,NULL,NULL),
 (2316,9,'mycafe1',1,'2008-10-02 13:27:47',NULL,1,NULL,NULL,NULL,'mycafe19',NULL,NULL,NULL,1,1,NULL,NULL,NULL,NULL),
 (2317,19,'mycafe1',1,'2008-10-02 13:27:47',NULL,0,NULL,NULL,NULL,'mycafe119',NULL,NULL,NULL,1,1,NULL,NULL,NULL,NULL),
 (2318,13,'mycafe1',1,'2008-10-02 13:27:47',NULL,0,NULL,NULL,NULL,'mycafe113',NULL,NULL,NULL,1,1,NULL,NULL,NULL,NULL),
 (2319,15,'mycafe1',1,'2008-10-02 13:27:47',NULL,0,NULL,NULL,NULL,'mycafe115',NULL,NULL,NULL,1,1,NULL,NULL,NULL,NULL),
 (2320,5,'mycafe1',1,'2008-10-02 13:27:47',NULL,1,NULL,NULL,NULL,'mycafe15',NULL,NULL,NULL,1,1,NULL,NULL,NULL,NULL),
 (2321,2,'mycafe1',1,'2008-10-02 13:27:47',NULL,1,NULL,NULL,NULL,'mycafe12',NULL,NULL,NULL,1,1,NULL,NULL,NULL,NULL),
 (2322,6,'mycafe1',1,'2008-10-02 13:27:47',NULL,1,NULL,NULL,NULL,'mycafe16',NULL,NULL,NULL,1,1,NULL,NULL,NULL,NULL),
 (2323,14,'mycafe1',1,'2008-10-02 13:27:47',NULL,0,NULL,NULL,NULL,'mycafe114',NULL,NULL,NULL,1,1,NULL,NULL,NULL,NULL),
 (2324,44,'mycafe1',1,'2008-10-02 13:27:47',NULL,0,NULL,NULL,NULL,'mycafe144',NULL,NULL,NULL,1,1,NULL,NULL,NULL,NULL),
 (2325,47,'mycafe1',1,'2008-10-02 13:27:47',NULL,0,NULL,NULL,NULL,'mycafe147',NULL,NULL,NULL,1,1,NULL,NULL,NULL,NULL),
 (2326,48,'mycafe1',1,'2008-10-02 13:27:47',NULL,0,NULL,NULL,NULL,'mycafe148',NULL,NULL,NULL,1,1,NULL,NULL,NULL,NULL),
 (2327,28,'mycafe1',1,'2008-10-02 13:27:47',NULL,0,NULL,NULL,NULL,'mycafe128',NULL,NULL,NULL,1,1,NULL,NULL,NULL,NULL),
 (2328,50,'mycafe1',1,'2008-10-02 13:27:47',NULL,0,NULL,NULL,NULL,'mycafe150',NULL,NULL,NULL,1,1,NULL,NULL,NULL,NULL),
 (2329,12,'mycafe1',1,'2008-10-02 13:27:47',NULL,0,NULL,NULL,NULL,'mycafe112',NULL,NULL,NULL,1,1,NULL,NULL,NULL,NULL),
 (2330,33,'mycafe1',1,'2008-10-02 13:27:47',NULL,0,NULL,NULL,NULL,'mycafe133',NULL,NULL,NULL,1,1,NULL,NULL,NULL,NULL),
 (2331,3,'mycafe1',1,'2008-10-02 13:27:47',NULL,1,NULL,NULL,NULL,'mycafe13',NULL,NULL,NULL,1,1,NULL,NULL,NULL,NULL),
 (2332,31,'mycafe1',1,'2008-10-02 13:27:47',NULL,0,NULL,NULL,NULL,'mycafe131',NULL,NULL,NULL,1,1,NULL,NULL,NULL,NULL),
 (2333,37,'mycafe1',1,'2008-10-02 13:27:47',NULL,0,NULL,NULL,NULL,'mycafe137',NULL,NULL,NULL,1,1,NULL,NULL,NULL,NULL),
 (2334,1,'mycafe1',1,'2008-10-02 13:27:47',NULL,1,NULL,NULL,NULL,'mycafe11',NULL,NULL,NULL,1,1,NULL,NULL,NULL,NULL),
 (2335,17,'mycafe1',1,'2008-10-02 13:27:47',NULL,0,NULL,NULL,NULL,'mycafe117',NULL,NULL,NULL,1,1,NULL,NULL,NULL,NULL),
 (2336,10,'mycafe1',1,'2008-10-02 13:27:47',NULL,1,NULL,NULL,NULL,'mycafe110',NULL,NULL,NULL,1,1,NULL,NULL,NULL,NULL),
 (2337,36,'mycafe1',1,'2008-10-02 13:27:47',NULL,0,NULL,NULL,NULL,'mycafe136',NULL,NULL,NULL,1,1,NULL,NULL,NULL,NULL),
 (2338,7,'mycafe1',1,'2008-10-02 13:27:47',NULL,1,NULL,NULL,NULL,'mycafe17',NULL,NULL,NULL,1,1,NULL,NULL,NULL,NULL),
 (2339,43,'zrk zone',1,'2008-10-03 13:12:23',NULL,0,NULL,NULL,NULL,'zrk zone43',NULL,NULL,NULL,30,10,NULL,NULL,NULL,NULL),
 (2340,25,'zrk zone',1,'2008-10-03 13:12:23',NULL,0,NULL,NULL,NULL,'zrk zone25',NULL,NULL,NULL,30,10,NULL,NULL,NULL,NULL),
 (2341,5,'zrk zone',1,'2008-10-03 13:12:23',NULL,1,NULL,NULL,NULL,'zrk zone5',NULL,NULL,NULL,30,10,NULL,NULL,NULL,NULL),
 (2342,26,'zrk zone',1,'2008-10-03 13:12:23',NULL,0,NULL,NULL,NULL,'zrk zone26',NULL,NULL,NULL,30,10,NULL,NULL,NULL,NULL),
 (2343,44,'zrk zone',1,'2008-10-03 13:12:23',NULL,0,NULL,NULL,NULL,'zrk zone44',NULL,NULL,NULL,30,10,NULL,NULL,NULL,NULL),
 (2344,14,'zrk zone',1,'2008-10-03 13:12:23',NULL,0,NULL,NULL,NULL,'zrk zone14',NULL,NULL,NULL,30,10,NULL,NULL,NULL,NULL),
 (2345,11,'zrk zone',1,'2008-10-03 13:12:23',NULL,0,NULL,NULL,NULL,'zrk zone11',NULL,NULL,NULL,30,10,NULL,NULL,NULL,NULL),
 (2346,32,'zrk zone',1,'2008-10-03 13:12:23',NULL,0,NULL,NULL,NULL,'zrk zone32',NULL,NULL,NULL,30,10,NULL,NULL,NULL,NULL),
 (2347,6,'zrk zone',1,'2008-10-03 13:12:23',NULL,1,NULL,NULL,NULL,'zrk zone6',NULL,NULL,NULL,30,10,NULL,NULL,NULL,NULL),
 (2348,24,'zrk zone',1,'2008-10-03 13:12:23',NULL,0,NULL,NULL,NULL,'zrk zone24',NULL,NULL,NULL,30,10,NULL,NULL,NULL,NULL),
 (2349,36,'zrk zone',1,'2008-10-03 13:12:23',NULL,0,NULL,NULL,NULL,'zrk zone36',NULL,NULL,NULL,30,10,NULL,NULL,NULL,NULL),
 (2350,49,'zrk zone',1,'2008-10-03 13:12:23',NULL,0,NULL,NULL,NULL,'zrk zone49',NULL,NULL,NULL,30,10,NULL,NULL,NULL,NULL),
 (2351,29,'zrk zone',1,'2008-10-03 13:12:23',NULL,0,NULL,NULL,NULL,'zrk zone29',NULL,NULL,NULL,30,10,NULL,NULL,NULL,NULL),
 (2352,33,'zrk zone',1,'2008-10-03 13:12:23',NULL,0,NULL,NULL,NULL,'zrk zone33',NULL,NULL,NULL,30,10,NULL,NULL,NULL,NULL),
 (2353,50,'zrk zone',1,'2008-10-03 13:12:23',NULL,0,NULL,NULL,NULL,'zrk zone50',NULL,NULL,NULL,30,10,NULL,NULL,NULL,NULL),
 (2354,28,'zrk zone',1,'2008-10-03 13:12:23',NULL,0,NULL,NULL,NULL,'zrk zone28',NULL,NULL,NULL,30,10,NULL,NULL,NULL,NULL),
 (2355,39,'zrk zone',1,'2008-10-03 13:12:23',NULL,0,NULL,NULL,NULL,'zrk zone39',NULL,NULL,NULL,30,10,NULL,NULL,NULL,NULL),
 (2356,34,'zrk zone',1,'2008-10-03 13:12:23',NULL,0,NULL,NULL,NULL,'zrk zone34',NULL,NULL,NULL,30,10,NULL,NULL,NULL,NULL),
 (2357,27,'zrk zone',1,'2008-10-03 13:12:23',NULL,0,NULL,NULL,NULL,'zrk zone27',NULL,NULL,NULL,30,10,NULL,NULL,NULL,NULL),
 (2358,13,'zrk zone',1,'2008-10-03 13:12:23',NULL,0,NULL,NULL,NULL,'zrk zone13',NULL,NULL,NULL,30,10,NULL,NULL,NULL,NULL),
 (2359,12,'zrk zone',1,'2008-10-03 13:12:23',NULL,0,NULL,NULL,NULL,'zrk zone12',NULL,NULL,NULL,30,10,NULL,NULL,NULL,NULL),
 (2360,10,'zrk zone',1,'2008-10-03 13:12:23',NULL,1,NULL,NULL,NULL,'zrk zone10',NULL,NULL,NULL,30,10,NULL,NULL,NULL,NULL),
 (2361,21,'zrk zone',1,'2008-10-03 13:12:23',NULL,0,NULL,NULL,NULL,'zrk zone21',NULL,NULL,NULL,30,10,NULL,NULL,NULL,NULL),
 (2362,9,'zrk zone',1,'2008-10-03 13:12:24',NULL,1,NULL,NULL,NULL,'zrk zone9',NULL,NULL,NULL,30,10,NULL,NULL,NULL,NULL),
 (2363,22,'zrk zone',1,'2008-10-03 13:12:24',NULL,0,NULL,NULL,NULL,'zrk zone22',NULL,NULL,NULL,30,10,NULL,NULL,NULL,NULL),
 (2364,8,'zrk zone',1,'2008-10-03 13:12:24',NULL,1,NULL,NULL,NULL,'zrk zone8',NULL,NULL,NULL,30,10,NULL,NULL,NULL,NULL),
 (2365,3,'zrk zone',1,'2008-10-03 13:12:24',NULL,1,NULL,NULL,NULL,'zrk zone3',NULL,NULL,NULL,30,10,NULL,NULL,NULL,NULL),
 (2366,41,'zrk zone',1,'2008-10-03 13:12:24',NULL,0,NULL,NULL,NULL,'zrk zone41',NULL,NULL,NULL,30,10,NULL,NULL,NULL,NULL),
 (2367,38,'zrk zone',1,'2008-10-03 13:12:24',NULL,0,NULL,NULL,NULL,'zrk zone38',NULL,NULL,NULL,30,10,NULL,NULL,NULL,NULL),
 (2368,48,'zrk zone',1,'2008-10-03 13:12:24',NULL,0,NULL,NULL,NULL,'zrk zone48',NULL,NULL,NULL,30,10,NULL,NULL,NULL,NULL),
 (2369,47,'zrk zone',1,'2008-10-03 13:12:24',NULL,0,NULL,NULL,NULL,'zrk zone47',NULL,NULL,NULL,30,10,NULL,NULL,NULL,NULL),
 (2370,46,'zrk zone',1,'2008-10-03 13:12:24',NULL,0,NULL,NULL,NULL,'zrk zone46',NULL,NULL,NULL,30,10,NULL,NULL,NULL,NULL),
 (2371,19,'zrk zone',1,'2008-10-03 13:12:24',NULL,0,NULL,NULL,NULL,'zrk zone19',NULL,NULL,NULL,30,10,NULL,NULL,NULL,NULL),
 (2372,40,'zrk zone',1,'2008-10-03 13:12:24',NULL,0,NULL,NULL,NULL,'zrk zone40',NULL,NULL,NULL,30,10,NULL,NULL,NULL,NULL),
 (2373,31,'zrk zone',1,'2008-10-03 13:12:24',NULL,0,NULL,NULL,NULL,'zrk zone31',NULL,NULL,NULL,30,10,NULL,NULL,NULL,NULL),
 (2374,42,'zrk zone',1,'2008-10-03 13:12:24',NULL,0,NULL,NULL,NULL,'zrk zone42',NULL,NULL,NULL,30,10,NULL,NULL,NULL,NULL),
 (2375,17,'zrk zone',1,'2008-10-03 13:12:24',NULL,0,NULL,NULL,NULL,'zrk zone17',NULL,NULL,NULL,30,10,NULL,NULL,NULL,NULL),
 (2376,2,'zrk zone',1,'2008-10-03 13:12:24',NULL,1,NULL,NULL,NULL,'zrk zone2',NULL,NULL,NULL,30,10,'',NULL,NULL,NULL),
 (2377,18,'zrk zone',1,'2008-10-03 13:12:24',NULL,0,NULL,NULL,NULL,'zrk zone18',NULL,NULL,NULL,30,10,NULL,NULL,NULL,NULL),
 (2378,37,'zrk zone',1,'2008-10-03 13:12:24',NULL,0,NULL,NULL,NULL,'zrk zone37',NULL,NULL,NULL,30,10,NULL,NULL,NULL,NULL),
 (2379,15,'zrk zone',1,'2008-10-03 13:12:24',NULL,0,NULL,NULL,NULL,'zrk zone15',NULL,NULL,NULL,30,10,NULL,NULL,NULL,NULL),
 (2380,23,'zrk zone',1,'2008-10-03 13:12:24',NULL,0,NULL,NULL,NULL,'zrk zone23',NULL,NULL,NULL,30,10,NULL,NULL,NULL,NULL),
 (2381,4,'zrk zone',1,'2008-10-03 13:12:24',NULL,1,NULL,NULL,NULL,'zrk zone4',NULL,NULL,NULL,30,10,NULL,NULL,NULL,NULL),
 (2382,20,'zrk zone',1,'2008-10-03 13:12:24',NULL,0,NULL,NULL,NULL,'zrk zone20',NULL,NULL,NULL,30,10,NULL,NULL,NULL,NULL),
 (2383,45,'zrk zone',1,'2008-10-03 13:12:24',NULL,0,NULL,NULL,NULL,'zrk zone45',NULL,NULL,NULL,30,10,NULL,NULL,NULL,NULL),
 (2384,7,'zrk zone',1,'2008-10-03 13:12:24',NULL,1,NULL,NULL,NULL,'zrk zone7',NULL,NULL,NULL,30,10,NULL,NULL,NULL,NULL),
 (2385,30,'zrk zone',1,'2008-10-03 13:12:24',NULL,0,NULL,NULL,NULL,'zrk zone30',NULL,NULL,NULL,30,10,NULL,NULL,NULL,NULL),
 (2386,16,'zrk zone',1,'2008-10-03 13:12:24',NULL,0,NULL,NULL,NULL,'zrk zone16',NULL,NULL,NULL,30,10,NULL,NULL,NULL,NULL),
 (2387,1,'zrk zone',1,'2008-10-03 13:12:24',NULL,1,NULL,NULL,NULL,'zrk zone1',NULL,NULL,NULL,30,10,'',NULL,NULL,NULL),
 (2388,35,'zrk zone',1,'2008-10-03 13:12:24',NULL,0,NULL,NULL,NULL,'zrk zone35',NULL,NULL,NULL,30,10,NULL,NULL,NULL,NULL),
 (2389,13,'cyber park',1,'2008-10-03 19:15:03',NULL,0,NULL,NULL,NULL,'cyber park13',NULL,NULL,NULL,60,15,NULL,NULL,NULL,NULL),
 (2390,17,'cyber park',1,'2008-10-03 19:15:03',NULL,0,NULL,NULL,NULL,'cyber park17',NULL,NULL,NULL,60,15,NULL,NULL,NULL,NULL),
 (2391,44,'cyber park',1,'2008-10-03 19:15:03',NULL,0,NULL,NULL,NULL,'cyber park44',NULL,NULL,NULL,60,15,NULL,NULL,NULL,NULL),
 (2392,26,'cyber park',1,'2008-10-03 19:15:03',NULL,0,NULL,NULL,NULL,'cyber park26',NULL,NULL,NULL,60,15,NULL,NULL,NULL,NULL),
 (2393,6,'cyber park',1,'2008-10-03 19:15:03',NULL,1,NULL,NULL,NULL,'cyber park6',NULL,NULL,NULL,60,15,NULL,NULL,NULL,NULL),
 (2394,50,'cyber park',1,'2008-10-03 19:15:03',NULL,0,NULL,NULL,NULL,'cyber park50',NULL,NULL,NULL,60,15,NULL,NULL,NULL,NULL),
 (2395,18,'cyber park',1,'2008-10-03 19:15:03',NULL,0,NULL,NULL,NULL,'cyber park18',NULL,NULL,NULL,60,15,NULL,NULL,NULL,NULL),
 (2396,10,'cyber park',1,'2008-10-03 19:15:03',NULL,1,NULL,NULL,NULL,'cyber park10',NULL,NULL,NULL,60,15,NULL,NULL,NULL,NULL),
 (2397,25,'cyber park',1,'2008-10-03 19:15:03',NULL,0,NULL,NULL,NULL,'cyber park25',NULL,NULL,NULL,60,15,NULL,NULL,NULL,NULL),
 (2398,19,'cyber park',1,'2008-10-03 19:15:03',NULL,0,NULL,NULL,NULL,'cyber park19',NULL,NULL,NULL,60,15,NULL,NULL,NULL,NULL),
 (2399,2,'cyber park',1,'2008-10-03 19:15:03',NULL,1,NULL,NULL,NULL,'cyber park2',NULL,NULL,NULL,60,15,NULL,NULL,NULL,NULL),
 (2400,24,'cyber park',1,'2008-10-03 19:15:03',NULL,0,NULL,NULL,NULL,'cyber park24',NULL,NULL,NULL,60,15,NULL,NULL,NULL,NULL),
 (2401,5,'cyber park',1,'2008-10-03 19:15:03',NULL,1,NULL,NULL,NULL,'cyber park5',NULL,NULL,NULL,60,15,NULL,NULL,NULL,NULL),
 (2402,45,'cyber park',1,'2008-10-03 19:15:03',NULL,0,NULL,NULL,NULL,'cyber park45',NULL,NULL,NULL,60,15,NULL,NULL,NULL,NULL),
 (2403,14,'cyber park',1,'2008-10-03 19:15:03',NULL,0,NULL,NULL,NULL,'cyber park14',NULL,NULL,NULL,60,15,NULL,NULL,NULL,NULL),
 (2404,4,'cyber park',1,'2008-10-03 19:15:03',NULL,1,NULL,NULL,NULL,'cyber park4',NULL,NULL,NULL,60,15,NULL,NULL,NULL,NULL),
 (2405,27,'cyber park',1,'2008-10-03 19:15:03',NULL,0,NULL,NULL,NULL,'cyber park27',NULL,NULL,NULL,60,15,NULL,NULL,NULL,NULL),
 (2406,11,'cyber park',1,'2008-10-03 19:15:03',NULL,0,NULL,NULL,NULL,'cyber park11',NULL,NULL,NULL,60,15,NULL,NULL,NULL,NULL),
 (2407,15,'cyber park',1,'2008-10-03 19:15:03',NULL,0,NULL,NULL,NULL,'cyber park15',NULL,NULL,NULL,60,15,NULL,NULL,NULL,NULL),
 (2408,43,'cyber park',1,'2008-10-03 19:15:03',NULL,0,NULL,NULL,NULL,'cyber park43',NULL,NULL,NULL,60,15,NULL,NULL,NULL,NULL),
 (2409,39,'cyber park',1,'2008-10-03 19:15:03',NULL,0,NULL,NULL,NULL,'cyber park39',NULL,NULL,NULL,60,15,NULL,NULL,NULL,NULL),
 (2410,49,'cyber park',1,'2008-10-03 19:15:03',NULL,0,NULL,NULL,NULL,'cyber park49',NULL,NULL,NULL,60,15,NULL,NULL,NULL,NULL),
 (2411,29,'cyber park',1,'2008-10-03 19:15:03',NULL,0,NULL,NULL,NULL,'cyber park29',NULL,NULL,NULL,60,15,NULL,NULL,NULL,NULL),
 (2412,1,'cyber park',1,'2008-10-03 19:15:03',NULL,1,NULL,NULL,NULL,'cyber park1',NULL,NULL,NULL,60,15,NULL,NULL,NULL,NULL),
 (2413,8,'cyber park',1,'2008-10-03 19:15:03',NULL,1,NULL,NULL,NULL,'cyber park8',NULL,NULL,NULL,60,15,NULL,NULL,NULL,NULL),
 (2414,31,'cyber park',1,'2008-10-03 19:15:03',NULL,0,NULL,NULL,NULL,'cyber park31',NULL,NULL,NULL,60,15,NULL,NULL,NULL,NULL),
 (2415,33,'cyber park',1,'2008-10-03 19:15:03',NULL,0,NULL,NULL,NULL,'cyber park33',NULL,NULL,NULL,60,15,NULL,NULL,NULL,NULL),
 (2416,35,'cyber park',1,'2008-10-03 19:15:03',NULL,0,NULL,NULL,NULL,'cyber park35',NULL,NULL,NULL,60,15,NULL,NULL,NULL,NULL),
 (2417,7,'cyber park',1,'2008-10-03 19:15:03',NULL,1,NULL,NULL,NULL,'cyber park7',NULL,NULL,NULL,60,15,NULL,NULL,NULL,NULL),
 (2418,12,'cyber park',1,'2008-10-03 19:15:03',NULL,0,NULL,NULL,NULL,'cyber park12',NULL,NULL,NULL,60,15,NULL,NULL,NULL,NULL),
 (2419,20,'cyber park',1,'2008-10-03 19:15:03',NULL,0,NULL,NULL,NULL,'cyber park20',NULL,NULL,NULL,60,15,NULL,NULL,NULL,NULL),
 (2420,9,'cyber park',1,'2008-10-03 19:15:03',NULL,1,NULL,NULL,NULL,'cyber park9',NULL,NULL,NULL,60,15,NULL,NULL,NULL,NULL),
 (2421,47,'cyber park',1,'2008-10-03 19:15:03',NULL,0,NULL,NULL,NULL,'cyber park47',NULL,NULL,NULL,60,15,NULL,NULL,NULL,NULL),
 (2422,23,'cyber park',1,'2008-10-03 19:15:03',NULL,0,NULL,NULL,NULL,'cyber park23',NULL,NULL,NULL,60,15,NULL,NULL,NULL,NULL),
 (2423,30,'cyber park',1,'2008-10-03 19:15:03',NULL,0,NULL,NULL,NULL,'cyber park30',NULL,NULL,NULL,60,15,NULL,NULL,NULL,NULL),
 (2424,42,'cyber park',1,'2008-10-03 19:15:03',NULL,0,NULL,NULL,NULL,'cyber park42',NULL,NULL,NULL,60,15,NULL,NULL,NULL,NULL),
 (2425,34,'cyber park',1,'2008-10-03 19:15:03',NULL,0,NULL,NULL,NULL,'cyber park34',NULL,NULL,NULL,60,15,NULL,NULL,NULL,NULL),
 (2426,38,'cyber park',1,'2008-10-03 19:15:03',NULL,0,NULL,NULL,NULL,'cyber park38',NULL,NULL,NULL,60,15,NULL,NULL,NULL,NULL),
 (2427,16,'cyber park',1,'2008-10-03 19:15:03',NULL,0,NULL,NULL,NULL,'cyber park16',NULL,NULL,NULL,60,15,NULL,NULL,NULL,NULL),
 (2428,36,'cyber park',1,'2008-10-03 19:15:03',NULL,0,NULL,NULL,NULL,'cyber park36',NULL,NULL,NULL,60,15,NULL,NULL,NULL,NULL),
 (2429,37,'cyber park',1,'2008-10-03 19:15:03',NULL,0,NULL,NULL,NULL,'cyber park37',NULL,NULL,NULL,60,15,NULL,NULL,NULL,NULL),
 (2430,3,'cyber park',1,'2008-10-03 19:15:03',NULL,1,NULL,NULL,NULL,'cyber park3',NULL,NULL,NULL,60,15,NULL,NULL,NULL,NULL),
 (2431,28,'cyber park',1,'2008-10-03 19:15:03',NULL,0,NULL,NULL,NULL,'cyber park28',NULL,NULL,NULL,60,15,NULL,NULL,NULL,NULL),
 (2432,22,'cyber park',1,'2008-10-03 19:15:03',NULL,0,NULL,NULL,NULL,'cyber park22',NULL,NULL,NULL,60,15,NULL,NULL,NULL,NULL),
 (2433,21,'cyber park',1,'2008-10-03 19:15:03',NULL,0,NULL,NULL,NULL,'cyber park21',NULL,NULL,NULL,60,15,NULL,NULL,NULL,NULL),
 (2434,41,'cyber park',1,'2008-10-03 19:15:03',NULL,0,NULL,NULL,NULL,'cyber park41',NULL,NULL,NULL,60,15,NULL,NULL,NULL,NULL),
 (2435,48,'cyber park',1,'2008-10-03 19:15:03',NULL,0,NULL,NULL,NULL,'cyber park48',NULL,NULL,NULL,60,15,NULL,NULL,NULL,NULL),
 (2436,46,'cyber park',1,'2008-10-03 19:15:03',NULL,0,NULL,NULL,NULL,'cyber park46',NULL,NULL,NULL,60,15,NULL,NULL,NULL,NULL),
 (2437,32,'cyber park',1,'2008-10-03 19:15:03',NULL,0,NULL,NULL,NULL,'cyber park32',NULL,NULL,NULL,60,15,NULL,NULL,NULL,NULL),
 (2438,40,'cyber park',1,'2008-10-03 19:15:03',NULL,0,NULL,NULL,NULL,'cyber park40',NULL,NULL,NULL,60,15,NULL,NULL,NULL,NULL),
 (2439,36,'shubh',1,'2008-10-03 19:33:23',NULL,0,NULL,NULL,NULL,'shubh36',NULL,NULL,NULL,60,25,NULL,NULL,NULL,NULL),
 (2440,25,'shubh',1,'2008-10-03 19:33:23',NULL,0,NULL,NULL,NULL,'shubh25',NULL,NULL,NULL,60,25,NULL,NULL,NULL,NULL),
 (2441,15,'shubh',1,'2008-10-03 19:33:23',NULL,0,NULL,NULL,NULL,'shubh15',NULL,NULL,NULL,60,25,NULL,NULL,NULL,NULL),
 (2442,49,'shubh',1,'2008-10-03 19:33:23',NULL,0,NULL,NULL,NULL,'shubh49',NULL,NULL,NULL,60,25,NULL,NULL,NULL,NULL),
 (2443,10,'shubh',1,'2008-10-03 19:33:23',NULL,1,NULL,NULL,NULL,'shubh10',NULL,NULL,NULL,60,25,NULL,NULL,NULL,NULL),
 (2444,37,'shubh',1,'2008-10-03 19:33:23',NULL,0,NULL,NULL,NULL,'shubh37',NULL,NULL,NULL,60,25,NULL,NULL,NULL,NULL),
 (2445,40,'shubh',1,'2008-10-03 19:33:23',NULL,0,NULL,NULL,NULL,'shubh40',NULL,NULL,NULL,60,25,NULL,NULL,NULL,NULL),
 (2446,34,'shubh',1,'2008-10-03 19:33:23',NULL,0,NULL,NULL,NULL,'shubh34',NULL,NULL,NULL,60,25,NULL,NULL,NULL,NULL),
 (2447,38,'shubh',1,'2008-10-03 19:33:23',NULL,0,NULL,NULL,NULL,'shubh38',NULL,NULL,NULL,60,25,NULL,NULL,NULL,NULL),
 (2448,47,'shubh',1,'2008-10-03 19:33:23',NULL,0,NULL,NULL,NULL,'shubh47',NULL,NULL,NULL,60,25,NULL,NULL,NULL,NULL),
 (2449,24,'shubh',1,'2008-10-03 19:33:23',NULL,0,NULL,NULL,NULL,'shubh24',NULL,NULL,NULL,60,25,NULL,NULL,NULL,NULL),
 (2450,31,'shubh',1,'2008-10-03 19:33:23',NULL,0,NULL,NULL,NULL,'shubh31',NULL,NULL,NULL,60,25,NULL,NULL,NULL,NULL),
 (2451,7,'shubh',1,'2008-10-03 19:33:23',NULL,1,NULL,NULL,NULL,'shubh7',NULL,NULL,NULL,60,25,NULL,NULL,NULL,NULL),
 (2452,14,'shubh',1,'2008-10-03 19:33:23',NULL,0,NULL,NULL,NULL,'shubh14',NULL,NULL,NULL,60,25,NULL,NULL,NULL,NULL),
 (2453,11,'shubh',1,'2008-10-03 19:33:23',NULL,0,NULL,NULL,NULL,'shubh11',NULL,NULL,NULL,60,25,NULL,NULL,NULL,NULL),
 (2454,5,'shubh',1,'2008-10-03 19:33:23',NULL,1,NULL,NULL,NULL,'shubh5',NULL,NULL,NULL,60,25,NULL,NULL,NULL,NULL),
 (2455,19,'shubh',1,'2008-10-03 19:33:23',NULL,0,NULL,NULL,NULL,'shubh19',NULL,NULL,NULL,60,25,NULL,NULL,NULL,NULL),
 (2456,28,'shubh',1,'2008-10-03 19:33:23',NULL,0,NULL,NULL,NULL,'shubh28',NULL,NULL,NULL,60,25,NULL,NULL,NULL,NULL),
 (2457,20,'shubh',1,'2008-10-03 19:33:23',NULL,0,NULL,NULL,NULL,'shubh20',NULL,NULL,NULL,60,25,NULL,NULL,NULL,NULL),
 (2458,42,'shubh',1,'2008-10-03 19:33:23',NULL,0,NULL,NULL,NULL,'shubh42',NULL,NULL,NULL,60,25,NULL,NULL,NULL,NULL),
 (2459,22,'shubh',1,'2008-10-03 19:33:23',NULL,0,NULL,NULL,NULL,'shubh22',NULL,NULL,NULL,60,25,NULL,NULL,NULL,NULL),
 (2460,39,'shubh',1,'2008-10-03 19:33:23',NULL,0,NULL,NULL,NULL,'shubh39',NULL,NULL,NULL,60,25,NULL,NULL,NULL,NULL),
 (2461,23,'shubh',1,'2008-10-03 19:33:23',NULL,0,NULL,NULL,NULL,'shubh23',NULL,NULL,NULL,60,25,NULL,NULL,NULL,NULL),
 (2462,32,'shubh',1,'2008-10-03 19:33:23',NULL,0,NULL,NULL,NULL,'shubh32',NULL,NULL,NULL,60,25,NULL,NULL,NULL,NULL),
 (2463,48,'shubh',1,'2008-10-03 19:33:23',NULL,0,NULL,NULL,NULL,'shubh48',NULL,NULL,NULL,60,25,NULL,NULL,NULL,NULL),
 (2464,18,'shubh',1,'2008-10-03 19:33:23',NULL,0,NULL,NULL,NULL,'shubh18',NULL,NULL,NULL,60,25,NULL,NULL,NULL,NULL),
 (2465,4,'shubh',1,'2008-10-03 19:33:23',NULL,1,NULL,NULL,NULL,'shubh4',NULL,NULL,NULL,60,25,NULL,NULL,NULL,NULL),
 (2466,1,'shubh',1,'2008-10-03 19:33:23',NULL,1,NULL,NULL,NULL,'shubh1',NULL,NULL,NULL,60,25,NULL,NULL,NULL,NULL),
 (2467,33,'shubh',1,'2008-10-03 19:33:23',NULL,0,NULL,NULL,NULL,'shubh33',NULL,NULL,NULL,60,25,NULL,NULL,NULL,NULL),
 (2468,46,'shubh',1,'2008-10-03 19:33:23',NULL,0,NULL,NULL,NULL,'shubh46',NULL,NULL,NULL,60,25,NULL,NULL,NULL,NULL),
 (2469,3,'shubh',1,'2008-10-03 19:33:23',NULL,1,NULL,NULL,NULL,'shubh3',NULL,NULL,NULL,60,25,NULL,NULL,NULL,NULL),
 (2470,26,'shubh',1,'2008-10-03 19:33:23',NULL,0,NULL,NULL,NULL,'shubh26',NULL,NULL,NULL,60,25,NULL,NULL,NULL,NULL),
 (2471,27,'shubh',1,'2008-10-03 19:33:23',NULL,0,NULL,NULL,NULL,'shubh27',NULL,NULL,NULL,60,25,NULL,NULL,NULL,NULL),
 (2472,43,'shubh',1,'2008-10-03 19:33:23',NULL,0,NULL,NULL,NULL,'shubh43',NULL,NULL,NULL,60,25,NULL,NULL,NULL,NULL),
 (2473,21,'shubh',1,'2008-10-03 19:33:23',NULL,0,NULL,NULL,NULL,'shubh21',NULL,NULL,NULL,60,25,NULL,NULL,NULL,NULL),
 (2474,50,'shubh',1,'2008-10-03 19:33:23',NULL,0,NULL,NULL,NULL,'shubh50',NULL,NULL,NULL,60,25,NULL,NULL,NULL,NULL),
 (2475,9,'shubh',1,'2008-10-03 19:33:23',NULL,1,NULL,NULL,NULL,'shubh9',NULL,NULL,NULL,60,25,NULL,NULL,NULL,NULL),
 (2476,2,'shubh',1,'2008-10-03 19:33:23',NULL,1,NULL,NULL,NULL,'shubh2',NULL,NULL,NULL,60,25,NULL,NULL,NULL,NULL),
 (2477,8,'shubh',1,'2008-10-03 19:33:23',NULL,1,NULL,NULL,NULL,'shubh8',NULL,NULL,NULL,60,25,NULL,NULL,NULL,NULL),
 (2478,6,'shubh',1,'2008-10-03 19:33:23',NULL,1,NULL,NULL,NULL,'shubh6',NULL,NULL,NULL,60,25,NULL,NULL,NULL,NULL),
 (2479,44,'shubh',1,'2008-10-03 19:33:23',NULL,0,NULL,NULL,NULL,'shubh44',NULL,NULL,NULL,60,25,NULL,NULL,NULL,NULL),
 (2480,12,'shubh',1,'2008-10-03 19:33:23',NULL,0,NULL,NULL,NULL,'shubh12',NULL,NULL,NULL,60,25,NULL,NULL,NULL,NULL),
 (2481,17,'shubh',1,'2008-10-03 19:33:23',NULL,0,NULL,NULL,NULL,'shubh17',NULL,NULL,NULL,60,25,NULL,NULL,NULL,NULL),
 (2482,45,'shubh',1,'2008-10-03 19:33:23',NULL,0,NULL,NULL,NULL,'shubh45',NULL,NULL,NULL,60,25,NULL,NULL,NULL,NULL),
 (2483,16,'shubh',1,'2008-10-03 19:33:23',NULL,0,NULL,NULL,NULL,'shubh16',NULL,NULL,NULL,60,25,NULL,NULL,NULL,NULL),
 (2484,13,'shubh',1,'2008-10-03 19:33:23',NULL,0,NULL,NULL,NULL,'shubh13',NULL,NULL,NULL,60,25,NULL,NULL,NULL,NULL),
 (2485,41,'shubh',1,'2008-10-03 19:33:23',NULL,0,NULL,NULL,NULL,'shubh41',NULL,NULL,NULL,60,25,NULL,NULL,NULL,NULL),
 (2486,35,'shubh',1,'2008-10-03 19:33:23',NULL,0,NULL,NULL,NULL,'shubh35',NULL,NULL,NULL,60,25,NULL,NULL,NULL,NULL),
 (2487,29,'shubh',1,'2008-10-03 19:33:23',NULL,0,NULL,NULL,NULL,'shubh29',NULL,NULL,NULL,60,25,NULL,NULL,NULL,NULL),
 (2488,30,'shubh',1,'2008-10-03 19:33:23',NULL,0,NULL,NULL,NULL,'shubh30',NULL,NULL,NULL,60,25,NULL,NULL,NULL,NULL),
 (2489,20,'kingcobra',1,'2008-10-04 11:13:11',NULL,0,NULL,NULL,NULL,'kingcobra20',NULL,NULL,NULL,60,20,NULL,NULL,30,15),
 (2490,39,'kingcobra',1,'2008-10-04 11:13:11',NULL,0,NULL,NULL,NULL,'kingcobra39',NULL,NULL,NULL,60,20,NULL,NULL,30,15),
 (2491,3,'kingcobra',1,'2008-10-04 11:13:11',NULL,1,NULL,NULL,NULL,'kingcobra3',NULL,NULL,NULL,60,20,'',NULL,30,15),
 (2492,43,'kingcobra',1,'2008-10-04 11:13:11',NULL,0,NULL,NULL,NULL,'kingcobra43',NULL,NULL,NULL,60,20,NULL,NULL,30,15),
 (2493,18,'kingcobra',1,'2008-10-04 11:13:11',NULL,0,NULL,NULL,NULL,'kingcobra18',NULL,NULL,NULL,60,20,NULL,NULL,30,15),
 (2494,34,'kingcobra',1,'2008-10-04 11:13:11',NULL,0,NULL,NULL,NULL,'kingcobra34',NULL,NULL,NULL,60,20,NULL,NULL,30,15),
 (2495,47,'kingcobra',1,'2008-10-04 11:13:11',NULL,0,NULL,NULL,NULL,'kingcobra47',NULL,NULL,NULL,60,20,NULL,NULL,30,15),
 (2496,40,'kingcobra',1,'2008-10-04 11:13:11',NULL,0,NULL,NULL,NULL,'kingcobra40',NULL,NULL,NULL,60,20,NULL,NULL,30,15),
 (2497,33,'kingcobra',1,'2008-10-04 11:13:11',NULL,0,NULL,NULL,NULL,'kingcobra33',NULL,NULL,NULL,60,20,NULL,NULL,30,15),
 (2498,6,'kingcobra',1,'2008-10-04 11:13:11',NULL,1,NULL,NULL,NULL,'kingcobra6',NULL,NULL,NULL,60,20,NULL,NULL,30,15),
 (2499,46,'kingcobra',1,'2008-10-04 11:13:11',NULL,0,NULL,NULL,NULL,'kingcobra46',NULL,NULL,NULL,60,20,NULL,NULL,30,15),
 (2500,32,'kingcobra',1,'2008-10-04 11:13:11',NULL,0,NULL,NULL,NULL,'kingcobra32',NULL,NULL,NULL,60,20,NULL,NULL,30,15),
 (2501,26,'kingcobra',1,'2008-10-04 11:13:11',NULL,0,NULL,NULL,NULL,'kingcobra26',NULL,NULL,NULL,60,20,NULL,NULL,30,15),
 (2502,42,'kingcobra',1,'2008-10-04 11:13:11',NULL,0,NULL,NULL,NULL,'kingcobra42',NULL,NULL,NULL,60,20,NULL,NULL,30,15),
 (2503,8,'kingcobra',1,'2008-10-04 11:13:11',NULL,1,NULL,NULL,NULL,'kingcobra8',NULL,NULL,NULL,60,20,NULL,NULL,30,15),
 (2504,17,'kingcobra',1,'2008-10-04 11:13:11',NULL,0,NULL,NULL,NULL,'kingcobra17',NULL,NULL,NULL,60,20,NULL,NULL,30,15),
 (2505,7,'kingcobra',1,'2008-10-04 11:13:11',NULL,1,NULL,NULL,NULL,'kingcobra7',NULL,NULL,NULL,60,20,NULL,NULL,30,15),
 (2506,5,'kingcobra',1,'2008-10-04 11:13:11',NULL,1,NULL,NULL,NULL,'kingcobra5',NULL,NULL,NULL,60,20,'',NULL,30,15),
 (2507,45,'kingcobra',1,'2008-10-04 11:13:11',NULL,0,NULL,NULL,NULL,'kingcobra45',NULL,NULL,NULL,60,20,NULL,NULL,30,15),
 (2508,14,'kingcobra',1,'2008-10-04 11:13:11',NULL,0,NULL,NULL,NULL,'kingcobra14',NULL,NULL,NULL,60,20,NULL,NULL,30,15),
 (2509,22,'kingcobra',1,'2008-10-04 11:13:11',NULL,0,NULL,NULL,NULL,'kingcobra22',NULL,NULL,NULL,60,20,NULL,NULL,30,15),
 (2510,2,'kingcobra',1,'2008-10-04 11:13:11',NULL,1,NULL,NULL,NULL,'kingcobra2',NULL,NULL,NULL,60,20,'',NULL,30,15),
 (2511,38,'kingcobra',1,'2008-10-04 11:13:11',NULL,0,NULL,NULL,NULL,'kingcobra38',NULL,NULL,NULL,60,20,NULL,NULL,30,15),
 (2512,37,'kingcobra',1,'2008-10-04 11:13:11',NULL,0,NULL,NULL,NULL,'kingcobra37',NULL,NULL,NULL,60,20,NULL,NULL,30,15),
 (2513,48,'kingcobra',1,'2008-10-04 11:13:11',NULL,0,NULL,NULL,NULL,'kingcobra48',NULL,NULL,NULL,60,20,NULL,NULL,30,15),
 (2514,29,'kingcobra',1,'2008-10-04 11:13:11',NULL,0,NULL,NULL,NULL,'kingcobra29',NULL,NULL,NULL,60,20,NULL,NULL,30,15),
 (2515,11,'kingcobra',1,'2008-10-04 11:13:11',NULL,0,NULL,NULL,NULL,'kingcobra11',NULL,NULL,NULL,60,20,NULL,NULL,30,15),
 (2516,30,'kingcobra',1,'2008-10-04 11:13:11',NULL,0,NULL,NULL,NULL,'kingcobra30',NULL,NULL,NULL,60,20,NULL,NULL,30,15),
 (2517,23,'kingcobra',1,'2008-10-04 11:13:11',NULL,0,NULL,NULL,NULL,'kingcobra23',NULL,NULL,NULL,60,20,NULL,NULL,30,15),
 (2518,31,'kingcobra',1,'2008-10-04 11:13:11',NULL,0,NULL,NULL,NULL,'kingcobra31',NULL,NULL,NULL,60,20,NULL,NULL,30,15),
 (2519,25,'kingcobra',1,'2008-10-04 11:13:11',NULL,0,NULL,NULL,NULL,'kingcobra25',NULL,NULL,NULL,60,20,NULL,NULL,30,15),
 (2520,35,'kingcobra',1,'2008-10-04 11:13:11',NULL,0,NULL,NULL,NULL,'kingcobra35',NULL,NULL,NULL,60,20,NULL,NULL,30,15),
 (2521,13,'kingcobra',1,'2008-10-04 11:13:11',NULL,0,NULL,NULL,NULL,'kingcobra13',NULL,NULL,NULL,60,20,NULL,NULL,30,15),
 (2522,16,'kingcobra',1,'2008-10-04 11:13:11',NULL,0,NULL,NULL,NULL,'kingcobra16',NULL,NULL,NULL,60,20,NULL,NULL,30,15),
 (2523,24,'kingcobra',1,'2008-10-04 11:13:11',NULL,0,NULL,NULL,NULL,'kingcobra24',NULL,NULL,NULL,60,20,NULL,NULL,30,15),
 (2524,50,'kingcobra',1,'2008-10-04 11:13:11',NULL,0,NULL,NULL,NULL,'kingcobra50',NULL,NULL,NULL,60,20,NULL,NULL,30,15),
 (2525,36,'kingcobra',1,'2008-10-04 11:13:11',NULL,0,NULL,NULL,NULL,'kingcobra36',NULL,NULL,NULL,60,20,NULL,NULL,30,15),
 (2526,21,'kingcobra',1,'2008-10-04 11:13:11',NULL,0,NULL,NULL,NULL,'kingcobra21',NULL,NULL,NULL,60,20,NULL,NULL,30,15),
 (2527,44,'kingcobra',1,'2008-10-04 11:13:11',NULL,0,NULL,NULL,NULL,'kingcobra44',NULL,NULL,NULL,60,20,NULL,NULL,30,15),
 (2528,4,'kingcobra',1,'2008-10-04 11:13:11',NULL,1,NULL,NULL,NULL,'kingcobra4',NULL,NULL,NULL,60,20,'',NULL,30,15),
 (2529,9,'kingcobra',1,'2008-10-04 11:13:11',NULL,1,NULL,NULL,NULL,'kingcobra9',NULL,NULL,NULL,60,20,NULL,NULL,30,15),
 (2530,15,'kingcobra',1,'2008-10-04 11:13:11',NULL,0,NULL,NULL,NULL,'kingcobra15',NULL,NULL,NULL,60,20,NULL,NULL,30,15);
INSERT INTO `systems` (`id`,`name`,`organization`,`is_available`,`expected_free_time`,`description`,`enabled`,`is_shutdown`,`create_user`,`create_date`,`mac_address`,`ip_address`,`status_`,`comment`,`minimum_minutes`,`rate`,`current_user_email`,`start_time`,`lower_minimum_minutes`,`lower_rate`) VALUES 
 (2531,41,'kingcobra',1,'2008-10-04 11:13:11',NULL,0,NULL,NULL,NULL,'kingcobra41',NULL,NULL,NULL,60,20,NULL,NULL,30,15),
 (2532,27,'kingcobra',1,'2008-10-04 11:13:11',NULL,0,NULL,NULL,NULL,'kingcobra27',NULL,NULL,NULL,60,20,NULL,NULL,30,15),
 (2533,19,'kingcobra',1,'2008-10-04 11:13:11',NULL,0,NULL,NULL,NULL,'kingcobra19',NULL,NULL,NULL,60,20,NULL,NULL,30,15),
 (2534,12,'kingcobra',1,'2008-10-04 11:13:11',NULL,0,NULL,NULL,NULL,'kingcobra12',NULL,NULL,NULL,60,20,NULL,NULL,30,15),
 (2535,1,'kingcobra',0,'2008-10-04 11:13:11','',1,NULL,NULL,NULL,'kingcobra1',NULL,NULL,NULL,60,20,'immortal_soul11@yahoo.com','2008-10-06 09:23:36',30,15),
 (2536,49,'kingcobra',1,'2008-10-04 11:13:11',NULL,0,NULL,NULL,NULL,'kingcobra49',NULL,NULL,NULL,60,20,NULL,NULL,30,15),
 (2537,10,'kingcobra',1,'2008-10-04 11:13:11',NULL,1,NULL,NULL,NULL,'kingcobra10',NULL,NULL,NULL,60,20,NULL,NULL,30,15),
 (2538,28,'kingcobra',1,'2008-10-04 11:13:11',NULL,0,NULL,NULL,NULL,'kingcobra28',NULL,NULL,NULL,60,20,NULL,NULL,30,15),
 (2539,26,'bia',1,'2008-10-04 11:41:03',NULL,0,NULL,NULL,NULL,'bia26',NULL,NULL,NULL,30,30,NULL,NULL,NULL,NULL),
 (2540,7,'bia',1,'2008-10-04 11:41:03',NULL,1,NULL,NULL,NULL,'bia7',NULL,NULL,NULL,30,30,NULL,NULL,NULL,NULL),
 (2541,48,'bia',1,'2008-10-04 11:41:04',NULL,0,NULL,NULL,NULL,'bia48',NULL,NULL,NULL,30,30,NULL,NULL,NULL,NULL),
 (2542,18,'bia',1,'2008-10-04 11:41:04',NULL,0,NULL,NULL,NULL,'bia18',NULL,NULL,NULL,30,30,NULL,NULL,NULL,NULL),
 (2543,25,'bia',1,'2008-10-04 11:41:04',NULL,0,NULL,NULL,NULL,'bia25',NULL,NULL,NULL,30,30,NULL,NULL,NULL,NULL),
 (2544,17,'bia',1,'2008-10-04 11:41:04',NULL,0,NULL,NULL,NULL,'bia17',NULL,NULL,NULL,30,30,NULL,NULL,NULL,NULL),
 (2545,23,'bia',1,'2008-10-04 11:41:04',NULL,0,NULL,NULL,NULL,'bia23',NULL,NULL,NULL,30,30,NULL,NULL,NULL,NULL),
 (2546,14,'bia',1,'2008-10-04 11:41:04',NULL,0,NULL,NULL,NULL,'bia14',NULL,NULL,NULL,30,30,NULL,NULL,NULL,NULL),
 (2547,36,'bia',1,'2008-10-04 11:41:04',NULL,0,NULL,NULL,NULL,'bia36',NULL,NULL,NULL,30,30,NULL,NULL,NULL,NULL),
 (2548,28,'bia',1,'2008-10-04 11:41:04',NULL,0,NULL,NULL,NULL,'bia28',NULL,NULL,NULL,30,30,NULL,NULL,NULL,NULL),
 (2549,44,'bia',1,'2008-10-04 11:41:04',NULL,0,NULL,NULL,NULL,'bia44',NULL,NULL,NULL,30,30,NULL,NULL,NULL,NULL),
 (2550,19,'bia',1,'2008-10-04 11:41:04',NULL,0,NULL,NULL,NULL,'bia19',NULL,NULL,NULL,30,30,NULL,NULL,NULL,NULL),
 (2551,29,'bia',1,'2008-10-04 11:41:04',NULL,0,NULL,NULL,NULL,'bia29',NULL,NULL,NULL,30,30,NULL,NULL,NULL,NULL),
 (2552,22,'bia',1,'2008-10-04 11:41:04',NULL,0,NULL,NULL,NULL,'bia22',NULL,NULL,NULL,30,30,NULL,NULL,NULL,NULL),
 (2553,31,'bia',1,'2008-10-04 11:41:04',NULL,0,NULL,NULL,NULL,'bia31',NULL,NULL,NULL,30,30,NULL,NULL,NULL,NULL),
 (2554,49,'bia',1,'2008-10-04 11:41:04',NULL,0,NULL,NULL,NULL,'bia49',NULL,NULL,NULL,30,30,NULL,NULL,NULL,NULL),
 (2555,27,'bia',1,'2008-10-04 11:41:04',NULL,0,NULL,NULL,NULL,'bia27',NULL,NULL,NULL,30,30,NULL,NULL,NULL,NULL),
 (2556,24,'bia',1,'2008-10-04 11:41:04',NULL,0,NULL,NULL,NULL,'bia24',NULL,NULL,NULL,30,30,NULL,NULL,NULL,NULL),
 (2557,2,'bia',1,'2008-10-04 11:41:04',NULL,1,NULL,NULL,NULL,'bia2',NULL,NULL,NULL,30,30,NULL,NULL,NULL,NULL),
 (2558,15,'bia',1,'2008-10-04 11:41:04',NULL,0,NULL,NULL,NULL,'bia15',NULL,NULL,NULL,30,30,NULL,NULL,NULL,NULL),
 (2559,32,'bia',1,'2008-10-04 11:41:04',NULL,0,NULL,NULL,NULL,'bia32',NULL,NULL,NULL,30,30,NULL,NULL,NULL,NULL),
 (2560,5,'bia',1,'2008-10-04 11:41:04',NULL,1,NULL,NULL,NULL,'bia5',NULL,NULL,NULL,30,30,NULL,NULL,NULL,NULL),
 (2561,41,'bia',1,'2008-10-04 11:41:04',NULL,0,NULL,NULL,NULL,'bia41',NULL,NULL,NULL,30,30,NULL,NULL,NULL,NULL),
 (2562,13,'bia',1,'2008-10-04 11:41:04',NULL,0,NULL,NULL,NULL,'bia13',NULL,NULL,NULL,30,30,NULL,NULL,NULL,NULL),
 (2563,3,'bia',1,'2008-10-04 11:41:04',NULL,1,NULL,NULL,NULL,'bia3',NULL,NULL,NULL,30,30,NULL,NULL,NULL,NULL),
 (2564,47,'bia',1,'2008-10-04 11:41:04',NULL,0,NULL,NULL,NULL,'bia47',NULL,NULL,NULL,30,30,NULL,NULL,NULL,NULL),
 (2565,46,'bia',1,'2008-10-04 11:41:04',NULL,0,NULL,NULL,NULL,'bia46',NULL,NULL,NULL,30,30,NULL,NULL,NULL,NULL),
 (2566,16,'bia',1,'2008-10-04 11:41:04',NULL,0,NULL,NULL,NULL,'bia16',NULL,NULL,NULL,30,30,NULL,NULL,NULL,NULL),
 (2567,39,'bia',1,'2008-10-04 11:41:04',NULL,0,NULL,NULL,NULL,'bia39',NULL,NULL,NULL,30,30,NULL,NULL,NULL,NULL),
 (2568,33,'bia',1,'2008-10-04 11:41:04',NULL,0,NULL,NULL,NULL,'bia33',NULL,NULL,NULL,30,30,NULL,NULL,NULL,NULL),
 (2569,40,'bia',1,'2008-10-04 11:41:04',NULL,0,NULL,NULL,NULL,'bia40',NULL,NULL,NULL,30,30,NULL,NULL,NULL,NULL),
 (2570,50,'bia',1,'2008-10-04 11:41:04',NULL,0,NULL,NULL,NULL,'bia50',NULL,NULL,NULL,30,30,NULL,NULL,NULL,NULL),
 (2571,1,'bia',1,'2008-10-04 11:41:04',NULL,1,NULL,NULL,NULL,'bia1',NULL,NULL,NULL,30,30,NULL,NULL,NULL,NULL),
 (2572,11,'bia',1,'2008-10-04 11:41:04',NULL,0,NULL,NULL,NULL,'bia11',NULL,NULL,NULL,30,30,NULL,NULL,NULL,NULL),
 (2573,9,'bia',1,'2008-10-04 11:41:04',NULL,1,NULL,NULL,NULL,'bia9',NULL,NULL,NULL,30,30,NULL,NULL,NULL,NULL),
 (2574,12,'bia',1,'2008-10-04 11:41:04',NULL,0,NULL,NULL,NULL,'bia12',NULL,NULL,NULL,30,30,NULL,NULL,NULL,NULL),
 (2575,35,'bia',1,'2008-10-04 11:41:04',NULL,0,NULL,NULL,NULL,'bia35',NULL,NULL,NULL,30,30,NULL,NULL,NULL,NULL),
 (2576,43,'bia',1,'2008-10-04 11:41:04',NULL,0,NULL,NULL,NULL,'bia43',NULL,NULL,NULL,30,30,NULL,NULL,NULL,NULL),
 (2577,38,'bia',1,'2008-10-04 11:41:04',NULL,0,NULL,NULL,NULL,'bia38',NULL,NULL,NULL,30,30,NULL,NULL,NULL,NULL),
 (2578,20,'bia',1,'2008-10-04 11:41:04',NULL,0,NULL,NULL,NULL,'bia20',NULL,NULL,NULL,30,30,NULL,NULL,NULL,NULL),
 (2579,8,'bia',1,'2008-10-04 11:41:04',NULL,1,NULL,NULL,NULL,'bia8',NULL,NULL,NULL,30,30,NULL,NULL,NULL,NULL),
 (2580,6,'bia',1,'2008-10-04 11:41:04',NULL,1,NULL,NULL,NULL,'bia6',NULL,NULL,NULL,30,30,NULL,NULL,NULL,NULL),
 (2581,42,'bia',1,'2008-10-04 11:41:04',NULL,0,NULL,NULL,NULL,'bia42',NULL,NULL,NULL,30,30,NULL,NULL,NULL,NULL),
 (2582,4,'bia',1,'2008-10-04 11:41:04',NULL,1,NULL,NULL,NULL,'bia4',NULL,NULL,NULL,30,30,NULL,NULL,NULL,NULL),
 (2583,37,'bia',1,'2008-10-04 11:41:04',NULL,0,NULL,NULL,NULL,'bia37',NULL,NULL,NULL,30,30,NULL,NULL,NULL,NULL),
 (2584,45,'bia',1,'2008-10-04 11:41:04',NULL,0,NULL,NULL,NULL,'bia45',NULL,NULL,NULL,30,30,NULL,NULL,NULL,NULL),
 (2585,10,'bia',1,'2008-10-04 11:41:04',NULL,1,NULL,NULL,NULL,'bia10',NULL,NULL,NULL,30,30,NULL,NULL,NULL,NULL),
 (2586,30,'bia',1,'2008-10-04 11:41:04',NULL,0,NULL,NULL,NULL,'bia30',NULL,NULL,NULL,30,30,NULL,NULL,NULL,NULL),
 (2587,21,'bia',1,'2008-10-04 11:41:04',NULL,0,NULL,NULL,NULL,'bia21',NULL,NULL,NULL,30,30,NULL,NULL,NULL,NULL),
 (2588,34,'bia',1,'2008-10-04 11:41:04',NULL,0,NULL,NULL,NULL,'bia34',NULL,NULL,NULL,30,30,NULL,NULL,NULL,NULL),
 (2589,6,'arran computers',1,'2008-10-05 11:28:26',NULL,1,NULL,NULL,NULL,'arran computers6',NULL,NULL,NULL,60,15,NULL,NULL,NULL,NULL),
 (2590,1,'arran computers',1,'2008-10-05 11:28:26',NULL,1,NULL,NULL,NULL,'arran computers1',NULL,NULL,NULL,60,15,NULL,NULL,NULL,NULL),
 (2591,44,'arran computers',1,'2008-10-05 11:28:26',NULL,0,NULL,NULL,NULL,'arran computers44',NULL,NULL,NULL,60,15,NULL,NULL,NULL,NULL),
 (2592,21,'arran computers',1,'2008-10-05 11:28:26',NULL,0,NULL,NULL,NULL,'arran computers21',NULL,NULL,NULL,60,15,NULL,NULL,NULL,NULL),
 (2593,8,'arran computers',1,'2008-10-05 11:28:26',NULL,1,NULL,NULL,NULL,'arran computers8',NULL,NULL,NULL,60,15,NULL,NULL,NULL,NULL),
 (2594,5,'arran computers',1,'2008-10-05 11:28:26',NULL,1,NULL,NULL,NULL,'arran computers5',NULL,NULL,NULL,60,15,NULL,NULL,NULL,NULL),
 (2595,20,'arran computers',1,'2008-10-05 11:28:26',NULL,0,NULL,NULL,NULL,'arran computers20',NULL,NULL,NULL,60,15,NULL,NULL,NULL,NULL),
 (2596,38,'arran computers',1,'2008-10-05 11:28:26',NULL,0,NULL,NULL,NULL,'arran computers38',NULL,NULL,NULL,60,15,NULL,NULL,NULL,NULL),
 (2597,43,'arran computers',1,'2008-10-05 11:28:26',NULL,0,NULL,NULL,NULL,'arran computers43',NULL,NULL,NULL,60,15,NULL,NULL,NULL,NULL),
 (2598,17,'arran computers',1,'2008-10-05 11:28:26',NULL,0,NULL,NULL,NULL,'arran computers17',NULL,NULL,NULL,60,15,NULL,NULL,NULL,NULL),
 (2599,11,'arran computers',1,'2008-10-05 11:28:26',NULL,0,NULL,NULL,NULL,'arran computers11',NULL,NULL,NULL,60,15,NULL,NULL,NULL,NULL),
 (2600,34,'arran computers',1,'2008-10-05 11:28:26',NULL,0,NULL,NULL,NULL,'arran computers34',NULL,NULL,NULL,60,15,NULL,NULL,NULL,NULL),
 (2601,29,'arran computers',1,'2008-10-05 11:28:26',NULL,0,NULL,NULL,NULL,'arran computers29',NULL,NULL,NULL,60,15,NULL,NULL,NULL,NULL),
 (2602,23,'arran computers',1,'2008-10-05 11:28:26',NULL,0,NULL,NULL,NULL,'arran computers23',NULL,NULL,NULL,60,15,NULL,NULL,NULL,NULL),
 (2603,12,'arran computers',1,'2008-10-05 11:28:26',NULL,0,NULL,NULL,NULL,'arran computers12',NULL,NULL,NULL,60,15,NULL,NULL,NULL,NULL),
 (2604,46,'arran computers',1,'2008-10-05 11:28:26',NULL,0,NULL,NULL,NULL,'arran computers46',NULL,NULL,NULL,60,15,NULL,NULL,NULL,NULL),
 (2605,14,'arran computers',1,'2008-10-05 11:28:26',NULL,0,NULL,NULL,NULL,'arran computers14',NULL,NULL,NULL,60,15,NULL,NULL,NULL,NULL),
 (2606,41,'arran computers',1,'2008-10-05 11:28:26',NULL,0,NULL,NULL,NULL,'arran computers41',NULL,NULL,NULL,60,15,NULL,NULL,NULL,NULL),
 (2607,18,'arran computers',1,'2008-10-05 11:28:26',NULL,0,NULL,NULL,NULL,'arran computers18',NULL,NULL,NULL,60,15,NULL,NULL,NULL,NULL),
 (2608,16,'arran computers',1,'2008-10-05 11:28:26',NULL,0,NULL,NULL,NULL,'arran computers16',NULL,NULL,NULL,60,15,NULL,NULL,NULL,NULL),
 (2609,48,'arran computers',1,'2008-10-05 11:28:26',NULL,0,NULL,NULL,NULL,'arran computers48',NULL,NULL,NULL,60,15,NULL,NULL,NULL,NULL),
 (2610,22,'arran computers',1,'2008-10-05 11:28:26',NULL,0,NULL,NULL,NULL,'arran computers22',NULL,NULL,NULL,60,15,NULL,NULL,NULL,NULL),
 (2611,9,'arran computers',1,'2008-10-05 11:28:26',NULL,1,NULL,NULL,NULL,'arran computers9',NULL,NULL,NULL,60,15,NULL,NULL,NULL,NULL),
 (2612,2,'arran computers',1,'2008-10-05 11:28:26',NULL,1,NULL,NULL,NULL,'arran computers2',NULL,NULL,NULL,60,15,NULL,NULL,NULL,NULL),
 (2613,31,'arran computers',1,'2008-10-05 11:28:26',NULL,0,NULL,NULL,NULL,'arran computers31',NULL,NULL,NULL,60,15,NULL,NULL,NULL,NULL),
 (2614,4,'arran computers',1,'2008-10-05 11:28:26',NULL,1,NULL,NULL,NULL,'arran computers4',NULL,NULL,NULL,60,15,NULL,NULL,NULL,NULL),
 (2615,15,'arran computers',1,'2008-10-05 11:28:26',NULL,0,NULL,NULL,NULL,'arran computers15',NULL,NULL,NULL,60,15,NULL,NULL,NULL,NULL),
 (2616,49,'arran computers',1,'2008-10-05 11:28:26',NULL,0,NULL,NULL,NULL,'arran computers49',NULL,NULL,NULL,60,15,NULL,NULL,NULL,NULL),
 (2617,50,'arran computers',1,'2008-10-05 11:28:26',NULL,0,NULL,NULL,NULL,'arran computers50',NULL,NULL,NULL,60,15,NULL,NULL,NULL,NULL),
 (2618,32,'arran computers',1,'2008-10-05 11:28:26',NULL,0,NULL,NULL,NULL,'arran computers32',NULL,NULL,NULL,60,15,NULL,NULL,NULL,NULL),
 (2619,24,'arran computers',1,'2008-10-05 11:28:26',NULL,0,NULL,NULL,NULL,'arran computers24',NULL,NULL,NULL,60,15,NULL,NULL,NULL,NULL),
 (2620,26,'arran computers',1,'2008-10-05 11:28:26',NULL,0,NULL,NULL,NULL,'arran computers26',NULL,NULL,NULL,60,15,NULL,NULL,NULL,NULL),
 (2621,47,'arran computers',1,'2008-10-05 11:28:26',NULL,0,NULL,NULL,NULL,'arran computers47',NULL,NULL,NULL,60,15,NULL,NULL,NULL,NULL),
 (2622,19,'arran computers',1,'2008-10-05 11:28:26',NULL,0,NULL,NULL,NULL,'arran computers19',NULL,NULL,NULL,60,15,NULL,NULL,NULL,NULL),
 (2623,42,'arran computers',1,'2008-10-05 11:28:26',NULL,0,NULL,NULL,NULL,'arran computers42',NULL,NULL,NULL,60,15,NULL,NULL,NULL,NULL),
 (2624,30,'arran computers',1,'2008-10-05 11:28:26',NULL,0,NULL,NULL,NULL,'arran computers30',NULL,NULL,NULL,60,15,NULL,NULL,NULL,NULL),
 (2625,37,'arran computers',1,'2008-10-05 11:28:26',NULL,0,NULL,NULL,NULL,'arran computers37',NULL,NULL,NULL,60,15,NULL,NULL,NULL,NULL),
 (2626,45,'arran computers',1,'2008-10-05 11:28:26',NULL,0,NULL,NULL,NULL,'arran computers45',NULL,NULL,NULL,60,15,NULL,NULL,NULL,NULL),
 (2627,35,'arran computers',1,'2008-10-05 11:28:26',NULL,0,NULL,NULL,NULL,'arran computers35',NULL,NULL,NULL,60,15,NULL,NULL,NULL,NULL),
 (2628,33,'arran computers',1,'2008-10-05 11:28:26',NULL,0,NULL,NULL,NULL,'arran computers33',NULL,NULL,NULL,60,15,NULL,NULL,NULL,NULL),
 (2629,27,'arran computers',1,'2008-10-05 11:28:26',NULL,0,NULL,NULL,NULL,'arran computers27',NULL,NULL,NULL,60,15,NULL,NULL,NULL,NULL),
 (2630,40,'arran computers',1,'2008-10-05 11:28:26',NULL,0,NULL,NULL,NULL,'arran computers40',NULL,NULL,NULL,60,15,NULL,NULL,NULL,NULL),
 (2631,10,'arran computers',1,'2008-10-05 11:28:26',NULL,1,NULL,NULL,NULL,'arran computers10',NULL,NULL,NULL,60,15,NULL,NULL,NULL,NULL),
 (2632,39,'arran computers',1,'2008-10-05 11:28:26',NULL,0,NULL,NULL,NULL,'arran computers39',NULL,NULL,NULL,60,15,NULL,NULL,NULL,NULL),
 (2633,13,'arran computers',1,'2008-10-05 11:28:26',NULL,0,NULL,NULL,NULL,'arran computers13',NULL,NULL,NULL,60,15,NULL,NULL,NULL,NULL),
 (2634,3,'arran computers',1,'2008-10-05 11:28:26',NULL,1,NULL,NULL,NULL,'arran computers3',NULL,NULL,NULL,60,15,NULL,NULL,NULL,NULL),
 (2635,28,'arran computers',1,'2008-10-05 11:28:26',NULL,0,NULL,NULL,NULL,'arran computers28',NULL,NULL,NULL,60,15,NULL,NULL,NULL,NULL),
 (2636,7,'arran computers',1,'2008-10-05 11:28:26',NULL,1,NULL,NULL,NULL,'arran computers7',NULL,NULL,NULL,60,15,NULL,NULL,NULL,NULL),
 (2637,25,'arran computers',1,'2008-10-05 11:28:26',NULL,0,NULL,NULL,NULL,'arran computers25',NULL,NULL,NULL,60,15,NULL,NULL,NULL,NULL),
 (2638,36,'arran computers',1,'2008-10-05 11:28:26',NULL,0,NULL,NULL,NULL,'arran computers36',NULL,NULL,NULL,60,15,NULL,NULL,NULL,NULL),
 (2639,34,'ahead',1,'2008-10-05 14:55:00',NULL,0,NULL,NULL,NULL,'ahead34',NULL,NULL,NULL,60,15,NULL,NULL,30,10),
 (2640,14,'ahead',1,'2008-10-05 14:55:00',NULL,0,NULL,NULL,NULL,'ahead14',NULL,NULL,NULL,60,15,NULL,NULL,30,10),
 (2641,25,'ahead',1,'2008-10-05 14:55:00',NULL,0,NULL,NULL,NULL,'ahead25',NULL,NULL,NULL,60,15,NULL,NULL,30,10),
 (2642,4,'ahead',1,'2008-10-05 14:55:00',NULL,1,NULL,NULL,NULL,'ahead4',NULL,NULL,NULL,60,15,'',NULL,30,10),
 (2643,2,'ahead',1,'2008-10-05 14:55:00','working',1,NULL,NULL,NULL,'ahead2',NULL,NULL,NULL,60,15,'',NULL,30,10),
 (2644,26,'ahead',1,'2008-10-05 14:55:00',NULL,0,NULL,NULL,NULL,'ahead26',NULL,NULL,NULL,60,15,NULL,NULL,30,10),
 (2645,46,'ahead',1,'2008-10-05 14:55:00',NULL,0,NULL,NULL,NULL,'ahead46',NULL,NULL,NULL,60,15,NULL,NULL,30,10),
 (2646,21,'ahead',1,'2008-10-05 14:55:00',NULL,0,NULL,NULL,NULL,'ahead21',NULL,NULL,NULL,60,15,NULL,NULL,30,10),
 (2647,45,'ahead',1,'2008-10-05 14:55:00',NULL,0,NULL,NULL,NULL,'ahead45',NULL,NULL,NULL,60,15,NULL,NULL,30,10),
 (2648,43,'ahead',1,'2008-10-05 14:55:00',NULL,0,NULL,NULL,NULL,'ahead43',NULL,NULL,NULL,60,15,NULL,NULL,30,10),
 (2649,10,'ahead',1,'2008-10-05 14:55:00',NULL,1,NULL,NULL,NULL,'ahead10',NULL,NULL,NULL,60,15,NULL,NULL,30,10),
 (2650,42,'ahead',1,'2008-10-05 14:55:00',NULL,0,NULL,NULL,NULL,'ahead42',NULL,NULL,NULL,60,15,NULL,NULL,30,10),
 (2651,6,'ahead',1,'2008-10-05 14:55:00',NULL,1,NULL,NULL,NULL,'ahead6',NULL,NULL,NULL,60,15,NULL,NULL,30,10),
 (2652,13,'ahead',1,'2008-10-05 14:55:00',NULL,0,NULL,NULL,NULL,'ahead13',NULL,NULL,NULL,60,15,NULL,NULL,30,10),
 (2653,47,'ahead',1,'2008-10-05 14:55:00',NULL,0,NULL,NULL,NULL,'ahead47',NULL,NULL,NULL,60,15,NULL,NULL,30,10),
 (2654,17,'ahead',1,'2008-10-05 14:55:00',NULL,0,NULL,NULL,NULL,'ahead17',NULL,NULL,NULL,60,15,NULL,NULL,30,10),
 (2655,9,'ahead',1,'2008-10-05 14:55:00',NULL,1,NULL,NULL,NULL,'ahead9',NULL,NULL,NULL,60,15,NULL,NULL,30,10),
 (2656,15,'ahead',1,'2008-10-05 14:55:00',NULL,0,NULL,NULL,NULL,'ahead15',NULL,NULL,NULL,60,15,NULL,NULL,30,10),
 (2657,23,'ahead',1,'2008-10-05 14:55:00',NULL,0,NULL,NULL,NULL,'ahead23',NULL,NULL,NULL,60,15,NULL,NULL,30,10),
 (2658,19,'ahead',1,'2008-10-05 14:55:00',NULL,0,NULL,NULL,NULL,'ahead19',NULL,NULL,NULL,60,15,NULL,NULL,30,10),
 (2659,22,'ahead',1,'2008-10-05 14:55:00',NULL,0,NULL,NULL,NULL,'ahead22',NULL,NULL,NULL,60,15,NULL,NULL,30,10),
 (2660,1,'ahead',1,'2008-10-05 14:55:00','P4 with webcam & headphones',1,NULL,NULL,NULL,'ahead1',NULL,NULL,NULL,60,15,'',NULL,30,10),
 (2661,29,'ahead',1,'2008-10-05 14:55:00',NULL,0,NULL,NULL,NULL,'ahead29',NULL,NULL,NULL,60,15,NULL,NULL,30,10),
 (2662,30,'ahead',1,'2008-10-05 14:55:00',NULL,0,NULL,NULL,NULL,'ahead30',NULL,NULL,NULL,60,15,NULL,NULL,30,10),
 (2663,35,'ahead',1,'2008-10-05 14:55:00',NULL,0,NULL,NULL,NULL,'ahead35',NULL,NULL,NULL,60,15,NULL,NULL,30,10),
 (2664,41,'ahead',1,'2008-10-05 14:55:00',NULL,0,NULL,NULL,NULL,'ahead41',NULL,NULL,NULL,60,15,NULL,NULL,30,10),
 (2665,16,'ahead',1,'2008-10-05 14:55:00',NULL,0,NULL,NULL,NULL,'ahead16',NULL,NULL,NULL,60,15,NULL,NULL,30,10),
 (2666,44,'ahead',1,'2008-10-05 14:55:00',NULL,0,NULL,NULL,NULL,'ahead44',NULL,NULL,NULL,60,15,NULL,NULL,30,10),
 (2667,49,'ahead',1,'2008-10-05 14:55:00',NULL,0,NULL,NULL,NULL,'ahead49',NULL,NULL,NULL,60,15,NULL,NULL,30,10),
 (2668,39,'ahead',1,'2008-10-05 14:55:00',NULL,0,NULL,NULL,NULL,'ahead39',NULL,NULL,NULL,60,15,NULL,NULL,30,10),
 (2669,36,'ahead',1,'2008-10-05 14:55:00',NULL,0,NULL,NULL,NULL,'ahead36',NULL,NULL,NULL,60,15,NULL,NULL,30,10),
 (2670,18,'ahead',1,'2008-10-05 14:55:00',NULL,0,NULL,NULL,NULL,'ahead18',NULL,NULL,NULL,60,15,NULL,NULL,30,10),
 (2671,7,'ahead',1,'2008-10-05 14:55:00',NULL,1,NULL,NULL,NULL,'ahead7',NULL,NULL,NULL,60,15,NULL,NULL,30,10),
 (2672,37,'ahead',1,'2008-10-05 14:55:00',NULL,0,NULL,NULL,NULL,'ahead37',NULL,NULL,NULL,60,15,NULL,NULL,30,10),
 (2673,38,'ahead',1,'2008-10-05 14:55:00',NULL,0,NULL,NULL,NULL,'ahead38',NULL,NULL,NULL,60,15,NULL,NULL,30,10),
 (2674,11,'ahead',1,'2008-10-05 14:55:00',NULL,0,NULL,NULL,NULL,'ahead11',NULL,NULL,NULL,60,15,NULL,NULL,30,10),
 (2675,24,'ahead',1,'2008-10-05 14:55:00',NULL,0,NULL,NULL,NULL,'ahead24',NULL,NULL,NULL,60,15,NULL,NULL,30,10),
 (2676,3,'ahead',1,'2008-10-05 14:55:00',NULL,1,NULL,NULL,NULL,'ahead3',NULL,NULL,NULL,60,15,NULL,NULL,30,10),
 (2677,28,'ahead',1,'2008-10-05 14:55:00',NULL,0,NULL,NULL,NULL,'ahead28',NULL,NULL,NULL,60,15,NULL,NULL,30,10),
 (2678,32,'ahead',1,'2008-10-05 14:55:00',NULL,0,NULL,NULL,NULL,'ahead32',NULL,NULL,NULL,60,15,NULL,NULL,30,10),
 (2679,20,'ahead',1,'2008-10-05 14:55:00',NULL,0,NULL,NULL,NULL,'ahead20',NULL,NULL,NULL,60,15,NULL,NULL,30,10),
 (2680,50,'ahead',1,'2008-10-05 14:55:00',NULL,0,NULL,NULL,NULL,'ahead50',NULL,NULL,NULL,60,15,NULL,NULL,30,10),
 (2681,27,'ahead',1,'2008-10-05 14:55:00',NULL,0,NULL,NULL,NULL,'ahead27',NULL,NULL,NULL,60,15,NULL,NULL,30,10),
 (2682,8,'ahead',1,'2008-10-05 14:55:00',NULL,1,NULL,NULL,NULL,'ahead8',NULL,NULL,NULL,60,15,NULL,NULL,30,10),
 (2683,33,'ahead',1,'2008-10-05 14:55:00',NULL,0,NULL,NULL,NULL,'ahead33',NULL,NULL,NULL,60,15,NULL,NULL,30,10),
 (2684,40,'ahead',1,'2008-10-05 14:55:00',NULL,0,NULL,NULL,NULL,'ahead40',NULL,NULL,NULL,60,15,NULL,NULL,30,10),
 (2685,31,'ahead',1,'2008-10-05 14:55:00',NULL,0,NULL,NULL,NULL,'ahead31',NULL,NULL,NULL,60,15,NULL,NULL,30,10),
 (2686,48,'ahead',1,'2008-10-05 14:55:00',NULL,0,NULL,NULL,NULL,'ahead48',NULL,NULL,NULL,60,15,NULL,NULL,30,10),
 (2687,5,'ahead',1,'2008-10-05 14:55:00',NULL,1,NULL,NULL,NULL,'ahead5',NULL,NULL,NULL,60,15,NULL,NULL,30,10),
 (2688,12,'ahead',1,'2008-10-05 14:55:00',NULL,0,NULL,NULL,NULL,'ahead12',NULL,NULL,NULL,60,15,NULL,NULL,30,10),
 (2689,46,'21.com',1,'2008-10-05 20:36:30',NULL,0,NULL,NULL,NULL,'21.com46',NULL,NULL,NULL,60,11,NULL,NULL,NULL,NULL),
 (2690,26,'21.com',1,'2008-10-05 20:36:30',NULL,0,NULL,NULL,NULL,'21.com26',NULL,NULL,NULL,60,11,NULL,NULL,NULL,NULL),
 (2691,30,'21.com',1,'2008-10-05 20:36:30',NULL,0,NULL,NULL,NULL,'21.com30',NULL,NULL,NULL,60,11,NULL,NULL,NULL,NULL),
 (2692,31,'21.com',1,'2008-10-05 20:36:30',NULL,0,NULL,NULL,NULL,'21.com31',NULL,NULL,NULL,60,11,NULL,NULL,NULL,NULL),
 (2693,6,'21.com',1,'2008-10-05 20:36:30',NULL,1,NULL,NULL,NULL,'21.com6',NULL,NULL,NULL,60,11,NULL,NULL,NULL,NULL),
 (2694,38,'21.com',1,'2008-10-05 20:36:30',NULL,0,NULL,NULL,NULL,'21.com38',NULL,NULL,NULL,60,11,NULL,NULL,NULL,NULL),
 (2695,34,'21.com',1,'2008-10-05 20:36:30',NULL,0,NULL,NULL,NULL,'21.com34',NULL,NULL,NULL,60,11,NULL,NULL,NULL,NULL),
 (2696,20,'21.com',1,'2008-10-05 20:36:30',NULL,1,NULL,NULL,NULL,'21.com20',NULL,NULL,NULL,60,11,NULL,NULL,NULL,NULL),
 (2697,22,'21.com',1,'2008-10-05 20:36:30',NULL,0,NULL,NULL,NULL,'21.com22',NULL,NULL,NULL,60,11,NULL,NULL,NULL,NULL),
 (2698,23,'21.com',1,'2008-10-05 20:36:30',NULL,0,NULL,NULL,NULL,'21.com23',NULL,NULL,NULL,60,11,NULL,NULL,NULL,NULL),
 (2699,36,'21.com',1,'2008-10-05 20:36:30',NULL,0,NULL,NULL,NULL,'21.com36',NULL,NULL,NULL,60,11,NULL,NULL,NULL,NULL),
 (2700,1,'21.com',1,'2008-10-05 20:36:30',NULL,1,NULL,NULL,NULL,'21.com1',NULL,NULL,NULL,60,11,NULL,NULL,NULL,NULL),
 (2701,11,'21.com',1,'2008-10-05 20:36:30',NULL,1,NULL,NULL,NULL,'21.com11',NULL,NULL,NULL,60,11,NULL,NULL,NULL,NULL),
 (2702,32,'21.com',1,'2008-10-05 20:36:30',NULL,0,NULL,NULL,NULL,'21.com32',NULL,NULL,NULL,60,11,NULL,NULL,NULL,NULL),
 (2703,37,'21.com',1,'2008-10-05 20:36:30',NULL,0,NULL,NULL,NULL,'21.com37',NULL,NULL,NULL,60,11,NULL,NULL,NULL,NULL),
 (2704,33,'21.com',1,'2008-10-05 20:36:30',NULL,0,NULL,NULL,NULL,'21.com33',NULL,NULL,NULL,60,11,NULL,NULL,NULL,NULL),
 (2705,9,'21.com',1,'2008-10-05 20:36:30',NULL,1,NULL,NULL,NULL,'21.com9',NULL,NULL,NULL,60,11,NULL,NULL,NULL,NULL),
 (2706,15,'21.com',1,'2008-10-05 20:36:30',NULL,1,NULL,NULL,NULL,'21.com15',NULL,NULL,NULL,60,11,NULL,NULL,NULL,NULL),
 (2707,12,'21.com',1,'2008-10-05 20:36:30',NULL,1,NULL,NULL,NULL,'21.com12',NULL,NULL,NULL,60,11,NULL,NULL,NULL,NULL),
 (2708,2,'21.com',1,'2008-10-05 20:36:30',NULL,1,NULL,NULL,NULL,'21.com2',NULL,NULL,NULL,60,11,NULL,NULL,NULL,NULL),
 (2709,14,'21.com',1,'2008-10-05 20:36:30',NULL,1,NULL,NULL,NULL,'21.com14',NULL,NULL,NULL,60,11,NULL,NULL,NULL,NULL),
 (2710,28,'21.com',1,'2008-10-05 20:36:30',NULL,0,NULL,NULL,NULL,'21.com28',NULL,NULL,NULL,60,11,NULL,NULL,NULL,NULL),
 (2711,47,'21.com',1,'2008-10-05 20:36:30',NULL,0,NULL,NULL,NULL,'21.com47',NULL,NULL,NULL,60,11,NULL,NULL,NULL,NULL),
 (2712,17,'21.com',1,'2008-10-05 20:36:30',NULL,1,NULL,NULL,NULL,'21.com17',NULL,NULL,NULL,60,11,NULL,NULL,NULL,NULL),
 (2713,35,'21.com',1,'2008-10-05 20:36:30',NULL,0,NULL,NULL,NULL,'21.com35',NULL,NULL,NULL,60,11,NULL,NULL,NULL,NULL),
 (2714,21,'21.com',1,'2008-10-05 20:36:30',NULL,0,NULL,NULL,NULL,'21.com21',NULL,NULL,NULL,60,11,NULL,NULL,NULL,NULL),
 (2715,24,'21.com',1,'2008-10-05 20:36:30',NULL,0,NULL,NULL,NULL,'21.com24',NULL,NULL,NULL,60,11,NULL,NULL,NULL,NULL),
 (2716,7,'21.com',1,'2008-10-05 20:36:30',NULL,1,NULL,NULL,NULL,'21.com7',NULL,NULL,NULL,60,11,NULL,NULL,NULL,NULL),
 (2717,48,'21.com',1,'2008-10-05 20:36:30',NULL,0,NULL,NULL,NULL,'21.com48',NULL,NULL,NULL,60,11,NULL,NULL,NULL,NULL),
 (2718,16,'21.com',1,'2008-10-05 20:36:30',NULL,1,NULL,NULL,NULL,'21.com16',NULL,NULL,NULL,60,11,NULL,NULL,NULL,NULL),
 (2719,8,'21.com',1,'2008-10-05 20:36:30',NULL,1,NULL,NULL,NULL,'21.com8',NULL,NULL,NULL,60,11,NULL,NULL,NULL,NULL),
 (2720,19,'21.com',1,'2008-10-05 20:36:30',NULL,1,NULL,NULL,NULL,'21.com19',NULL,NULL,NULL,60,11,NULL,NULL,NULL,NULL),
 (2721,39,'21.com',1,'2008-10-05 20:36:30',NULL,0,NULL,NULL,NULL,'21.com39',NULL,NULL,NULL,60,11,NULL,NULL,NULL,NULL),
 (2722,27,'21.com',1,'2008-10-05 20:36:30',NULL,0,NULL,NULL,NULL,'21.com27',NULL,NULL,NULL,60,11,NULL,NULL,NULL,NULL),
 (2723,41,'21.com',1,'2008-10-05 20:36:30',NULL,0,NULL,NULL,NULL,'21.com41',NULL,NULL,NULL,60,11,NULL,NULL,NULL,NULL),
 (2724,4,'21.com',1,'2008-10-05 20:36:30',NULL,1,NULL,NULL,NULL,'21.com4',NULL,NULL,NULL,60,11,NULL,NULL,NULL,NULL),
 (2725,43,'21.com',1,'2008-10-05 20:36:30',NULL,0,NULL,NULL,NULL,'21.com43',NULL,NULL,NULL,60,11,NULL,NULL,NULL,NULL),
 (2726,5,'21.com',1,'2008-10-05 20:36:30',NULL,1,NULL,NULL,NULL,'21.com5',NULL,NULL,NULL,60,11,NULL,NULL,NULL,NULL),
 (2727,3,'21.com',1,'2008-10-05 20:36:30',NULL,1,NULL,NULL,NULL,'21.com3',NULL,NULL,NULL,60,11,NULL,NULL,NULL,NULL),
 (2728,13,'21.com',1,'2008-10-05 20:36:30',NULL,1,NULL,NULL,NULL,'21.com13',NULL,NULL,NULL,60,11,NULL,NULL,NULL,NULL),
 (2729,50,'21.com',1,'2008-10-05 20:36:30',NULL,0,NULL,NULL,NULL,'21.com50',NULL,NULL,NULL,60,11,NULL,NULL,NULL,NULL),
 (2730,40,'21.com',1,'2008-10-05 20:36:30',NULL,0,NULL,NULL,NULL,'21.com40',NULL,NULL,NULL,60,11,NULL,NULL,NULL,NULL),
 (2731,10,'21.com',1,'2008-10-05 20:36:30',NULL,1,NULL,NULL,NULL,'21.com10',NULL,NULL,NULL,60,11,NULL,NULL,NULL,NULL),
 (2732,44,'21.com',1,'2008-10-05 20:36:30',NULL,0,NULL,NULL,NULL,'21.com44',NULL,NULL,NULL,60,11,NULL,NULL,NULL,NULL),
 (2733,18,'21.com',1,'2008-10-05 20:36:30',NULL,1,NULL,NULL,NULL,'21.com18',NULL,NULL,NULL,60,11,NULL,NULL,NULL,NULL),
 (2734,45,'21.com',1,'2008-10-05 20:36:30',NULL,0,NULL,NULL,NULL,'21.com45',NULL,NULL,NULL,60,11,NULL,NULL,NULL,NULL),
 (2735,29,'21.com',1,'2008-10-05 20:36:30',NULL,0,NULL,NULL,NULL,'21.com29',NULL,NULL,NULL,60,11,NULL,NULL,NULL,NULL),
 (2736,25,'21.com',1,'2008-10-05 20:36:30',NULL,0,NULL,NULL,NULL,'21.com25',NULL,NULL,NULL,60,11,NULL,NULL,NULL,NULL),
 (2737,49,'21.com',1,'2008-10-05 20:36:30',NULL,0,NULL,NULL,NULL,'21.com49',NULL,NULL,NULL,60,11,NULL,NULL,NULL,NULL),
 (2738,42,'21.com',1,'2008-10-05 20:36:30',NULL,0,NULL,NULL,NULL,'21.com42',NULL,NULL,NULL,60,11,NULL,NULL,NULL,NULL),
 (2739,45,'cyber',1,'2008-10-05 20:39:54',NULL,0,NULL,NULL,NULL,'cyber45',NULL,NULL,NULL,60,11,NULL,NULL,NULL,NULL),
 (2740,35,'cyber',1,'2008-10-05 20:39:54',NULL,0,NULL,NULL,NULL,'cyber35',NULL,NULL,NULL,60,11,NULL,NULL,NULL,NULL),
 (2741,9,'cyber',1,'2008-10-05 20:39:54',NULL,1,NULL,NULL,NULL,'cyber9',NULL,NULL,NULL,60,11,NULL,NULL,NULL,NULL),
 (2742,12,'cyber',1,'2008-10-05 20:39:54',NULL,1,NULL,NULL,NULL,'cyber12',NULL,NULL,NULL,60,11,NULL,NULL,NULL,NULL),
 (2743,30,'cyber',1,'2008-10-05 20:39:54',NULL,0,NULL,NULL,NULL,'cyber30',NULL,NULL,NULL,60,11,NULL,NULL,NULL,NULL),
 (2744,37,'cyber',1,'2008-10-05 20:39:54',NULL,0,NULL,NULL,NULL,'cyber37',NULL,NULL,NULL,60,11,NULL,NULL,NULL,NULL),
 (2745,16,'cyber',1,'2008-10-05 20:39:54',NULL,1,NULL,NULL,NULL,'cyber16',NULL,NULL,NULL,60,11,NULL,NULL,NULL,NULL),
 (2746,5,'cyber',1,'2008-10-05 20:39:54',NULL,1,NULL,NULL,NULL,'cyber5',NULL,NULL,NULL,60,11,NULL,NULL,NULL,NULL),
 (2747,25,'cyber',1,'2008-10-05 20:39:54',NULL,0,NULL,NULL,NULL,'cyber25',NULL,NULL,NULL,60,11,NULL,NULL,NULL,NULL),
 (2748,19,'cyber',1,'2008-10-05 20:39:54',NULL,1,NULL,NULL,NULL,'cyber19',NULL,NULL,NULL,60,11,NULL,NULL,NULL,NULL),
 (2749,1,'cyber',1,'2008-10-05 20:39:54',NULL,1,NULL,NULL,NULL,'cyber1',NULL,NULL,NULL,60,11,NULL,NULL,NULL,NULL),
 (2750,46,'cyber',1,'2008-10-05 20:39:54',NULL,0,NULL,NULL,NULL,'cyber46',NULL,NULL,NULL,60,11,NULL,NULL,NULL,NULL),
 (2751,31,'cyber',1,'2008-10-05 20:39:54',NULL,0,NULL,NULL,NULL,'cyber31',NULL,NULL,NULL,60,11,NULL,NULL,NULL,NULL),
 (2752,34,'cyber',1,'2008-10-05 20:39:54',NULL,0,NULL,NULL,NULL,'cyber34',NULL,NULL,NULL,60,11,NULL,NULL,NULL,NULL),
 (2753,17,'cyber',1,'2008-10-05 20:39:54',NULL,1,NULL,NULL,NULL,'cyber17',NULL,NULL,NULL,60,11,NULL,NULL,NULL,NULL),
 (2754,13,'cyber',1,'2008-10-05 20:39:54',NULL,1,NULL,NULL,NULL,'cyber13',NULL,NULL,NULL,60,11,NULL,NULL,NULL,NULL),
 (2755,8,'cyber',1,'2008-10-05 20:39:54',NULL,1,NULL,NULL,NULL,'cyber8',NULL,NULL,NULL,60,11,NULL,NULL,NULL,NULL),
 (2756,24,'cyber',1,'2008-10-05 20:39:54',NULL,0,NULL,NULL,NULL,'cyber24',NULL,NULL,NULL,60,11,NULL,NULL,NULL,NULL),
 (2757,18,'cyber',1,'2008-10-05 20:39:54',NULL,1,NULL,NULL,NULL,'cyber18',NULL,NULL,NULL,60,11,NULL,NULL,NULL,NULL),
 (2758,38,'cyber',1,'2008-10-05 20:39:54',NULL,0,NULL,NULL,NULL,'cyber38',NULL,NULL,NULL,60,11,NULL,NULL,NULL,NULL),
 (2759,36,'cyber',1,'2008-10-05 20:39:54',NULL,0,NULL,NULL,NULL,'cyber36',NULL,NULL,NULL,60,11,NULL,NULL,NULL,NULL),
 (2760,23,'cyber',1,'2008-10-05 20:39:54',NULL,0,NULL,NULL,NULL,'cyber23',NULL,NULL,NULL,60,11,NULL,NULL,NULL,NULL),
 (2761,47,'cyber',1,'2008-10-05 20:39:54',NULL,0,NULL,NULL,NULL,'cyber47',NULL,NULL,NULL,60,11,NULL,NULL,NULL,NULL),
 (2762,40,'cyber',1,'2008-10-05 20:39:54',NULL,0,NULL,NULL,NULL,'cyber40',NULL,NULL,NULL,60,11,NULL,NULL,NULL,NULL),
 (2763,4,'cyber',1,'2008-10-05 20:39:54',NULL,1,NULL,NULL,NULL,'cyber4',NULL,NULL,NULL,60,11,NULL,NULL,NULL,NULL),
 (2764,48,'cyber',1,'2008-10-05 20:39:54',NULL,0,NULL,NULL,NULL,'cyber48',NULL,NULL,NULL,60,11,NULL,NULL,NULL,NULL),
 (2765,39,'cyber',1,'2008-10-05 20:39:54',NULL,0,NULL,NULL,NULL,'cyber39',NULL,NULL,NULL,60,11,NULL,NULL,NULL,NULL),
 (2766,50,'cyber',1,'2008-10-05 20:39:54',NULL,0,NULL,NULL,NULL,'cyber50',NULL,NULL,NULL,60,11,NULL,NULL,NULL,NULL),
 (2767,3,'cyber',1,'2008-10-05 20:39:54',NULL,1,NULL,NULL,NULL,'cyber3',NULL,NULL,NULL,60,11,NULL,NULL,NULL,NULL),
 (2768,14,'cyber',1,'2008-10-05 20:39:54',NULL,1,NULL,NULL,NULL,'cyber14',NULL,NULL,NULL,60,11,NULL,NULL,NULL,NULL),
 (2769,26,'cyber',1,'2008-10-05 20:39:54',NULL,0,NULL,NULL,NULL,'cyber26',NULL,NULL,NULL,60,11,NULL,NULL,NULL,NULL),
 (2770,33,'cyber',1,'2008-10-05 20:39:54',NULL,0,NULL,NULL,NULL,'cyber33',NULL,NULL,NULL,60,11,NULL,NULL,NULL,NULL),
 (2771,27,'cyber',1,'2008-10-05 20:39:54',NULL,0,NULL,NULL,NULL,'cyber27',NULL,NULL,NULL,60,11,NULL,NULL,NULL,NULL),
 (2772,15,'cyber',1,'2008-10-05 20:39:54',NULL,1,NULL,NULL,NULL,'cyber15',NULL,NULL,NULL,60,11,NULL,NULL,NULL,NULL),
 (2773,10,'cyber',1,'2008-10-05 20:39:54',NULL,1,NULL,NULL,NULL,'cyber10',NULL,NULL,NULL,60,11,NULL,NULL,NULL,NULL),
 (2774,43,'cyber',1,'2008-10-05 20:39:54',NULL,0,NULL,NULL,NULL,'cyber43',NULL,NULL,NULL,60,11,NULL,NULL,NULL,NULL),
 (2775,49,'cyber',1,'2008-10-05 20:39:54',NULL,0,NULL,NULL,NULL,'cyber49',NULL,NULL,NULL,60,11,NULL,NULL,NULL,NULL),
 (2776,11,'cyber',1,'2008-10-05 20:39:54',NULL,1,NULL,NULL,NULL,'cyber11',NULL,NULL,NULL,60,11,NULL,NULL,NULL,NULL),
 (2777,22,'cyber',1,'2008-10-05 20:39:54',NULL,0,NULL,NULL,NULL,'cyber22',NULL,NULL,NULL,60,11,NULL,NULL,NULL,NULL),
 (2778,32,'cyber',1,'2008-10-05 20:39:54',NULL,0,NULL,NULL,NULL,'cyber32',NULL,NULL,NULL,60,11,NULL,NULL,NULL,NULL),
 (2779,2,'cyber',1,'2008-10-05 20:39:54',NULL,1,NULL,NULL,NULL,'cyber2',NULL,NULL,NULL,60,11,NULL,NULL,NULL,NULL),
 (2780,42,'cyber',1,'2008-10-05 20:39:54',NULL,0,NULL,NULL,NULL,'cyber42',NULL,NULL,NULL,60,11,NULL,NULL,NULL,NULL),
 (2781,21,'cyber',1,'2008-10-05 20:39:54',NULL,0,NULL,NULL,NULL,'cyber21',NULL,NULL,NULL,60,11,NULL,NULL,NULL,NULL),
 (2782,29,'cyber',1,'2008-10-05 20:39:54',NULL,0,NULL,NULL,NULL,'cyber29',NULL,NULL,NULL,60,11,NULL,NULL,NULL,NULL),
 (2783,41,'cyber',1,'2008-10-05 20:39:54',NULL,0,NULL,NULL,NULL,'cyber41',NULL,NULL,NULL,60,11,NULL,NULL,NULL,NULL),
 (2784,20,'cyber',1,'2008-10-05 20:39:54',NULL,1,NULL,NULL,NULL,'cyber20',NULL,NULL,NULL,60,11,NULL,NULL,NULL,NULL),
 (2785,28,'cyber',1,'2008-10-05 20:39:54',NULL,0,NULL,NULL,NULL,'cyber28',NULL,NULL,NULL,60,11,NULL,NULL,NULL,NULL),
 (2786,44,'cyber',1,'2008-10-05 20:39:54',NULL,0,NULL,NULL,NULL,'cyber44',NULL,NULL,NULL,60,11,NULL,NULL,NULL,NULL),
 (2787,7,'cyber',1,'2008-10-05 20:39:54',NULL,1,NULL,NULL,NULL,'cyber7',NULL,NULL,NULL,60,11,NULL,NULL,NULL,NULL),
 (2788,6,'cyber',1,'2008-10-05 20:39:54',NULL,1,NULL,NULL,NULL,'cyber6',NULL,NULL,NULL,60,11,NULL,NULL,NULL,NULL),
 (2789,15,'ccmb cybber cafe',1,'2008-10-05 20:41:22',NULL,1,NULL,NULL,NULL,'ccmb cybber cafe15',NULL,NULL,NULL,60,1,NULL,NULL,NULL,NULL),
 (2790,7,'ccmb cybber cafe',1,'2008-10-05 20:41:22',NULL,1,NULL,NULL,NULL,'ccmb cybber cafe7',NULL,NULL,NULL,60,1,NULL,NULL,NULL,NULL),
 (2791,35,'ccmb cybber cafe',1,'2008-10-05 20:41:22',NULL,0,NULL,NULL,NULL,'ccmb cybber cafe35',NULL,NULL,NULL,60,1,NULL,NULL,NULL,NULL),
 (2792,36,'ccmb cybber cafe',1,'2008-10-05 20:41:22',NULL,0,NULL,NULL,NULL,'ccmb cybber cafe36',NULL,NULL,NULL,60,1,NULL,NULL,NULL,NULL),
 (2793,4,'ccmb cybber cafe',1,'2008-10-05 20:41:22',NULL,1,NULL,NULL,NULL,'ccmb cybber cafe4',NULL,NULL,NULL,60,1,NULL,NULL,NULL,NULL),
 (2794,34,'ccmb cybber cafe',1,'2008-10-05 20:41:22',NULL,0,NULL,NULL,NULL,'ccmb cybber cafe34',NULL,NULL,NULL,60,1,NULL,NULL,NULL,NULL),
 (2795,24,'ccmb cybber cafe',1,'2008-10-05 20:41:22',NULL,0,NULL,NULL,NULL,'ccmb cybber cafe24',NULL,NULL,NULL,60,1,NULL,NULL,NULL,NULL),
 (2796,21,'ccmb cybber cafe',1,'2008-10-05 20:41:22',NULL,0,NULL,NULL,NULL,'ccmb cybber cafe21',NULL,NULL,NULL,60,1,NULL,NULL,NULL,NULL),
 (2797,49,'ccmb cybber cafe',1,'2008-10-05 20:41:22',NULL,0,NULL,NULL,NULL,'ccmb cybber cafe49',NULL,NULL,NULL,60,1,NULL,NULL,NULL,NULL),
 (2798,39,'ccmb cybber cafe',1,'2008-10-05 20:41:22',NULL,0,NULL,NULL,NULL,'ccmb cybber cafe39',NULL,NULL,NULL,60,1,NULL,NULL,NULL,NULL),
 (2799,25,'ccmb cybber cafe',1,'2008-10-05 20:41:22',NULL,0,NULL,NULL,NULL,'ccmb cybber cafe25',NULL,NULL,NULL,60,1,NULL,NULL,NULL,NULL),
 (2800,19,'ccmb cybber cafe',1,'2008-10-05 20:41:22',NULL,1,NULL,NULL,NULL,'ccmb cybber cafe19',NULL,NULL,NULL,60,1,NULL,NULL,NULL,NULL),
 (2801,5,'ccmb cybber cafe',1,'2008-10-05 20:41:22',NULL,1,NULL,NULL,NULL,'ccmb cybber cafe5',NULL,NULL,NULL,60,1,NULL,NULL,NULL,NULL),
 (2802,46,'ccmb cybber cafe',1,'2008-10-05 20:41:22',NULL,0,NULL,NULL,NULL,'ccmb cybber cafe46',NULL,NULL,NULL,60,1,NULL,NULL,NULL,NULL),
 (2803,47,'ccmb cybber cafe',1,'2008-10-05 20:41:22',NULL,0,NULL,NULL,NULL,'ccmb cybber cafe47',NULL,NULL,NULL,60,1,NULL,NULL,NULL,NULL),
 (2804,6,'ccmb cybber cafe',1,'2008-10-05 20:41:22',NULL,1,NULL,NULL,NULL,'ccmb cybber cafe6',NULL,NULL,NULL,60,1,NULL,NULL,NULL,NULL),
 (2805,43,'ccmb cybber cafe',1,'2008-10-05 20:41:22',NULL,0,NULL,NULL,NULL,'ccmb cybber cafe43',NULL,NULL,NULL,60,1,NULL,NULL,NULL,NULL),
 (2806,17,'ccmb cybber cafe',1,'2008-10-05 20:41:22',NULL,1,NULL,NULL,NULL,'ccmb cybber cafe17',NULL,NULL,NULL,60,1,NULL,NULL,NULL,NULL),
 (2807,38,'ccmb cybber cafe',1,'2008-10-05 20:41:22',NULL,0,NULL,NULL,NULL,'ccmb cybber cafe38',NULL,NULL,NULL,60,1,NULL,NULL,NULL,NULL),
 (2808,31,'ccmb cybber cafe',1,'2008-10-05 20:41:22',NULL,0,NULL,NULL,NULL,'ccmb cybber cafe31',NULL,NULL,NULL,60,1,NULL,NULL,NULL,NULL),
 (2809,40,'ccmb cybber cafe',1,'2008-10-05 20:41:22',NULL,0,NULL,NULL,NULL,'ccmb cybber cafe40',NULL,NULL,NULL,60,1,NULL,NULL,NULL,NULL),
 (2810,26,'ccmb cybber cafe',1,'2008-10-05 20:41:22',NULL,0,NULL,NULL,NULL,'ccmb cybber cafe26',NULL,NULL,NULL,60,1,NULL,NULL,NULL,NULL),
 (2811,44,'ccmb cybber cafe',1,'2008-10-05 20:41:22',NULL,0,NULL,NULL,NULL,'ccmb cybber cafe44',NULL,NULL,NULL,60,1,NULL,NULL,NULL,NULL),
 (2812,12,'ccmb cybber cafe',1,'2008-10-05 20:41:22',NULL,1,NULL,NULL,NULL,'ccmb cybber cafe12',NULL,NULL,NULL,60,1,NULL,NULL,NULL,NULL),
 (2813,18,'ccmb cybber cafe',1,'2008-10-05 20:41:22',NULL,1,NULL,NULL,NULL,'ccmb cybber cafe18',NULL,NULL,NULL,60,1,NULL,NULL,NULL,NULL),
 (2814,28,'ccmb cybber cafe',1,'2008-10-05 20:41:22',NULL,0,NULL,NULL,NULL,'ccmb cybber cafe28',NULL,NULL,NULL,60,1,NULL,NULL,NULL,NULL),
 (2815,33,'ccmb cybber cafe',1,'2008-10-05 20:41:22',NULL,0,NULL,NULL,NULL,'ccmb cybber cafe33',NULL,NULL,NULL,60,1,NULL,NULL,NULL,NULL),
 (2816,8,'ccmb cybber cafe',1,'2008-10-05 20:41:22',NULL,1,NULL,NULL,NULL,'ccmb cybber cafe8',NULL,NULL,NULL,60,1,NULL,NULL,NULL,NULL),
 (2817,3,'ccmb cybber cafe',1,'2008-10-05 20:41:22',NULL,1,NULL,NULL,NULL,'ccmb cybber cafe3',NULL,NULL,NULL,60,1,NULL,NULL,NULL,NULL),
 (2818,13,'ccmb cybber cafe',1,'2008-10-05 20:41:22',NULL,1,NULL,NULL,NULL,'ccmb cybber cafe13',NULL,NULL,NULL,60,1,NULL,NULL,NULL,NULL),
 (2819,16,'ccmb cybber cafe',1,'2008-10-05 20:41:22',NULL,1,NULL,NULL,NULL,'ccmb cybber cafe16',NULL,NULL,NULL,60,1,NULL,NULL,NULL,NULL),
 (2820,50,'ccmb cybber cafe',1,'2008-10-05 20:41:22',NULL,0,NULL,NULL,NULL,'ccmb cybber cafe50',NULL,NULL,NULL,60,1,NULL,NULL,NULL,NULL),
 (2821,32,'ccmb cybber cafe',1,'2008-10-05 20:41:22',NULL,0,NULL,NULL,NULL,'ccmb cybber cafe32',NULL,NULL,NULL,60,1,NULL,NULL,NULL,NULL),
 (2822,42,'ccmb cybber cafe',1,'2008-10-05 20:41:22',NULL,0,NULL,NULL,NULL,'ccmb cybber cafe42',NULL,NULL,NULL,60,1,NULL,NULL,NULL,NULL),
 (2823,1,'ccmb cybber cafe',1,'2008-10-05 20:41:22',NULL,1,NULL,NULL,NULL,'ccmb cybber cafe1',NULL,NULL,NULL,60,1,NULL,NULL,NULL,NULL),
 (2824,2,'ccmb cybber cafe',1,'2008-10-05 20:41:22',NULL,1,NULL,NULL,NULL,'ccmb cybber cafe2',NULL,NULL,NULL,60,1,NULL,NULL,NULL,NULL),
 (2825,22,'ccmb cybber cafe',1,'2008-10-05 20:41:22',NULL,0,NULL,NULL,NULL,'ccmb cybber cafe22',NULL,NULL,NULL,60,1,NULL,NULL,NULL,NULL),
 (2826,37,'ccmb cybber cafe',1,'2008-10-05 20:41:22',NULL,0,NULL,NULL,NULL,'ccmb cybber cafe37',NULL,NULL,NULL,60,1,NULL,NULL,NULL,NULL),
 (2827,14,'ccmb cybber cafe',1,'2008-10-05 20:41:22',NULL,1,NULL,NULL,NULL,'ccmb cybber cafe14',NULL,NULL,NULL,60,1,NULL,NULL,NULL,NULL),
 (2828,20,'ccmb cybber cafe',1,'2008-10-05 20:41:22',NULL,1,NULL,NULL,NULL,'ccmb cybber cafe20',NULL,NULL,NULL,60,1,NULL,NULL,NULL,NULL),
 (2829,45,'ccmb cybber cafe',1,'2008-10-05 20:41:22',NULL,0,NULL,NULL,NULL,'ccmb cybber cafe45',NULL,NULL,NULL,60,1,NULL,NULL,NULL,NULL),
 (2830,11,'ccmb cybber cafe',1,'2008-10-05 20:41:22',NULL,1,NULL,NULL,NULL,'ccmb cybber cafe11',NULL,NULL,NULL,60,1,NULL,NULL,NULL,NULL),
 (2831,30,'ccmb cybber cafe',1,'2008-10-05 20:41:22',NULL,0,NULL,NULL,NULL,'ccmb cybber cafe30',NULL,NULL,NULL,60,1,NULL,NULL,NULL,NULL),
 (2832,9,'ccmb cybber cafe',1,'2008-10-05 20:41:22',NULL,1,NULL,NULL,NULL,'ccmb cybber cafe9',NULL,NULL,NULL,60,1,NULL,NULL,NULL,NULL),
 (2833,27,'ccmb cybber cafe',1,'2008-10-05 20:41:22',NULL,0,NULL,NULL,NULL,'ccmb cybber cafe27',NULL,NULL,NULL,60,1,NULL,NULL,NULL,NULL),
 (2834,48,'ccmb cybber cafe',1,'2008-10-05 20:41:22',NULL,0,NULL,NULL,NULL,'ccmb cybber cafe48',NULL,NULL,NULL,60,1,NULL,NULL,NULL,NULL),
 (2835,23,'ccmb cybber cafe',1,'2008-10-05 20:41:22',NULL,0,NULL,NULL,NULL,'ccmb cybber cafe23',NULL,NULL,NULL,60,1,NULL,NULL,NULL,NULL),
 (2836,41,'ccmb cybber cafe',1,'2008-10-05 20:41:22',NULL,0,NULL,NULL,NULL,'ccmb cybber cafe41',NULL,NULL,NULL,60,1,NULL,NULL,NULL,NULL),
 (2837,29,'ccmb cybber cafe',1,'2008-10-05 20:41:22',NULL,0,NULL,NULL,NULL,'ccmb cybber cafe29',NULL,NULL,NULL,60,1,NULL,NULL,NULL,NULL),
 (2838,10,'ccmb cybber cafe',1,'2008-10-05 20:41:22',NULL,1,NULL,NULL,NULL,'ccmb cybber cafe10',NULL,NULL,NULL,60,1,NULL,NULL,NULL,NULL),
 (2839,20,'21.com internet',1,'2008-10-05 20:45:35',NULL,1,NULL,NULL,NULL,'21.com internet20',NULL,NULL,NULL,60,11,NULL,NULL,NULL,NULL),
 (2840,10,'21.com internet',1,'2008-10-05 20:45:35',NULL,1,NULL,NULL,NULL,'21.com internet10',NULL,NULL,NULL,60,11,NULL,NULL,NULL,NULL),
 (2841,1,'21.com internet',1,'2008-10-05 20:45:35',NULL,1,NULL,NULL,NULL,'21.com internet1',NULL,NULL,NULL,60,11,NULL,NULL,NULL,NULL),
 (2842,5,'21.com internet',1,'2008-10-05 20:45:35',NULL,1,NULL,NULL,NULL,'21.com internet5',NULL,NULL,NULL,60,11,NULL,NULL,NULL,NULL),
 (2843,45,'21.com internet',1,'2008-10-05 20:45:35',NULL,0,NULL,NULL,NULL,'21.com internet45',NULL,NULL,NULL,60,11,NULL,NULL,NULL,NULL),
 (2844,4,'21.com internet',1,'2008-10-05 20:45:35',NULL,1,NULL,NULL,NULL,'21.com internet4',NULL,NULL,NULL,60,11,NULL,NULL,NULL,NULL),
 (2845,11,'21.com internet',1,'2008-10-05 20:45:35',NULL,1,NULL,NULL,NULL,'21.com internet11',NULL,NULL,NULL,60,11,NULL,NULL,NULL,NULL),
 (2846,30,'21.com internet',1,'2008-10-05 20:45:35',NULL,0,NULL,NULL,NULL,'21.com internet30',NULL,NULL,NULL,60,11,NULL,NULL,NULL,NULL),
 (2847,13,'21.com internet',1,'2008-10-05 20:45:35',NULL,1,NULL,NULL,NULL,'21.com internet13',NULL,NULL,NULL,60,11,NULL,NULL,NULL,NULL),
 (2848,33,'21.com internet',1,'2008-10-05 20:45:35',NULL,0,NULL,NULL,NULL,'21.com internet33',NULL,NULL,NULL,60,11,NULL,NULL,NULL,NULL),
 (2849,19,'21.com internet',1,'2008-10-05 20:45:35',NULL,1,NULL,NULL,NULL,'21.com internet19',NULL,NULL,NULL,60,11,NULL,NULL,NULL,NULL),
 (2850,22,'21.com internet',1,'2008-10-05 20:45:35',NULL,0,NULL,NULL,NULL,'21.com internet22',NULL,NULL,NULL,60,11,NULL,NULL,NULL,NULL),
 (2851,9,'21.com internet',1,'2008-10-05 20:45:35',NULL,1,NULL,NULL,NULL,'21.com internet9',NULL,NULL,NULL,60,11,NULL,NULL,NULL,NULL),
 (2852,46,'21.com internet',1,'2008-10-05 20:45:35',NULL,0,NULL,NULL,NULL,'21.com internet46',NULL,NULL,NULL,60,11,NULL,NULL,NULL,NULL),
 (2853,36,'21.com internet',1,'2008-10-05 20:45:35',NULL,0,NULL,NULL,NULL,'21.com internet36',NULL,NULL,NULL,60,11,NULL,NULL,NULL,NULL),
 (2854,24,'21.com internet',1,'2008-10-05 20:45:35',NULL,0,NULL,NULL,NULL,'21.com internet24',NULL,NULL,NULL,60,11,NULL,NULL,NULL,NULL),
 (2855,28,'21.com internet',1,'2008-10-05 20:45:35',NULL,0,NULL,NULL,NULL,'21.com internet28',NULL,NULL,NULL,60,11,NULL,NULL,NULL,NULL),
 (2856,16,'21.com internet',1,'2008-10-05 20:45:35',NULL,1,NULL,NULL,NULL,'21.com internet16',NULL,NULL,NULL,60,11,NULL,NULL,NULL,NULL),
 (2857,25,'21.com internet',1,'2008-10-05 20:45:35',NULL,0,NULL,NULL,NULL,'21.com internet25',NULL,NULL,NULL,60,11,NULL,NULL,NULL,NULL),
 (2858,49,'21.com internet',1,'2008-10-05 20:45:35',NULL,0,NULL,NULL,NULL,'21.com internet49',NULL,NULL,NULL,60,11,NULL,NULL,NULL,NULL),
 (2859,32,'21.com internet',1,'2008-10-05 20:45:35',NULL,0,NULL,NULL,NULL,'21.com internet32',NULL,NULL,NULL,60,11,NULL,NULL,NULL,NULL),
 (2860,26,'21.com internet',1,'2008-10-05 20:45:35',NULL,0,NULL,NULL,NULL,'21.com internet26',NULL,NULL,NULL,60,11,NULL,NULL,NULL,NULL),
 (2861,47,'21.com internet',1,'2008-10-05 20:45:35',NULL,0,NULL,NULL,NULL,'21.com internet47',NULL,NULL,NULL,60,11,NULL,NULL,NULL,NULL),
 (2862,23,'21.com internet',1,'2008-10-05 20:45:35',NULL,0,NULL,NULL,NULL,'21.com internet23',NULL,NULL,NULL,60,11,NULL,NULL,NULL,NULL),
 (2863,38,'21.com internet',1,'2008-10-05 20:45:35',NULL,0,NULL,NULL,NULL,'21.com internet38',NULL,NULL,NULL,60,11,NULL,NULL,NULL,NULL),
 (2864,15,'21.com internet',1,'2008-10-05 20:45:35',NULL,1,NULL,NULL,NULL,'21.com internet15',NULL,NULL,NULL,60,11,NULL,NULL,NULL,NULL),
 (2865,44,'21.com internet',1,'2008-10-05 20:45:35',NULL,0,NULL,NULL,NULL,'21.com internet44',NULL,NULL,NULL,60,11,NULL,NULL,NULL,NULL),
 (2866,27,'21.com internet',1,'2008-10-05 20:45:35',NULL,0,NULL,NULL,NULL,'21.com internet27',NULL,NULL,NULL,60,11,NULL,NULL,NULL,NULL),
 (2867,14,'21.com internet',1,'2008-10-05 20:45:35',NULL,1,NULL,NULL,NULL,'21.com internet14',NULL,NULL,NULL,60,11,NULL,NULL,NULL,NULL),
 (2868,34,'21.com internet',1,'2008-10-05 20:45:35',NULL,0,NULL,NULL,NULL,'21.com internet34',NULL,NULL,NULL,60,11,NULL,NULL,NULL,NULL),
 (2869,37,'21.com internet',1,'2008-10-05 20:45:35',NULL,0,NULL,NULL,NULL,'21.com internet37',NULL,NULL,NULL,60,11,NULL,NULL,NULL,NULL),
 (2870,6,'21.com internet',1,'2008-10-05 20:45:35',NULL,1,NULL,NULL,NULL,'21.com internet6',NULL,NULL,NULL,60,11,NULL,NULL,NULL,NULL),
 (2871,12,'21.com internet',1,'2008-10-05 20:45:35',NULL,1,NULL,NULL,NULL,'21.com internet12',NULL,NULL,NULL,60,11,NULL,NULL,NULL,NULL),
 (2872,21,'21.com internet',1,'2008-10-05 20:45:35',NULL,0,NULL,NULL,NULL,'21.com internet21',NULL,NULL,NULL,60,11,NULL,NULL,NULL,NULL),
 (2873,3,'21.com internet',1,'2008-10-05 20:45:35',NULL,1,NULL,NULL,NULL,'21.com internet3',NULL,NULL,NULL,60,11,NULL,NULL,NULL,NULL),
 (2874,2,'21.com internet',1,'2008-10-05 20:45:35',NULL,1,NULL,NULL,NULL,'21.com internet2',NULL,NULL,NULL,60,11,NULL,NULL,NULL,NULL),
 (2875,7,'21.com internet',1,'2008-10-05 20:45:35',NULL,1,NULL,NULL,NULL,'21.com internet7',NULL,NULL,NULL,60,11,NULL,NULL,NULL,NULL),
 (2876,18,'21.com internet',1,'2008-10-05 20:45:35',NULL,1,NULL,NULL,NULL,'21.com internet18',NULL,NULL,NULL,60,11,NULL,NULL,NULL,NULL),
 (2877,41,'21.com internet',1,'2008-10-05 20:45:35',NULL,0,NULL,NULL,NULL,'21.com internet41',NULL,NULL,NULL,60,11,NULL,NULL,NULL,NULL),
 (2878,8,'21.com internet',1,'2008-10-05 20:45:35',NULL,1,NULL,NULL,NULL,'21.com internet8',NULL,NULL,NULL,60,11,NULL,NULL,NULL,NULL),
 (2879,40,'21.com internet',1,'2008-10-05 20:45:35',NULL,0,NULL,NULL,NULL,'21.com internet40',NULL,NULL,NULL,60,11,NULL,NULL,NULL,NULL),
 (2880,43,'21.com internet',1,'2008-10-05 20:45:35',NULL,0,NULL,NULL,NULL,'21.com internet43',NULL,NULL,NULL,60,11,NULL,NULL,NULL,NULL),
 (2881,35,'21.com internet',1,'2008-10-05 20:45:35',NULL,0,NULL,NULL,NULL,'21.com internet35',NULL,NULL,NULL,60,11,NULL,NULL,NULL,NULL),
 (2882,31,'21.com internet',1,'2008-10-05 20:45:35',NULL,0,NULL,NULL,NULL,'21.com internet31',NULL,NULL,NULL,60,11,NULL,NULL,NULL,NULL),
 (2883,17,'21.com internet',1,'2008-10-05 20:45:35',NULL,1,NULL,NULL,NULL,'21.com internet17',NULL,NULL,NULL,60,11,NULL,NULL,NULL,NULL),
 (2884,42,'21.com internet',1,'2008-10-05 20:45:35',NULL,0,NULL,NULL,NULL,'21.com internet42',NULL,NULL,NULL,60,11,NULL,NULL,NULL,NULL),
 (2885,39,'21.com internet',1,'2008-10-05 20:45:35',NULL,0,NULL,NULL,NULL,'21.com internet39',NULL,NULL,NULL,60,11,NULL,NULL,NULL,NULL),
 (2886,29,'21.com internet',1,'2008-10-05 20:45:35',NULL,0,NULL,NULL,NULL,'21.com internet29',NULL,NULL,NULL,60,11,NULL,NULL,NULL,NULL),
 (2887,50,'21.com internet',1,'2008-10-05 20:45:35',NULL,0,NULL,NULL,NULL,'21.com internet50',NULL,NULL,NULL,60,11,NULL,NULL,NULL,NULL),
 (2888,48,'21.com internet',1,'2008-10-05 20:45:35',NULL,0,NULL,NULL,NULL,'21.com internet48',NULL,NULL,NULL,60,11,NULL,NULL,NULL,NULL),
 (2889,28,'21.com internets',1,'2008-10-05 20:53:48',NULL,0,NULL,NULL,NULL,'21.com internets28',NULL,NULL,NULL,60,11,NULL,NULL,NULL,NULL),
 (2890,3,'21.com internets',0,'2008-10-05 20:53:48',NULL,1,NULL,NULL,NULL,'21.com internets3',NULL,NULL,NULL,60,11,'salim@yhaoo.com','2008-10-05 20:54:48',NULL,NULL),
 (2891,11,'21.com internets',1,'2008-10-05 20:53:48',NULL,1,NULL,NULL,NULL,'21.com internets11',NULL,NULL,NULL,60,11,NULL,NULL,NULL,NULL),
 (2892,12,'21.com internets',1,'2008-10-05 20:53:48',NULL,1,NULL,NULL,NULL,'21.com internets12',NULL,NULL,NULL,60,11,NULL,NULL,NULL,NULL),
 (2893,32,'21.com internets',1,'2008-10-05 20:53:48',NULL,0,NULL,NULL,NULL,'21.com internets32',NULL,NULL,NULL,60,11,NULL,NULL,NULL,NULL),
 (2894,50,'21.com internets',1,'2008-10-05 20:53:48',NULL,0,NULL,NULL,NULL,'21.com internets50',NULL,NULL,NULL,60,11,NULL,NULL,NULL,NULL),
 (2895,13,'21.com internets',1,'2008-10-05 20:53:48',NULL,1,NULL,NULL,NULL,'21.com internets13',NULL,NULL,NULL,60,11,NULL,NULL,NULL,NULL),
 (2896,10,'21.com internets',1,'2008-10-05 20:53:48',NULL,1,NULL,NULL,NULL,'21.com internets10',NULL,NULL,NULL,60,11,NULL,NULL,NULL,NULL),
 (2897,33,'21.com internets',1,'2008-10-05 20:53:48',NULL,0,NULL,NULL,NULL,'21.com internets33',NULL,NULL,NULL,60,11,NULL,NULL,NULL,NULL),
 (2898,39,'21.com internets',1,'2008-10-05 20:53:48',NULL,0,NULL,NULL,NULL,'21.com internets39',NULL,NULL,NULL,60,11,NULL,NULL,NULL,NULL),
 (2899,44,'21.com internets',1,'2008-10-05 20:53:48',NULL,0,NULL,NULL,NULL,'21.com internets44',NULL,NULL,NULL,60,11,NULL,NULL,NULL,NULL),
 (2900,38,'21.com internets',1,'2008-10-05 20:53:48',NULL,0,NULL,NULL,NULL,'21.com internets38',NULL,NULL,NULL,60,11,NULL,NULL,NULL,NULL),
 (2901,34,'21.com internets',1,'2008-10-05 20:53:48',NULL,0,NULL,NULL,NULL,'21.com internets34',NULL,NULL,NULL,60,11,NULL,NULL,NULL,NULL),
 (2902,40,'21.com internets',1,'2008-10-05 20:53:48',NULL,0,NULL,NULL,NULL,'21.com internets40',NULL,NULL,NULL,60,11,NULL,NULL,NULL,NULL),
 (2903,15,'21.com internets',1,'2008-10-05 20:53:48',NULL,1,NULL,NULL,NULL,'21.com internets15',NULL,NULL,NULL,60,11,NULL,NULL,NULL,NULL),
 (2904,9,'21.com internets',1,'2008-10-05 20:53:48',NULL,1,NULL,NULL,NULL,'21.com internets9',NULL,NULL,NULL,60,11,NULL,NULL,NULL,NULL),
 (2905,30,'21.com internets',1,'2008-10-05 20:53:48',NULL,0,NULL,NULL,NULL,'21.com internets30',NULL,NULL,NULL,60,11,NULL,NULL,NULL,NULL),
 (2906,14,'21.com internets',1,'2008-10-05 20:53:48',NULL,1,NULL,NULL,NULL,'21.com internets14',NULL,NULL,NULL,60,11,NULL,NULL,NULL,NULL),
 (2907,23,'21.com internets',1,'2008-10-05 20:53:48',NULL,0,NULL,NULL,NULL,'21.com internets23',NULL,NULL,NULL,60,11,NULL,NULL,NULL,NULL),
 (2908,35,'21.com internets',1,'2008-10-05 20:53:48',NULL,0,NULL,NULL,NULL,'21.com internets35',NULL,NULL,NULL,60,11,NULL,NULL,NULL,NULL),
 (2909,4,'21.com internets',1,'2008-10-05 20:53:48',NULL,1,NULL,NULL,NULL,'21.com internets4',NULL,NULL,NULL,60,11,NULL,NULL,NULL,NULL),
 (2910,18,'21.com internets',1,'2008-10-05 20:53:48',NULL,1,NULL,NULL,NULL,'21.com internets18',NULL,NULL,NULL,60,11,NULL,NULL,NULL,NULL),
 (2911,26,'21.com internets',1,'2008-10-05 20:53:48',NULL,0,NULL,NULL,NULL,'21.com internets26',NULL,NULL,NULL,60,11,NULL,NULL,NULL,NULL),
 (2912,36,'21.com internets',1,'2008-10-05 20:53:48',NULL,0,NULL,NULL,NULL,'21.com internets36',NULL,NULL,NULL,60,11,NULL,NULL,NULL,NULL),
 (2913,24,'21.com internets',1,'2008-10-05 20:53:48',NULL,0,NULL,NULL,NULL,'21.com internets24',NULL,NULL,NULL,60,11,NULL,NULL,NULL,NULL),
 (2914,29,'21.com internets',1,'2008-10-05 20:53:48',NULL,0,NULL,NULL,NULL,'21.com internets29',NULL,NULL,NULL,60,11,NULL,NULL,NULL,NULL),
 (2915,7,'21.com internets',1,'2008-10-05 20:53:48',NULL,1,NULL,NULL,NULL,'21.com internets7',NULL,NULL,NULL,60,11,NULL,NULL,NULL,NULL),
 (2916,47,'21.com internets',1,'2008-10-05 20:53:48',NULL,0,NULL,NULL,NULL,'21.com internets47',NULL,NULL,NULL,60,11,NULL,NULL,NULL,NULL),
 (2917,16,'21.com internets',1,'2008-10-05 20:53:48',NULL,1,NULL,NULL,NULL,'21.com internets16',NULL,NULL,NULL,60,11,NULL,NULL,NULL,NULL),
 (2918,6,'21.com internets',1,'2008-10-05 20:53:48',NULL,1,NULL,NULL,NULL,'21.com internets6',NULL,NULL,NULL,60,11,NULL,NULL,NULL,NULL),
 (2919,25,'21.com internets',1,'2008-10-05 20:53:48',NULL,0,NULL,NULL,NULL,'21.com internets25',NULL,NULL,NULL,60,11,NULL,NULL,NULL,NULL),
 (2920,20,'21.com internets',1,'2008-10-05 20:53:48',NULL,1,NULL,NULL,NULL,'21.com internets20',NULL,NULL,NULL,60,11,NULL,NULL,NULL,NULL),
 (2921,5,'21.com internets',1,'2008-10-05 20:53:48',NULL,1,NULL,NULL,NULL,'21.com internets5',NULL,NULL,NULL,60,11,NULL,NULL,NULL,NULL),
 (2922,22,'21.com internets',1,'2008-10-05 20:53:48',NULL,0,NULL,NULL,NULL,'21.com internets22',NULL,NULL,NULL,60,11,NULL,NULL,NULL,NULL),
 (2923,46,'21.com internets',1,'2008-10-05 20:53:48',NULL,0,NULL,NULL,NULL,'21.com internets46',NULL,NULL,NULL,60,11,NULL,NULL,NULL,NULL),
 (2924,49,'21.com internets',1,'2008-10-05 20:53:48',NULL,0,NULL,NULL,NULL,'21.com internets49',NULL,NULL,NULL,60,11,NULL,NULL,NULL,NULL),
 (2925,45,'21.com internets',1,'2008-10-05 20:53:48',NULL,0,NULL,NULL,NULL,'21.com internets45',NULL,NULL,NULL,60,11,NULL,NULL,NULL,NULL),
 (2926,21,'21.com internets',1,'2008-10-05 20:53:48',NULL,0,NULL,NULL,NULL,'21.com internets21',NULL,NULL,NULL,60,11,NULL,NULL,NULL,NULL),
 (2927,19,'21.com internets',1,'2008-10-05 20:53:48',NULL,1,NULL,NULL,NULL,'21.com internets19',NULL,NULL,NULL,60,11,NULL,NULL,NULL,NULL),
 (2928,43,'21.com internets',1,'2008-10-05 20:53:48',NULL,0,NULL,NULL,NULL,'21.com internets43',NULL,NULL,NULL,60,11,NULL,NULL,NULL,NULL),
 (2929,37,'21.com internets',1,'2008-10-05 20:53:48',NULL,0,NULL,NULL,NULL,'21.com internets37',NULL,NULL,NULL,60,11,NULL,NULL,NULL,NULL),
 (2930,31,'21.com internets',1,'2008-10-05 20:53:48',NULL,0,NULL,NULL,NULL,'21.com internets31',NULL,NULL,NULL,60,11,NULL,NULL,NULL,NULL),
 (2931,8,'21.com internets',1,'2008-10-05 20:53:48',NULL,1,NULL,NULL,NULL,'21.com internets8',NULL,NULL,NULL,60,11,NULL,NULL,NULL,NULL),
 (2932,48,'21.com internets',1,'2008-10-05 20:53:48',NULL,0,NULL,NULL,NULL,'21.com internets48',NULL,NULL,NULL,60,11,NULL,NULL,NULL,NULL),
 (2933,17,'21.com internets',1,'2008-10-05 20:53:48',NULL,1,NULL,NULL,NULL,'21.com internets17',NULL,NULL,NULL,60,11,NULL,NULL,NULL,NULL),
 (2934,27,'21.com internets',1,'2008-10-05 20:53:48',NULL,0,NULL,NULL,NULL,'21.com internets27',NULL,NULL,NULL,60,11,NULL,NULL,NULL,NULL),
 (2935,1,'21.com internets',0,'2008-10-05 20:53:48',NULL,1,NULL,NULL,NULL,'21.com internets1',NULL,NULL,NULL,60,11,'sohail_simple@yahoo.com','2008-10-05 20:39:05',NULL,NULL),
 (2936,41,'21.com internets',1,'2008-10-05 20:53:48',NULL,0,NULL,NULL,NULL,'21.com internets41',NULL,NULL,NULL,60,11,NULL,NULL,NULL,NULL),
 (2937,42,'21.com internets',1,'2008-10-05 20:53:48',NULL,0,NULL,NULL,NULL,'21.com internets42',NULL,NULL,NULL,60,11,NULL,NULL,NULL,NULL),
 (2938,2,'21.com internets',0,'2008-10-05 20:53:48',NULL,1,NULL,NULL,NULL,'21.com internets2',NULL,NULL,NULL,60,11,'salma@gmail.com','2008-10-05 20:52:46',NULL,NULL),
 (2939,19,'shannan cafe',1,'2008-10-05 21:33:55',NULL,0,NULL,NULL,NULL,'shannan cafe19',NULL,NULL,NULL,1,1,NULL,NULL,NULL,NULL),
 (2940,7,'shannan cafe',1,'2008-10-05 21:33:55',NULL,1,NULL,NULL,NULL,'shannan cafe7',NULL,NULL,NULL,1,1,NULL,NULL,NULL,NULL),
 (2941,46,'shannan cafe',1,'2008-10-05 21:33:55',NULL,0,NULL,NULL,NULL,'shannan cafe46',NULL,NULL,NULL,1,1,NULL,NULL,NULL,NULL),
 (2942,41,'shannan cafe',1,'2008-10-05 21:33:55',NULL,0,NULL,NULL,NULL,'shannan cafe41',NULL,NULL,NULL,1,1,NULL,NULL,NULL,NULL),
 (2943,34,'shannan cafe',1,'2008-10-05 21:33:55',NULL,0,NULL,NULL,NULL,'shannan cafe34',NULL,NULL,NULL,1,1,NULL,NULL,NULL,NULL),
 (2944,50,'shannan cafe',1,'2008-10-05 21:33:55',NULL,0,NULL,NULL,NULL,'shannan cafe50',NULL,NULL,NULL,1,1,NULL,NULL,NULL,NULL),
 (2945,24,'shannan cafe',1,'2008-10-05 21:33:55',NULL,0,NULL,NULL,NULL,'shannan cafe24',NULL,NULL,NULL,1,1,NULL,NULL,NULL,NULL),
 (2946,25,'shannan cafe',1,'2008-10-05 21:33:55',NULL,0,NULL,NULL,NULL,'shannan cafe25',NULL,NULL,NULL,1,1,NULL,NULL,NULL,NULL),
 (2947,40,'shannan cafe',1,'2008-10-05 21:33:55',NULL,0,NULL,NULL,NULL,'shannan cafe40',NULL,NULL,NULL,1,1,NULL,NULL,NULL,NULL),
 (2948,31,'shannan cafe',1,'2008-10-05 21:33:55',NULL,0,NULL,NULL,NULL,'shannan cafe31',NULL,NULL,NULL,1,1,NULL,NULL,NULL,NULL),
 (2949,8,'shannan cafe',1,'2008-10-05 21:33:55',NULL,1,NULL,NULL,NULL,'shannan cafe8',NULL,NULL,NULL,1,1,NULL,NULL,NULL,NULL),
 (2950,4,'shannan cafe',1,'2008-10-05 21:33:55',NULL,1,NULL,NULL,NULL,'shannan cafe4',NULL,NULL,NULL,1,1,NULL,NULL,NULL,NULL),
 (2951,17,'shannan cafe',1,'2008-10-05 21:33:55',NULL,0,NULL,NULL,NULL,'shannan cafe17',NULL,NULL,NULL,1,1,NULL,NULL,NULL,NULL),
 (2952,21,'shannan cafe',1,'2008-10-05 21:33:55',NULL,0,NULL,NULL,NULL,'shannan cafe21',NULL,NULL,NULL,1,1,NULL,NULL,NULL,NULL),
 (2953,14,'shannan cafe',1,'2008-10-05 21:33:55',NULL,0,NULL,NULL,NULL,'shannan cafe14',NULL,NULL,NULL,1,1,NULL,NULL,NULL,NULL),
 (2954,3,'shannan cafe',1,'2008-10-05 21:33:55',NULL,1,NULL,NULL,NULL,'shannan cafe3',NULL,NULL,NULL,1,1,NULL,NULL,NULL,NULL),
 (2955,23,'shannan cafe',1,'2008-10-05 21:33:55',NULL,0,NULL,NULL,NULL,'shannan cafe23',NULL,NULL,NULL,1,1,NULL,NULL,NULL,NULL),
 (2956,6,'shannan cafe',1,'2008-10-05 21:33:55',NULL,1,NULL,NULL,NULL,'shannan cafe6',NULL,NULL,NULL,1,1,NULL,NULL,NULL,NULL),
 (2957,47,'shannan cafe',1,'2008-10-05 21:33:55',NULL,0,NULL,NULL,NULL,'shannan cafe47',NULL,NULL,NULL,1,1,NULL,NULL,NULL,NULL),
 (2958,5,'shannan cafe',1,'2008-10-05 21:33:55',NULL,1,NULL,NULL,NULL,'shannan cafe5',NULL,NULL,NULL,1,1,NULL,NULL,NULL,NULL),
 (2959,9,'shannan cafe',1,'2008-10-05 21:33:55',NULL,1,NULL,NULL,NULL,'shannan cafe9',NULL,NULL,NULL,1,1,NULL,NULL,NULL,NULL),
 (2960,32,'shannan cafe',1,'2008-10-05 21:33:55',NULL,0,NULL,NULL,NULL,'shannan cafe32',NULL,NULL,NULL,1,1,NULL,NULL,NULL,NULL),
 (2961,18,'shannan cafe',1,'2008-10-05 21:33:55',NULL,0,NULL,NULL,NULL,'shannan cafe18',NULL,NULL,NULL,1,1,NULL,NULL,NULL,NULL),
 (2962,38,'shannan cafe',1,'2008-10-05 21:33:55',NULL,0,NULL,NULL,NULL,'shannan cafe38',NULL,NULL,NULL,1,1,NULL,NULL,NULL,NULL),
 (2963,45,'shannan cafe',1,'2008-10-05 21:33:55',NULL,0,NULL,NULL,NULL,'shannan cafe45',NULL,NULL,NULL,1,1,NULL,NULL,NULL,NULL),
 (2964,11,'shannan cafe',1,'2008-10-05 21:33:55',NULL,0,NULL,NULL,NULL,'shannan cafe11',NULL,NULL,NULL,1,1,NULL,NULL,NULL,NULL),
 (2965,29,'shannan cafe',1,'2008-10-05 21:33:55',NULL,0,NULL,NULL,NULL,'shannan cafe29',NULL,NULL,NULL,1,1,NULL,NULL,NULL,NULL),
 (2966,10,'shannan cafe',1,'2008-10-05 21:33:55',NULL,1,NULL,NULL,NULL,'shannan cafe10',NULL,NULL,NULL,1,1,NULL,NULL,NULL,NULL),
 (2967,13,'shannan cafe',1,'2008-10-05 21:33:55',NULL,0,NULL,NULL,NULL,'shannan cafe13',NULL,NULL,NULL,1,1,NULL,NULL,NULL,NULL),
 (2968,20,'shannan cafe',1,'2008-10-05 21:33:55',NULL,0,NULL,NULL,NULL,'shannan cafe20',NULL,NULL,NULL,1,1,NULL,NULL,NULL,NULL),
 (2969,43,'shannan cafe',1,'2008-10-05 21:33:55',NULL,0,NULL,NULL,NULL,'shannan cafe43',NULL,NULL,NULL,1,1,NULL,NULL,NULL,NULL),
 (2970,48,'shannan cafe',1,'2008-10-05 21:33:55',NULL,0,NULL,NULL,NULL,'shannan cafe48',NULL,NULL,NULL,1,1,NULL,NULL,NULL,NULL),
 (2971,2,'shannan cafe',1,'2008-10-05 21:33:55',NULL,1,NULL,NULL,NULL,'shannan cafe2',NULL,NULL,NULL,1,1,NULL,NULL,NULL,NULL),
 (2972,26,'shannan cafe',1,'2008-10-05 21:33:55',NULL,0,NULL,NULL,NULL,'shannan cafe26',NULL,NULL,NULL,1,1,NULL,NULL,NULL,NULL),
 (2973,1,'shannan cafe',1,'2008-10-05 21:33:55',NULL,1,NULL,NULL,NULL,'shannan cafe1',NULL,NULL,NULL,1,1,NULL,NULL,NULL,NULL),
 (2974,28,'shannan cafe',1,'2008-10-05 21:33:55',NULL,0,NULL,NULL,NULL,'shannan cafe28',NULL,NULL,NULL,1,1,NULL,NULL,NULL,NULL),
 (2975,15,'shannan cafe',1,'2008-10-05 21:33:55',NULL,0,NULL,NULL,NULL,'shannan cafe15',NULL,NULL,NULL,1,1,NULL,NULL,NULL,NULL),
 (2976,22,'shannan cafe',1,'2008-10-05 21:33:55',NULL,0,NULL,NULL,NULL,'shannan cafe22',NULL,NULL,NULL,1,1,NULL,NULL,NULL,NULL),
 (2977,12,'shannan cafe',1,'2008-10-05 21:33:55',NULL,0,NULL,NULL,NULL,'shannan cafe12',NULL,NULL,NULL,1,1,NULL,NULL,NULL,NULL),
 (2978,30,'shannan cafe',1,'2008-10-05 21:33:55',NULL,0,NULL,NULL,NULL,'shannan cafe30',NULL,NULL,NULL,1,1,NULL,NULL,NULL,NULL),
 (2979,39,'shannan cafe',1,'2008-10-05 21:33:55',NULL,0,NULL,NULL,NULL,'shannan cafe39',NULL,NULL,NULL,1,1,NULL,NULL,NULL,NULL),
 (2980,44,'shannan cafe',1,'2008-10-05 21:33:55',NULL,0,NULL,NULL,NULL,'shannan cafe44',NULL,NULL,NULL,1,1,NULL,NULL,NULL,NULL),
 (2981,16,'shannan cafe',1,'2008-10-05 21:33:55',NULL,0,NULL,NULL,NULL,'shannan cafe16',NULL,NULL,NULL,1,1,NULL,NULL,NULL,NULL),
 (2982,33,'shannan cafe',1,'2008-10-05 21:33:55',NULL,0,NULL,NULL,NULL,'shannan cafe33',NULL,NULL,NULL,1,1,NULL,NULL,NULL,NULL),
 (2983,42,'shannan cafe',1,'2008-10-05 21:33:55',NULL,0,NULL,NULL,NULL,'shannan cafe42',NULL,NULL,NULL,1,1,NULL,NULL,NULL,NULL),
 (2984,36,'shannan cafe',1,'2008-10-05 21:33:55',NULL,0,NULL,NULL,NULL,'shannan cafe36',NULL,NULL,NULL,1,1,NULL,NULL,NULL,NULL),
 (2985,35,'shannan cafe',1,'2008-10-05 21:33:55',NULL,0,NULL,NULL,NULL,'shannan cafe35',NULL,NULL,NULL,1,1,NULL,NULL,NULL,NULL),
 (2986,49,'shannan cafe',1,'2008-10-05 21:33:55',NULL,0,NULL,NULL,NULL,'shannan cafe49',NULL,NULL,NULL,1,1,NULL,NULL,NULL,NULL),
 (2987,37,'shannan cafe',1,'2008-10-05 21:33:55',NULL,0,NULL,NULL,NULL,'shannan cafe37',NULL,NULL,NULL,1,1,NULL,NULL,NULL,NULL),
 (2988,27,'shannan cafe',1,'2008-10-05 21:33:55',NULL,0,NULL,NULL,NULL,'shannan cafe27',NULL,NULL,NULL,1,1,NULL,NULL,NULL,NULL),
 (2989,42,'mmm',1,'2008-10-07 00:37:03',NULL,0,NULL,NULL,NULL,'mmm42',NULL,NULL,NULL,1,1,NULL,NULL,NULL,NULL),
 (2990,23,'mmm',1,'2008-10-07 00:37:03',NULL,0,NULL,NULL,NULL,'mmm23',NULL,NULL,NULL,1,1,NULL,NULL,NULL,NULL),
 (2991,4,'mmm',1,'2008-10-07 00:37:03',NULL,1,NULL,NULL,NULL,'mmm4',NULL,NULL,NULL,1,1,NULL,NULL,NULL,NULL),
 (2992,30,'mmm',1,'2008-10-07 00:37:03',NULL,0,NULL,NULL,NULL,'mmm30',NULL,NULL,NULL,1,1,NULL,NULL,NULL,NULL),
 (2993,8,'mmm',1,'2008-10-07 00:37:03',NULL,1,NULL,NULL,NULL,'mmm8',NULL,NULL,NULL,1,1,NULL,NULL,NULL,NULL),
 (2994,15,'mmm',1,'2008-10-07 00:37:03',NULL,0,NULL,NULL,NULL,'mmm15',NULL,NULL,NULL,1,1,NULL,NULL,NULL,NULL),
 (2995,34,'mmm',1,'2008-10-07 00:37:03',NULL,0,NULL,NULL,NULL,'mmm34',NULL,NULL,NULL,1,1,NULL,NULL,NULL,NULL),
 (2996,26,'mmm',1,'2008-10-07 00:37:03',NULL,0,NULL,NULL,NULL,'mmm26',NULL,NULL,NULL,1,1,NULL,NULL,NULL,NULL),
 (2997,25,'mmm',1,'2008-10-07 00:37:03',NULL,0,NULL,NULL,NULL,'mmm25',NULL,NULL,NULL,1,1,NULL,NULL,NULL,NULL),
 (2998,18,'mmm',1,'2008-10-07 00:37:03',NULL,0,NULL,NULL,NULL,'mmm18',NULL,NULL,NULL,1,1,NULL,NULL,NULL,NULL),
 (2999,40,'mmm',1,'2008-10-07 00:37:03',NULL,0,NULL,NULL,NULL,'mmm40',NULL,NULL,NULL,1,1,NULL,NULL,NULL,NULL),
 (3000,48,'mmm',1,'2008-10-07 00:37:03',NULL,0,NULL,NULL,NULL,'mmm48',NULL,NULL,NULL,1,1,NULL,NULL,NULL,NULL),
 (3001,3,'mmm',1,'2008-10-07 00:37:03',NULL,1,NULL,NULL,NULL,'mmm3',NULL,NULL,NULL,1,1,NULL,NULL,NULL,NULL),
 (3002,14,'mmm',1,'2008-10-07 00:37:03',NULL,0,NULL,NULL,NULL,'mmm14',NULL,NULL,NULL,1,1,NULL,NULL,NULL,NULL),
 (3003,2,'mmm',1,'2008-10-07 00:37:03',NULL,1,NULL,NULL,NULL,'mmm2',NULL,NULL,NULL,1,1,NULL,NULL,NULL,NULL),
 (3004,5,'mmm',1,'2008-10-07 00:37:03',NULL,1,NULL,NULL,NULL,'mmm5',NULL,NULL,NULL,1,1,NULL,NULL,NULL,NULL),
 (3005,49,'mmm',1,'2008-10-07 00:37:03',NULL,0,NULL,NULL,NULL,'mmm49',NULL,NULL,NULL,1,1,NULL,NULL,NULL,NULL),
 (3006,28,'mmm',1,'2008-10-07 00:37:03',NULL,0,NULL,NULL,NULL,'mmm28',NULL,NULL,NULL,1,1,NULL,NULL,NULL,NULL),
 (3007,37,'mmm',1,'2008-10-07 00:37:03',NULL,0,NULL,NULL,NULL,'mmm37',NULL,NULL,NULL,1,1,NULL,NULL,NULL,NULL),
 (3008,12,'mmm',1,'2008-10-07 00:37:03',NULL,0,NULL,NULL,NULL,'mmm12',NULL,NULL,NULL,1,1,NULL,NULL,NULL,NULL),
 (3009,33,'mmm',1,'2008-10-07 00:37:03',NULL,0,NULL,NULL,NULL,'mmm33',NULL,NULL,NULL,1,1,NULL,NULL,NULL,NULL),
 (3010,11,'mmm',1,'2008-10-07 00:37:03',NULL,0,NULL,NULL,NULL,'mmm11',NULL,NULL,NULL,1,1,NULL,NULL,NULL,NULL),
 (3011,13,'mmm',1,'2008-10-07 00:37:03',NULL,0,NULL,NULL,NULL,'mmm13',NULL,NULL,NULL,1,1,NULL,NULL,NULL,NULL),
 (3012,36,'mmm',1,'2008-10-07 00:37:03',NULL,0,NULL,NULL,NULL,'mmm36',NULL,NULL,NULL,1,1,NULL,NULL,NULL,NULL),
 (3013,50,'mmm',1,'2008-10-07 00:37:03',NULL,0,NULL,NULL,NULL,'mmm50',NULL,NULL,NULL,1,1,NULL,NULL,NULL,NULL),
 (3014,6,'mmm',1,'2008-10-07 00:37:03',NULL,1,NULL,NULL,NULL,'mmm6',NULL,NULL,NULL,1,1,NULL,NULL,NULL,NULL),
 (3015,38,'mmm',1,'2008-10-07 00:37:03',NULL,0,NULL,NULL,NULL,'mmm38',NULL,NULL,NULL,1,1,NULL,NULL,NULL,NULL),
 (3016,43,'mmm',1,'2008-10-07 00:37:03',NULL,0,NULL,NULL,NULL,'mmm43',NULL,NULL,NULL,1,1,NULL,NULL,NULL,NULL),
 (3017,29,'mmm',1,'2008-10-07 00:37:03',NULL,0,NULL,NULL,NULL,'mmm29',NULL,NULL,NULL,1,1,NULL,NULL,NULL,NULL),
 (3018,1,'mmm',1,'2008-10-07 00:37:03',NULL,1,NULL,NULL,NULL,'mmm1',NULL,NULL,NULL,1,1,NULL,NULL,NULL,NULL),
 (3019,27,'mmm',1,'2008-10-07 00:37:03',NULL,0,NULL,NULL,NULL,'mmm27',NULL,NULL,NULL,1,1,NULL,NULL,NULL,NULL),
 (3020,39,'mmm',1,'2008-10-07 00:37:03',NULL,0,NULL,NULL,NULL,'mmm39',NULL,NULL,NULL,1,1,NULL,NULL,NULL,NULL),
 (3021,46,'mmm',1,'2008-10-07 00:37:03',NULL,0,NULL,NULL,NULL,'mmm46',NULL,NULL,NULL,1,1,NULL,NULL,NULL,NULL),
 (3022,32,'mmm',1,'2008-10-07 00:37:03',NULL,0,NULL,NULL,NULL,'mmm32',NULL,NULL,NULL,1,1,NULL,NULL,NULL,NULL),
 (3023,10,'mmm',1,'2008-10-07 00:37:03',NULL,1,NULL,NULL,NULL,'mmm10',NULL,NULL,NULL,1,1,NULL,NULL,NULL,NULL),
 (3024,22,'mmm',1,'2008-10-07 00:37:03',NULL,0,NULL,NULL,NULL,'mmm22',NULL,NULL,NULL,1,1,NULL,NULL,NULL,NULL),
 (3025,17,'mmm',1,'2008-10-07 00:37:03',NULL,0,NULL,NULL,NULL,'mmm17',NULL,NULL,NULL,1,1,NULL,NULL,NULL,NULL),
 (3026,21,'mmm',1,'2008-10-07 00:37:03',NULL,0,NULL,NULL,NULL,'mmm21',NULL,NULL,NULL,1,1,NULL,NULL,NULL,NULL),
 (3027,45,'mmm',1,'2008-10-07 00:37:03',NULL,0,NULL,NULL,NULL,'mmm45',NULL,NULL,NULL,1,1,NULL,NULL,NULL,NULL),
 (3028,35,'mmm',1,'2008-10-07 00:37:03',NULL,0,NULL,NULL,NULL,'mmm35',NULL,NULL,NULL,1,1,NULL,NULL,NULL,NULL),
 (3029,19,'mmm',1,'2008-10-07 00:37:03',NULL,0,NULL,NULL,NULL,'mmm19',NULL,NULL,NULL,1,1,NULL,NULL,NULL,NULL),
 (3030,44,'mmm',1,'2008-10-07 00:37:03',NULL,0,NULL,NULL,NULL,'mmm44',NULL,NULL,NULL,1,1,NULL,NULL,NULL,NULL),
 (3031,7,'mmm',1,'2008-10-07 00:37:03',NULL,1,NULL,NULL,NULL,'mmm7',NULL,NULL,NULL,1,1,NULL,NULL,NULL,NULL),
 (3032,24,'mmm',1,'2008-10-07 00:37:03',NULL,0,NULL,NULL,NULL,'mmm24',NULL,NULL,NULL,1,1,NULL,NULL,NULL,NULL),
 (3033,47,'mmm',1,'2008-10-07 00:37:03',NULL,0,NULL,NULL,NULL,'mmm47',NULL,NULL,NULL,1,1,NULL,NULL,NULL,NULL),
 (3034,16,'mmm',1,'2008-10-07 00:37:03',NULL,0,NULL,NULL,NULL,'mmm16',NULL,NULL,NULL,1,1,NULL,NULL,NULL,NULL),
 (3035,9,'mmm',1,'2008-10-07 00:37:03',NULL,1,NULL,NULL,NULL,'mmm9',NULL,NULL,NULL,1,1,NULL,NULL,NULL,NULL),
 (3036,20,'mmm',1,'2008-10-07 00:37:03',NULL,0,NULL,NULL,NULL,'mmm20',NULL,NULL,NULL,1,1,NULL,NULL,NULL,NULL),
 (3037,31,'mmm',1,'2008-10-07 00:37:03',NULL,0,NULL,NULL,NULL,'mmm31',NULL,NULL,NULL,1,1,NULL,NULL,NULL,NULL),
 (3038,41,'mmm',1,'2008-10-07 00:37:03',NULL,0,NULL,NULL,NULL,'mmm41',NULL,NULL,NULL,1,1,NULL,NULL,NULL,NULL),
 (3039,31,'test999',1,'2008-10-07 16:37:07',NULL,0,NULL,NULL,NULL,'test99931',NULL,NULL,NULL,1,1,NULL,NULL,NULL,NULL),
 (3040,8,'test999',1,'2008-10-07 16:37:07',NULL,1,NULL,NULL,NULL,'test9998',NULL,NULL,NULL,1,1,NULL,NULL,NULL,NULL);
INSERT INTO `systems` (`id`,`name`,`organization`,`is_available`,`expected_free_time`,`description`,`enabled`,`is_shutdown`,`create_user`,`create_date`,`mac_address`,`ip_address`,`status_`,`comment`,`minimum_minutes`,`rate`,`current_user_email`,`start_time`,`lower_minimum_minutes`,`lower_rate`) VALUES 
 (3041,36,'test999',1,'2008-10-07 16:37:07',NULL,0,NULL,NULL,NULL,'test99936',NULL,NULL,NULL,1,1,NULL,NULL,NULL,NULL),
 (3042,41,'test999',1,'2008-10-07 16:37:07',NULL,0,NULL,NULL,NULL,'test99941',NULL,NULL,NULL,1,1,NULL,NULL,NULL,NULL),
 (3043,50,'test999',1,'2008-10-07 16:37:07',NULL,0,NULL,NULL,NULL,'test99950',NULL,NULL,NULL,1,1,NULL,NULL,NULL,NULL),
 (3044,13,'test999',1,'2008-10-07 16:37:07',NULL,0,NULL,NULL,NULL,'test99913',NULL,NULL,NULL,1,1,NULL,NULL,NULL,NULL),
 (3045,12,'test999',1,'2008-10-07 16:37:07',NULL,0,NULL,NULL,NULL,'test99912',NULL,NULL,NULL,1,1,NULL,NULL,NULL,NULL),
 (3046,28,'test999',1,'2008-10-07 16:37:07',NULL,0,NULL,NULL,NULL,'test99928',NULL,NULL,NULL,1,1,NULL,NULL,NULL,NULL),
 (3047,49,'test999',1,'2008-10-07 16:37:07',NULL,0,NULL,NULL,NULL,'test99949',NULL,NULL,NULL,1,1,NULL,NULL,NULL,NULL),
 (3048,11,'test999',1,'2008-10-07 16:37:07',NULL,0,NULL,NULL,NULL,'test99911',NULL,NULL,NULL,1,1,NULL,NULL,NULL,NULL),
 (3049,16,'test999',1,'2008-10-07 16:37:07',NULL,0,NULL,NULL,NULL,'test99916',NULL,NULL,NULL,1,1,NULL,NULL,NULL,NULL),
 (3050,19,'test999',1,'2008-10-07 16:37:07',NULL,0,NULL,NULL,NULL,'test99919',NULL,NULL,NULL,1,1,NULL,NULL,NULL,NULL),
 (3051,34,'test999',1,'2008-10-07 16:37:07',NULL,0,NULL,NULL,NULL,'test99934',NULL,NULL,NULL,1,1,NULL,NULL,NULL,NULL),
 (3052,44,'test999',1,'2008-10-07 16:37:07',NULL,0,NULL,NULL,NULL,'test99944',NULL,NULL,NULL,1,1,NULL,NULL,NULL,NULL),
 (3053,48,'test999',1,'2008-10-07 16:37:07',NULL,0,NULL,NULL,NULL,'test99948',NULL,NULL,NULL,1,1,NULL,NULL,NULL,NULL),
 (3054,4,'test999',1,'2008-10-07 16:37:07',NULL,1,NULL,NULL,NULL,'test9994',NULL,NULL,NULL,1,1,NULL,NULL,NULL,NULL),
 (3055,21,'test999',1,'2008-10-07 16:37:07',NULL,0,NULL,NULL,NULL,'test99921',NULL,NULL,NULL,1,1,NULL,NULL,NULL,NULL),
 (3056,17,'test999',1,'2008-10-07 16:37:07',NULL,0,NULL,NULL,NULL,'test99917',NULL,NULL,NULL,1,1,NULL,NULL,NULL,NULL),
 (3057,29,'test999',1,'2008-10-07 16:37:07',NULL,0,NULL,NULL,NULL,'test99929',NULL,NULL,NULL,1,1,NULL,NULL,NULL,NULL),
 (3058,2,'test999',1,'2008-10-07 16:37:07',NULL,1,NULL,NULL,NULL,'test9992',NULL,NULL,NULL,1,1,NULL,NULL,NULL,NULL),
 (3059,1,'test999',1,'2008-10-07 16:37:07',NULL,1,NULL,NULL,NULL,'test9991',NULL,NULL,NULL,1,1,NULL,NULL,NULL,NULL),
 (3060,43,'test999',1,'2008-10-07 16:37:07',NULL,0,NULL,NULL,NULL,'test99943',NULL,NULL,NULL,1,1,NULL,NULL,NULL,NULL),
 (3061,18,'test999',1,'2008-10-07 16:37:07',NULL,0,NULL,NULL,NULL,'test99918',NULL,NULL,NULL,1,1,NULL,NULL,NULL,NULL),
 (3062,30,'test999',1,'2008-10-07 16:37:07',NULL,0,NULL,NULL,NULL,'test99930',NULL,NULL,NULL,1,1,NULL,NULL,NULL,NULL),
 (3063,35,'test999',1,'2008-10-07 16:37:07',NULL,0,NULL,NULL,NULL,'test99935',NULL,NULL,NULL,1,1,NULL,NULL,NULL,NULL),
 (3064,47,'test999',1,'2008-10-07 16:37:07',NULL,0,NULL,NULL,NULL,'test99947',NULL,NULL,NULL,1,1,NULL,NULL,NULL,NULL),
 (3065,40,'test999',1,'2008-10-07 16:37:07',NULL,0,NULL,NULL,NULL,'test99940',NULL,NULL,NULL,1,1,NULL,NULL,NULL,NULL),
 (3066,25,'test999',1,'2008-10-07 16:37:07',NULL,0,NULL,NULL,NULL,'test99925',NULL,NULL,NULL,1,1,NULL,NULL,NULL,NULL),
 (3067,6,'test999',1,'2008-10-07 16:37:07',NULL,1,NULL,NULL,NULL,'test9996',NULL,NULL,NULL,1,1,NULL,NULL,NULL,NULL),
 (3068,9,'test999',1,'2008-10-07 16:37:07',NULL,1,NULL,NULL,NULL,'test9999',NULL,NULL,NULL,1,1,NULL,NULL,NULL,NULL),
 (3069,33,'test999',1,'2008-10-07 16:37:07',NULL,0,NULL,NULL,NULL,'test99933',NULL,NULL,NULL,1,1,NULL,NULL,NULL,NULL),
 (3070,15,'test999',1,'2008-10-07 16:37:07',NULL,0,NULL,NULL,NULL,'test99915',NULL,NULL,NULL,1,1,NULL,NULL,NULL,NULL),
 (3071,32,'test999',1,'2008-10-07 16:37:07',NULL,0,NULL,NULL,NULL,'test99932',NULL,NULL,NULL,1,1,NULL,NULL,NULL,NULL),
 (3072,23,'test999',1,'2008-10-07 16:37:07',NULL,0,NULL,NULL,NULL,'test99923',NULL,NULL,NULL,1,1,NULL,NULL,NULL,NULL),
 (3073,22,'test999',1,'2008-10-07 16:37:07',NULL,0,NULL,NULL,NULL,'test99922',NULL,NULL,NULL,1,1,NULL,NULL,NULL,NULL),
 (3074,37,'test999',1,'2008-10-07 16:37:07',NULL,0,NULL,NULL,NULL,'test99937',NULL,NULL,NULL,1,1,NULL,NULL,NULL,NULL),
 (3075,24,'test999',1,'2008-10-07 16:37:07',NULL,0,NULL,NULL,NULL,'test99924',NULL,NULL,NULL,1,1,NULL,NULL,NULL,NULL),
 (3076,42,'test999',1,'2008-10-07 16:37:07',NULL,0,NULL,NULL,NULL,'test99942',NULL,NULL,NULL,1,1,NULL,NULL,NULL,NULL),
 (3077,27,'test999',1,'2008-10-07 16:37:07',NULL,0,NULL,NULL,NULL,'test99927',NULL,NULL,NULL,1,1,NULL,NULL,NULL,NULL),
 (3078,7,'test999',1,'2008-10-07 16:37:07',NULL,1,NULL,NULL,NULL,'test9997',NULL,NULL,NULL,1,1,NULL,NULL,NULL,NULL),
 (3079,3,'test999',1,'2008-10-07 16:37:07',NULL,1,NULL,NULL,NULL,'test9993',NULL,NULL,NULL,1,1,NULL,NULL,NULL,NULL),
 (3080,26,'test999',1,'2008-10-07 16:37:07',NULL,0,NULL,NULL,NULL,'test99926',NULL,NULL,NULL,1,1,NULL,NULL,NULL,NULL),
 (3081,5,'test999',1,'2008-10-07 16:37:07',NULL,1,NULL,NULL,NULL,'test9995',NULL,NULL,NULL,1,1,NULL,NULL,NULL,NULL),
 (3082,39,'test999',1,'2008-10-07 16:37:07',NULL,0,NULL,NULL,NULL,'test99939',NULL,NULL,NULL,1,1,NULL,NULL,NULL,NULL),
 (3083,38,'test999',1,'2008-10-07 16:37:07',NULL,0,NULL,NULL,NULL,'test99938',NULL,NULL,NULL,1,1,NULL,NULL,NULL,NULL),
 (3084,45,'test999',1,'2008-10-07 16:37:07',NULL,0,NULL,NULL,NULL,'test99945',NULL,NULL,NULL,1,1,NULL,NULL,NULL,NULL),
 (3085,46,'test999',1,'2008-10-07 16:37:07',NULL,0,NULL,NULL,NULL,'test99946',NULL,NULL,NULL,1,1,NULL,NULL,NULL,NULL),
 (3086,20,'test999',1,'2008-10-07 16:37:07',NULL,0,NULL,NULL,NULL,'test99920',NULL,NULL,NULL,1,1,NULL,NULL,NULL,NULL),
 (3087,10,'test999',1,'2008-10-07 16:37:07',NULL,1,NULL,NULL,NULL,'test99910',NULL,NULL,NULL,1,1,NULL,NULL,NULL,NULL),
 (3088,14,'test999',1,'2008-10-07 16:37:07',NULL,0,NULL,NULL,NULL,'test99914',NULL,NULL,NULL,1,1,NULL,NULL,NULL,NULL),
 (3089,12,'shannan6',1,'2008-10-07 20:40:36',NULL,0,NULL,NULL,NULL,'shannan612',NULL,NULL,NULL,1,1,NULL,NULL,NULL,NULL),
 (3090,33,'shannan6',1,'2008-10-07 20:40:36',NULL,0,NULL,NULL,NULL,'shannan633',NULL,NULL,NULL,1,1,NULL,NULL,NULL,NULL),
 (3091,20,'shannan6',1,'2008-10-07 20:40:36',NULL,0,NULL,NULL,NULL,'shannan620',NULL,NULL,NULL,1,1,NULL,NULL,NULL,NULL),
 (3092,37,'shannan6',1,'2008-10-07 20:40:36',NULL,0,NULL,NULL,NULL,'shannan637',NULL,NULL,NULL,1,1,NULL,NULL,NULL,NULL),
 (3093,24,'shannan6',1,'2008-10-07 20:40:36',NULL,0,NULL,NULL,NULL,'shannan624',NULL,NULL,NULL,1,1,NULL,NULL,NULL,NULL),
 (3094,40,'shannan6',1,'2008-10-07 20:40:36',NULL,0,NULL,NULL,NULL,'shannan640',NULL,NULL,NULL,1,1,NULL,NULL,NULL,NULL),
 (3095,8,'shannan6',1,'2008-10-07 20:40:36',NULL,1,NULL,NULL,NULL,'shannan68',NULL,NULL,NULL,1,1,NULL,NULL,NULL,NULL),
 (3096,38,'shannan6',1,'2008-10-07 20:40:36',NULL,0,NULL,NULL,NULL,'shannan638',NULL,NULL,NULL,1,1,NULL,NULL,NULL,NULL),
 (3097,17,'shannan6',1,'2008-10-07 20:40:36',NULL,0,NULL,NULL,NULL,'shannan617',NULL,NULL,NULL,1,1,NULL,NULL,NULL,NULL),
 (3098,35,'shannan6',1,'2008-10-07 20:40:36',NULL,0,NULL,NULL,NULL,'shannan635',NULL,NULL,NULL,1,1,NULL,NULL,NULL,NULL),
 (3099,34,'shannan6',1,'2008-10-07 20:40:36',NULL,0,NULL,NULL,NULL,'shannan634',NULL,NULL,NULL,1,1,NULL,NULL,NULL,NULL),
 (3100,9,'shannan6',1,'2008-10-07 20:40:36',NULL,1,NULL,NULL,NULL,'shannan69',NULL,NULL,NULL,1,1,NULL,NULL,NULL,NULL),
 (3101,6,'shannan6',1,'2008-10-07 20:40:36',NULL,1,NULL,NULL,NULL,'shannan66',NULL,NULL,NULL,1,1,NULL,NULL,NULL,NULL),
 (3102,19,'shannan6',1,'2008-10-07 20:40:36',NULL,0,NULL,NULL,NULL,'shannan619',NULL,NULL,NULL,1,1,NULL,NULL,NULL,NULL),
 (3103,49,'shannan6',1,'2008-10-07 20:40:36',NULL,0,NULL,NULL,NULL,'shannan649',NULL,NULL,NULL,1,1,NULL,NULL,NULL,NULL),
 (3104,50,'shannan6',1,'2008-10-07 20:40:36',NULL,0,NULL,NULL,NULL,'shannan650',NULL,NULL,NULL,1,1,NULL,NULL,NULL,NULL),
 (3105,46,'shannan6',1,'2008-10-07 20:40:36',NULL,0,NULL,NULL,NULL,'shannan646',NULL,NULL,NULL,1,1,NULL,NULL,NULL,NULL),
 (3106,42,'shannan6',1,'2008-10-07 20:40:36',NULL,0,NULL,NULL,NULL,'shannan642',NULL,NULL,NULL,1,1,NULL,NULL,NULL,NULL),
 (3107,7,'shannan6',1,'2008-10-07 20:40:36',NULL,1,NULL,NULL,NULL,'shannan67',NULL,NULL,NULL,1,1,NULL,NULL,NULL,NULL),
 (3108,4,'shannan6',1,'2008-10-07 20:40:36',NULL,1,NULL,NULL,NULL,'shannan64',NULL,NULL,NULL,1,1,NULL,NULL,NULL,NULL),
 (3109,1,'shannan6',0,'2008-10-07 20:40:36',NULL,1,NULL,NULL,NULL,'shannan61',NULL,NULL,NULL,1,1,'dadasd@sdsad.com','2008-10-08 21:51:03',NULL,NULL),
 (3110,36,'shannan6',1,'2008-10-07 20:40:36',NULL,0,NULL,NULL,NULL,'shannan636',NULL,NULL,NULL,1,1,NULL,NULL,NULL,NULL),
 (3111,3,'shannan6',1,'2008-10-07 20:40:36',NULL,1,NULL,NULL,NULL,'shannan63',NULL,NULL,NULL,1,1,NULL,NULL,NULL,NULL),
 (3112,21,'shannan6',1,'2008-10-07 20:40:36',NULL,0,NULL,NULL,NULL,'shannan621',NULL,NULL,NULL,1,1,NULL,NULL,NULL,NULL),
 (3113,48,'shannan6',1,'2008-10-07 20:40:36',NULL,0,NULL,NULL,NULL,'shannan648',NULL,NULL,NULL,1,1,NULL,NULL,NULL,NULL),
 (3114,22,'shannan6',1,'2008-10-07 20:40:36',NULL,0,NULL,NULL,NULL,'shannan622',NULL,NULL,NULL,1,1,NULL,NULL,NULL,NULL),
 (3115,5,'shannan6',1,'2008-10-07 20:40:36',NULL,1,NULL,NULL,NULL,'shannan65',NULL,NULL,NULL,1,1,NULL,NULL,NULL,NULL),
 (3116,32,'shannan6',1,'2008-10-07 20:40:36',NULL,0,NULL,NULL,NULL,'shannan632',NULL,NULL,NULL,1,1,NULL,NULL,NULL,NULL),
 (3117,29,'shannan6',1,'2008-10-07 20:40:36',NULL,0,NULL,NULL,NULL,'shannan629',NULL,NULL,NULL,1,1,NULL,NULL,NULL,NULL),
 (3118,45,'shannan6',1,'2008-10-07 20:40:36',NULL,0,NULL,NULL,NULL,'shannan645',NULL,NULL,NULL,1,1,NULL,NULL,NULL,NULL),
 (3119,23,'shannan6',1,'2008-10-07 20:40:36',NULL,0,NULL,NULL,NULL,'shannan623',NULL,NULL,NULL,1,1,NULL,NULL,NULL,NULL),
 (3120,44,'shannan6',1,'2008-10-07 20:40:36',NULL,0,NULL,NULL,NULL,'shannan644',NULL,NULL,NULL,1,1,NULL,NULL,NULL,NULL),
 (3121,25,'shannan6',1,'2008-10-07 20:40:36',NULL,0,NULL,NULL,NULL,'shannan625',NULL,NULL,NULL,1,1,NULL,NULL,NULL,NULL),
 (3122,16,'shannan6',1,'2008-10-07 20:40:36',NULL,0,NULL,NULL,NULL,'shannan616',NULL,NULL,NULL,1,1,NULL,NULL,NULL,NULL),
 (3123,41,'shannan6',1,'2008-10-07 20:40:36',NULL,0,NULL,NULL,NULL,'shannan641',NULL,NULL,NULL,1,1,NULL,NULL,NULL,NULL),
 (3124,10,'shannan6',1,'2008-10-07 20:40:37',NULL,1,NULL,NULL,NULL,'shannan610',NULL,NULL,NULL,1,1,NULL,NULL,NULL,NULL),
 (3125,18,'shannan6',1,'2008-10-07 20:40:37',NULL,0,NULL,NULL,NULL,'shannan618',NULL,NULL,NULL,1,1,NULL,NULL,NULL,NULL),
 (3126,31,'shannan6',1,'2008-10-07 20:40:37',NULL,0,NULL,NULL,NULL,'shannan631',NULL,NULL,NULL,1,1,NULL,NULL,NULL,NULL),
 (3127,15,'shannan6',1,'2008-10-07 20:40:37',NULL,0,NULL,NULL,NULL,'shannan615',NULL,NULL,NULL,1,1,NULL,NULL,NULL,NULL),
 (3128,43,'shannan6',1,'2008-10-07 20:40:37',NULL,0,NULL,NULL,NULL,'shannan643',NULL,NULL,NULL,1,1,NULL,NULL,NULL,NULL),
 (3129,26,'shannan6',1,'2008-10-07 20:40:37',NULL,0,NULL,NULL,NULL,'shannan626',NULL,NULL,NULL,1,1,NULL,NULL,NULL,NULL),
 (3130,47,'shannan6',1,'2008-10-07 20:40:37',NULL,0,NULL,NULL,NULL,'shannan647',NULL,NULL,NULL,1,1,NULL,NULL,NULL,NULL),
 (3131,27,'shannan6',1,'2008-10-07 20:40:37',NULL,0,NULL,NULL,NULL,'shannan627',NULL,NULL,NULL,1,1,NULL,NULL,NULL,NULL),
 (3132,13,'shannan6',1,'2008-10-07 20:40:37',NULL,0,NULL,NULL,NULL,'shannan613',NULL,NULL,NULL,1,1,NULL,NULL,NULL,NULL),
 (3133,28,'shannan6',1,'2008-10-07 20:40:37',NULL,0,NULL,NULL,NULL,'shannan628',NULL,NULL,NULL,1,1,NULL,NULL,NULL,NULL),
 (3134,39,'shannan6',1,'2008-10-07 20:40:37',NULL,0,NULL,NULL,NULL,'shannan639',NULL,NULL,NULL,1,1,NULL,NULL,NULL,NULL),
 (3135,11,'shannan6',1,'2008-10-07 20:40:37',NULL,0,NULL,NULL,NULL,'shannan611',NULL,NULL,NULL,1,1,NULL,NULL,NULL,NULL),
 (3136,14,'shannan6',1,'2008-10-07 20:40:37',NULL,0,NULL,NULL,NULL,'shannan614',NULL,NULL,NULL,1,1,NULL,NULL,NULL,NULL),
 (3137,30,'shannan6',1,'2008-10-07 20:40:37',NULL,0,NULL,NULL,NULL,'shannan630',NULL,NULL,NULL,1,1,NULL,NULL,NULL,NULL),
 (3138,2,'shannan6',1,'2008-10-07 20:40:37',NULL,1,NULL,NULL,NULL,'shannan62',NULL,NULL,NULL,1,1,NULL,NULL,NULL,NULL),
 (3139,22,'cyber world',1,'2008-10-08 03:18:05',NULL,0,NULL,NULL,NULL,'cyber world22',NULL,NULL,NULL,60,10,NULL,NULL,NULL,NULL),
 (3140,26,'cyber world',1,'2008-10-08 03:18:05',NULL,0,NULL,NULL,NULL,'cyber world26',NULL,NULL,NULL,60,10,NULL,NULL,NULL,NULL),
 (3141,1,'cyber world',1,'2008-10-08 03:18:05',NULL,1,NULL,NULL,NULL,'cyber world1',NULL,NULL,NULL,60,10,NULL,NULL,NULL,NULL),
 (3142,31,'cyber world',1,'2008-10-08 03:18:05',NULL,0,NULL,NULL,NULL,'cyber world31',NULL,NULL,NULL,60,10,NULL,NULL,NULL,NULL),
 (3143,12,'cyber world',1,'2008-10-08 03:18:05',NULL,1,NULL,NULL,NULL,'cyber world12',NULL,NULL,NULL,60,10,NULL,NULL,NULL,NULL),
 (3144,41,'cyber world',1,'2008-10-08 03:18:05',NULL,0,NULL,NULL,NULL,'cyber world41',NULL,NULL,NULL,60,10,NULL,NULL,NULL,NULL),
 (3145,42,'cyber world',1,'2008-10-08 03:18:05',NULL,0,NULL,NULL,NULL,'cyber world42',NULL,NULL,NULL,60,10,NULL,NULL,NULL,NULL),
 (3146,25,'cyber world',1,'2008-10-08 03:18:05',NULL,0,NULL,NULL,NULL,'cyber world25',NULL,NULL,NULL,60,10,NULL,NULL,NULL,NULL),
 (3147,46,'cyber world',1,'2008-10-08 03:18:05',NULL,0,NULL,NULL,NULL,'cyber world46',NULL,NULL,NULL,60,10,NULL,NULL,NULL,NULL),
 (3148,40,'cyber world',1,'2008-10-08 03:18:05',NULL,0,NULL,NULL,NULL,'cyber world40',NULL,NULL,NULL,60,10,NULL,NULL,NULL,NULL),
 (3149,45,'cyber world',1,'2008-10-08 03:18:05',NULL,0,NULL,NULL,NULL,'cyber world45',NULL,NULL,NULL,60,10,NULL,NULL,NULL,NULL),
 (3150,18,'cyber world',1,'2008-10-08 03:18:05',NULL,1,NULL,NULL,NULL,'cyber world18',NULL,NULL,NULL,60,10,NULL,NULL,NULL,NULL),
 (3151,36,'cyber world',1,'2008-10-08 03:18:05',NULL,0,NULL,NULL,NULL,'cyber world36',NULL,NULL,NULL,60,10,NULL,NULL,NULL,NULL),
 (3152,17,'cyber world',1,'2008-10-08 03:18:05',NULL,1,NULL,NULL,NULL,'cyber world17',NULL,NULL,NULL,60,10,NULL,NULL,NULL,NULL),
 (3153,35,'cyber world',1,'2008-10-08 03:18:05',NULL,0,NULL,NULL,NULL,'cyber world35',NULL,NULL,NULL,60,10,NULL,NULL,NULL,NULL),
 (3154,7,'cyber world',1,'2008-10-08 03:18:05',NULL,1,NULL,NULL,NULL,'cyber world7',NULL,NULL,NULL,60,10,NULL,NULL,NULL,NULL),
 (3155,3,'cyber world',1,'2008-10-08 03:18:05',NULL,1,NULL,NULL,NULL,'cyber world3',NULL,NULL,NULL,60,10,NULL,NULL,NULL,NULL),
 (3156,32,'cyber world',1,'2008-10-08 03:18:05',NULL,0,NULL,NULL,NULL,'cyber world32',NULL,NULL,NULL,60,10,NULL,NULL,NULL,NULL),
 (3157,39,'cyber world',1,'2008-10-08 03:18:05',NULL,0,NULL,NULL,NULL,'cyber world39',NULL,NULL,NULL,60,10,NULL,NULL,NULL,NULL),
 (3158,16,'cyber world',1,'2008-10-08 03:18:05',NULL,1,NULL,NULL,NULL,'cyber world16',NULL,NULL,NULL,60,10,NULL,NULL,NULL,NULL),
 (3159,44,'cyber world',1,'2008-10-08 03:18:05',NULL,0,NULL,NULL,NULL,'cyber world44',NULL,NULL,NULL,60,10,NULL,NULL,NULL,NULL),
 (3160,21,'cyber world',1,'2008-10-08 03:18:05',NULL,0,NULL,NULL,NULL,'cyber world21',NULL,NULL,NULL,60,10,NULL,NULL,NULL,NULL),
 (3161,27,'cyber world',1,'2008-10-08 03:18:05',NULL,0,NULL,NULL,NULL,'cyber world27',NULL,NULL,NULL,60,10,NULL,NULL,NULL,NULL),
 (3162,10,'cyber world',1,'2008-10-08 03:18:05',NULL,1,NULL,NULL,NULL,'cyber world10',NULL,NULL,NULL,60,10,NULL,NULL,NULL,NULL),
 (3163,49,'cyber world',1,'2008-10-08 03:18:06',NULL,0,NULL,NULL,NULL,'cyber world49',NULL,NULL,NULL,60,10,NULL,NULL,NULL,NULL),
 (3164,43,'cyber world',1,'2008-10-08 03:18:06',NULL,0,NULL,NULL,NULL,'cyber world43',NULL,NULL,NULL,60,10,NULL,NULL,NULL,NULL),
 (3165,20,'cyber world',1,'2008-10-08 03:18:06',NULL,1,NULL,NULL,NULL,'cyber world20',NULL,NULL,NULL,60,10,NULL,NULL,NULL,NULL),
 (3166,8,'cyber world',1,'2008-10-08 03:18:06',NULL,1,NULL,NULL,NULL,'cyber world8',NULL,NULL,NULL,60,10,NULL,NULL,NULL,NULL),
 (3167,5,'cyber world',1,'2008-10-08 03:18:06',NULL,1,NULL,NULL,NULL,'cyber world5',NULL,NULL,NULL,60,10,NULL,NULL,NULL,NULL),
 (3168,19,'cyber world',1,'2008-10-08 03:18:06',NULL,1,NULL,NULL,NULL,'cyber world19',NULL,NULL,NULL,60,10,NULL,NULL,NULL,NULL),
 (3169,34,'cyber world',1,'2008-10-08 03:18:06',NULL,0,NULL,NULL,NULL,'cyber world34',NULL,NULL,NULL,60,10,NULL,NULL,NULL,NULL),
 (3170,13,'cyber world',1,'2008-10-08 03:18:06',NULL,1,NULL,NULL,NULL,'cyber world13',NULL,NULL,NULL,60,10,NULL,NULL,NULL,NULL),
 (3171,14,'cyber world',1,'2008-10-08 03:18:06',NULL,1,NULL,NULL,NULL,'cyber world14',NULL,NULL,NULL,60,10,NULL,NULL,NULL,NULL),
 (3172,30,'cyber world',1,'2008-10-08 03:18:06',NULL,0,NULL,NULL,NULL,'cyber world30',NULL,NULL,NULL,60,10,NULL,NULL,NULL,NULL),
 (3173,29,'cyber world',1,'2008-10-08 03:18:06',NULL,0,NULL,NULL,NULL,'cyber world29',NULL,NULL,NULL,60,10,NULL,NULL,NULL,NULL),
 (3174,15,'cyber world',1,'2008-10-08 03:18:06',NULL,1,NULL,NULL,NULL,'cyber world15',NULL,NULL,NULL,60,10,NULL,NULL,NULL,NULL),
 (3175,33,'cyber world',1,'2008-10-08 03:18:06',NULL,0,NULL,NULL,NULL,'cyber world33',NULL,NULL,NULL,60,10,NULL,NULL,NULL,NULL),
 (3176,47,'cyber world',1,'2008-10-08 03:18:06',NULL,0,NULL,NULL,NULL,'cyber world47',NULL,NULL,NULL,60,10,NULL,NULL,NULL,NULL),
 (3177,9,'cyber world',1,'2008-10-08 03:18:06',NULL,1,NULL,NULL,NULL,'cyber world9',NULL,NULL,NULL,60,10,NULL,NULL,NULL,NULL),
 (3178,4,'cyber world',1,'2008-10-08 03:18:06',NULL,1,NULL,NULL,NULL,'cyber world4',NULL,NULL,NULL,60,10,NULL,NULL,NULL,NULL),
 (3179,11,'cyber world',1,'2008-10-08 03:18:06',NULL,1,NULL,NULL,NULL,'cyber world11',NULL,NULL,NULL,60,10,NULL,NULL,NULL,NULL),
 (3180,2,'cyber world',1,'2008-10-08 03:18:06',NULL,1,NULL,NULL,NULL,'cyber world2',NULL,NULL,NULL,60,10,NULL,NULL,NULL,NULL),
 (3181,28,'cyber world',1,'2008-10-08 03:18:06',NULL,0,NULL,NULL,NULL,'cyber world28',NULL,NULL,NULL,60,10,NULL,NULL,NULL,NULL),
 (3182,6,'cyber world',1,'2008-10-08 03:18:06',NULL,1,NULL,NULL,NULL,'cyber world6',NULL,NULL,NULL,60,10,NULL,NULL,NULL,NULL),
 (3183,37,'cyber world',1,'2008-10-08 03:18:06',NULL,0,NULL,NULL,NULL,'cyber world37',NULL,NULL,NULL,60,10,NULL,NULL,NULL,NULL),
 (3184,23,'cyber world',1,'2008-10-08 03:18:06',NULL,0,NULL,NULL,NULL,'cyber world23',NULL,NULL,NULL,60,10,NULL,NULL,NULL,NULL),
 (3185,48,'cyber world',1,'2008-10-08 03:18:06',NULL,0,NULL,NULL,NULL,'cyber world48',NULL,NULL,NULL,60,10,NULL,NULL,NULL,NULL),
 (3186,24,'cyber world',1,'2008-10-08 03:18:06',NULL,0,NULL,NULL,NULL,'cyber world24',NULL,NULL,NULL,60,10,NULL,NULL,NULL,NULL),
 (3187,50,'cyber world',1,'2008-10-08 03:18:06',NULL,0,NULL,NULL,NULL,'cyber world50',NULL,NULL,NULL,60,10,NULL,NULL,NULL,NULL),
 (3188,38,'cyber world',1,'2008-10-08 03:18:06',NULL,0,NULL,NULL,NULL,'cyber world38',NULL,NULL,NULL,60,10,NULL,NULL,NULL,NULL),
 (3189,20,'test666',1,'2008-10-08 14:13:06',NULL,0,NULL,NULL,NULL,'test66620',NULL,NULL,NULL,1,1,NULL,NULL,NULL,NULL),
 (3190,21,'test666',1,'2008-10-08 14:13:06',NULL,0,NULL,NULL,NULL,'test66621',NULL,NULL,NULL,1,1,NULL,NULL,NULL,NULL),
 (3191,2,'test666',1,'2008-10-08 14:13:06',NULL,1,NULL,NULL,NULL,'test6662',NULL,NULL,NULL,1,1,NULL,NULL,NULL,NULL),
 (3192,30,'test666',1,'2008-10-08 14:13:06',NULL,0,NULL,NULL,NULL,'test66630',NULL,NULL,NULL,1,1,NULL,NULL,NULL,NULL),
 (3193,47,'test666',1,'2008-10-08 14:13:06',NULL,0,NULL,NULL,NULL,'test66647',NULL,NULL,NULL,1,1,NULL,NULL,NULL,NULL),
 (3194,34,'test666',1,'2008-10-08 14:13:06',NULL,0,NULL,NULL,NULL,'test66634',NULL,NULL,NULL,1,1,NULL,NULL,NULL,NULL),
 (3195,40,'test666',1,'2008-10-08 14:13:06',NULL,0,NULL,NULL,NULL,'test66640',NULL,NULL,NULL,1,1,NULL,NULL,NULL,NULL),
 (3196,24,'test666',1,'2008-10-08 14:13:06',NULL,0,NULL,NULL,NULL,'test66624',NULL,NULL,NULL,1,1,NULL,NULL,NULL,NULL),
 (3197,5,'test666',1,'2008-10-08 14:13:06',NULL,1,NULL,NULL,NULL,'test6665',NULL,NULL,NULL,1,1,NULL,NULL,NULL,NULL),
 (3198,46,'test666',1,'2008-10-08 14:13:06',NULL,0,NULL,NULL,NULL,'test66646',NULL,NULL,NULL,1,1,NULL,NULL,NULL,NULL),
 (3199,42,'test666',1,'2008-10-08 14:13:06',NULL,0,NULL,NULL,NULL,'test66642',NULL,NULL,NULL,1,1,NULL,NULL,NULL,NULL),
 (3200,7,'test666',1,'2008-10-08 14:13:06',NULL,1,NULL,NULL,NULL,'test6667',NULL,NULL,NULL,1,1,NULL,NULL,NULL,NULL),
 (3201,6,'test666',1,'2008-10-08 14:13:06',NULL,1,NULL,NULL,NULL,'test6666',NULL,NULL,NULL,1,1,NULL,NULL,NULL,NULL),
 (3202,48,'test666',1,'2008-10-08 14:13:06',NULL,0,NULL,NULL,NULL,'test66648',NULL,NULL,NULL,1,1,NULL,NULL,NULL,NULL),
 (3203,38,'test666',1,'2008-10-08 14:13:06',NULL,0,NULL,NULL,NULL,'test66638',NULL,NULL,NULL,1,1,NULL,NULL,NULL,NULL),
 (3204,14,'test666',1,'2008-10-08 14:13:06',NULL,0,NULL,NULL,NULL,'test66614',NULL,NULL,NULL,1,1,NULL,NULL,NULL,NULL),
 (3205,11,'test666',1,'2008-10-08 14:13:06',NULL,0,NULL,NULL,NULL,'test66611',NULL,NULL,NULL,1,1,NULL,NULL,NULL,NULL),
 (3206,50,'test666',1,'2008-10-08 14:13:06',NULL,0,NULL,NULL,NULL,'test66650',NULL,NULL,NULL,1,1,NULL,NULL,NULL,NULL),
 (3207,1,'test666',1,'2008-10-08 14:13:06',NULL,1,NULL,NULL,NULL,'test6661',NULL,NULL,NULL,1,1,NULL,NULL,NULL,NULL),
 (3208,13,'test666',1,'2008-10-08 14:13:06',NULL,0,NULL,NULL,NULL,'test66613',NULL,NULL,NULL,1,1,NULL,NULL,NULL,NULL),
 (3209,19,'test666',1,'2008-10-08 14:13:06',NULL,0,NULL,NULL,NULL,'test66619',NULL,NULL,NULL,1,1,NULL,NULL,NULL,NULL),
 (3210,25,'test666',1,'2008-10-08 14:13:06',NULL,0,NULL,NULL,NULL,'test66625',NULL,NULL,NULL,1,1,NULL,NULL,NULL,NULL),
 (3211,3,'test666',1,'2008-10-08 14:13:06',NULL,1,NULL,NULL,NULL,'test6663',NULL,NULL,NULL,1,1,NULL,NULL,NULL,NULL),
 (3212,9,'test666',1,'2008-10-08 14:13:06',NULL,1,NULL,NULL,NULL,'test6669',NULL,NULL,NULL,1,1,NULL,NULL,NULL,NULL),
 (3213,4,'test666',1,'2008-10-08 14:13:06',NULL,1,NULL,NULL,NULL,'test6664',NULL,NULL,NULL,1,1,NULL,NULL,NULL,NULL),
 (3214,32,'test666',1,'2008-10-08 14:13:06',NULL,0,NULL,NULL,NULL,'test66632',NULL,NULL,NULL,1,1,NULL,NULL,NULL,NULL),
 (3215,26,'test666',1,'2008-10-08 14:13:06',NULL,0,NULL,NULL,NULL,'test66626',NULL,NULL,NULL,1,1,NULL,NULL,NULL,NULL),
 (3216,35,'test666',1,'2008-10-08 14:13:06',NULL,0,NULL,NULL,NULL,'test66635',NULL,NULL,NULL,1,1,NULL,NULL,NULL,NULL),
 (3217,17,'test666',1,'2008-10-08 14:13:06',NULL,0,NULL,NULL,NULL,'test66617',NULL,NULL,NULL,1,1,NULL,NULL,NULL,NULL),
 (3218,27,'test666',1,'2008-10-08 14:13:06',NULL,0,NULL,NULL,NULL,'test66627',NULL,NULL,NULL,1,1,NULL,NULL,NULL,NULL),
 (3219,49,'test666',1,'2008-10-08 14:13:06',NULL,0,NULL,NULL,NULL,'test66649',NULL,NULL,NULL,1,1,NULL,NULL,NULL,NULL),
 (3220,36,'test666',1,'2008-10-08 14:13:06',NULL,0,NULL,NULL,NULL,'test66636',NULL,NULL,NULL,1,1,NULL,NULL,NULL,NULL),
 (3221,22,'test666',1,'2008-10-08 14:13:06',NULL,0,NULL,NULL,NULL,'test66622',NULL,NULL,NULL,1,1,NULL,NULL,NULL,NULL),
 (3222,33,'test666',1,'2008-10-08 14:13:06',NULL,0,NULL,NULL,NULL,'test66633',NULL,NULL,NULL,1,1,NULL,NULL,NULL,NULL),
 (3223,15,'test666',1,'2008-10-08 14:13:06',NULL,0,NULL,NULL,NULL,'test66615',NULL,NULL,NULL,1,1,NULL,NULL,NULL,NULL),
 (3224,43,'test666',1,'2008-10-08 14:13:06',NULL,0,NULL,NULL,NULL,'test66643',NULL,NULL,NULL,1,1,NULL,NULL,NULL,NULL),
 (3225,12,'test666',1,'2008-10-08 14:13:06',NULL,0,NULL,NULL,NULL,'test66612',NULL,NULL,NULL,1,1,NULL,NULL,NULL,NULL),
 (3226,41,'test666',1,'2008-10-08 14:13:06',NULL,0,NULL,NULL,NULL,'test66641',NULL,NULL,NULL,1,1,NULL,NULL,NULL,NULL),
 (3227,37,'test666',1,'2008-10-08 14:13:06',NULL,0,NULL,NULL,NULL,'test66637',NULL,NULL,NULL,1,1,NULL,NULL,NULL,NULL),
 (3228,23,'test666',1,'2008-10-08 14:13:06',NULL,0,NULL,NULL,NULL,'test66623',NULL,NULL,NULL,1,1,NULL,NULL,NULL,NULL),
 (3229,31,'test666',1,'2008-10-08 14:13:06',NULL,0,NULL,NULL,NULL,'test66631',NULL,NULL,NULL,1,1,NULL,NULL,NULL,NULL),
 (3230,39,'test666',1,'2008-10-08 14:13:06',NULL,0,NULL,NULL,NULL,'test66639',NULL,NULL,NULL,1,1,NULL,NULL,NULL,NULL),
 (3231,10,'test666',1,'2008-10-08 14:13:06',NULL,1,NULL,NULL,NULL,'test66610',NULL,NULL,NULL,1,1,NULL,NULL,NULL,NULL),
 (3232,16,'test666',1,'2008-10-08 14:13:06',NULL,0,NULL,NULL,NULL,'test66616',NULL,NULL,NULL,1,1,NULL,NULL,NULL,NULL),
 (3233,18,'test666',1,'2008-10-08 14:13:06',NULL,0,NULL,NULL,NULL,'test66618',NULL,NULL,NULL,1,1,NULL,NULL,NULL,NULL),
 (3234,28,'test666',1,'2008-10-08 14:13:06',NULL,0,NULL,NULL,NULL,'test66628',NULL,NULL,NULL,1,1,NULL,NULL,NULL,NULL),
 (3235,45,'test666',1,'2008-10-08 14:13:06',NULL,0,NULL,NULL,NULL,'test66645',NULL,NULL,NULL,1,1,NULL,NULL,NULL,NULL),
 (3236,8,'test666',1,'2008-10-08 14:13:06',NULL,1,NULL,NULL,NULL,'test6668',NULL,NULL,NULL,1,1,NULL,NULL,NULL,NULL),
 (3237,29,'test666',1,'2008-10-08 14:13:06',NULL,0,NULL,NULL,NULL,'test66629',NULL,NULL,NULL,1,1,NULL,NULL,NULL,NULL),
 (3238,44,'test666',1,'2008-10-08 14:13:06',NULL,0,NULL,NULL,NULL,'test66644',NULL,NULL,NULL,1,1,NULL,NULL,NULL,NULL);
/*!40000 ALTER TABLE `systems` ENABLE KEYS */;


--
-- Definition of table `users`
--

DROP TABLE IF EXISTS `users`;
CREATE TABLE `users` (
  `username` varchar(45) NOT NULL,
  `name` varchar(45) default 'unknown',
  `password` varchar(250) NOT NULL,
  `enabled` tinyint(1) unsigned NOT NULL default '1',
  `organization` varchar(45) default NULL,
  `email` varchar(45) default NULL,
  `street` varchar(45) default NULL,
  `city` varchar(45) default 'hyderabad',
  `state_` varchar(45) default 'ap',
  `zipcode` varchar(45) default NULL,
  `country` varchar(45) default 'india',
  `create_user` varchar(45) default NULL,
  `create_date` date default NULL,
  `id` int(10) unsigned NOT NULL auto_increment,
  `home_phone` varchar(45) default NULL,
  `mobile_phone` varchar(45) default NULL,
  `other_phone` varchar(45) default NULL,
  `passport_no` varchar(45) default NULL,
  `voter_id` varchar(45) default NULL,
  `college_name` varchar(45) default NULL,
  `ration_card_no` varchar(45) default NULL,
  `pan_card_no` varchar(45) default NULL,
  `dob` date default NULL,
  `gender` varchar(45) default NULL,
  `ssn` varchar(45) default NULL,
  `driving_licence` varchar(45) default NULL,
  `comments` varchar(145) default NULL,
  `pic` blob,
  `is_verified` tinyint(1) unsigned NOT NULL default '0',
  `role_` varchar(45) default NULL,
  `verified_by` varchar(45) default NULL,
  `print_email` varchar(45) default NULL,
  `timings` varchar(150) default NULL,
  PRIMARY KEY  (`id`),
  UNIQUE KEY `Index_4` (`username`),
  UNIQUE KEY `Index_3` (`email`),
  KEY `FK_users_1` (`organization`)
) ENGINE=InnoDB AUTO_INCREMENT=143 DEFAULT CHARSET=latin1;

--
-- Dumping data for table `users`
--

/*!40000 ALTER TABLE `users` DISABLE KEYS */;
INSERT INTO `users` (`username`,`name`,`password`,`enabled`,`organization`,`email`,`street`,`city`,`state_`,`zipcode`,`country`,`create_user`,`create_date`,`id`,`home_phone`,`mobile_phone`,`other_phone`,`passport_no`,`voter_id`,`college_name`,`ration_card_no`,`pan_card_no`,`dob`,`gender`,`ssn`,`driving_licence`,`comments`,`pic`,`is_verified`,`role_`,`verified_by`,`print_email`,`timings`) VALUES 
 ('intesar.mohammed@bizintelapps.com','na','UG8IWCffREysAjyMjjk6VOZyYJ58VJU0D2Ezzo2rwnI8zvxmt4QttGEw4fSK8uXv',1,'apolokk','intesar.mohammed@bizintelapps.com','na','na','na','na','na','','2008-12-03',84,'','','','dd','','','','',NULL,'female','','','verified .',NULL,1,'admin','intesar.mohammed@bizintelapps.com',NULL,NULL),
 ('intesar@ymail.com',NULL,'oxTqg5mtkkUca3auvl3an08HF+k76pzUyfx5TwNaxHbq7px6HSJy+NoMpCrD5jSo',1,'test','intesar@ymail.com',NULL,NULL,NULL,NULL,NULL,NULL,NULL,85,NULL,NULL,NULL,NULL,NULL,NULL,NULL,NULL,NULL,NULL,NULL,NULL,NULL,NULL,0,'admin',NULL,NULL,NULL),
 ('mohdshannan@yahoo.com','mohdshannan@yahoo.com','heeTYhvOWGPc57Jq0PoEOsUN765LRC8Us5Qt0lMUxQmmmYZXYiAq3zyzl0e096mw',0,'test','mohdshannan@yahoo.com','na','chicago','il','60659','usa','intesar@ymail.com','2008-10-06',86,'','','','','','','','',NULL,'','','','',NULL,1,'admin','intesar.mohammed@bizintelapps.com',NULL,NULL),
 ('demo@bizintelapps.com',NULL,'/xW6cZmge29N1nXZWtMZf7/sOQ+WMRdSrIfYbegzTASEHO8NrOasQM/Aq+5KdO29',1,'democafe','demo@bizintelapps.com',NULL,NULL,NULL,NULL,NULL,NULL,NULL,87,NULL,NULL,NULL,NULL,NULL,NULL,NULL,NULL,NULL,NULL,NULL,NULL,NULL,NULL,0,'admin',NULL,NULL,NULL),
 ('b@d.com',NULL,'cbHGXLVP4z5T4i/jlOZFaljotFP/2N4ArLbcHfW7iGAR3Qb4RQQxGfnklo6KlFQ5',1,'b','b@d.com',NULL,NULL,NULL,NULL,NULL,NULL,NULL,88,NULL,NULL,NULL,NULL,NULL,NULL,NULL,NULL,NULL,NULL,NULL,NULL,NULL,NULL,0,'admin',NULL,NULL,NULL),
 ('khajakms@bizintelapps.com',NULL,'jj/BMaaGxSw3PhE6eAB85dDAIwxR8UDQNrnZu0xfPywO/El/8Cdut/SX5VUL06D7',1,'k','khajakms@bizintelapps.com',NULL,NULL,NULL,NULL,NULL,NULL,NULL,89,NULL,NULL,NULL,NULL,NULL,NULL,NULL,NULL,NULL,NULL,NULL,NULL,NULL,NULL,0,'admin',NULL,NULL,NULL),
 ('akram.zahid@bizintelapps.com',NULL,'Q34VZGPZO8C1wyU+eaTtqBmxg+AomfU0HTlQNMGb0wtY6zSmrMzoP0DotjXwl4p2',1,'akram','akram.zahid@bizintelapps.com',NULL,NULL,NULL,NULL,NULL,NULL,NULL,90,NULL,NULL,NULL,NULL,NULL,NULL,NULL,NULL,NULL,NULL,NULL,NULL,NULL,NULL,0,'admin',NULL,NULL,NULL),
 ('zahid@bizintelapps.com','','G0T4AcoqYMdfubPkZhZTW3BxwyJUnOma1W/5SvS+ouIuCNc4pKZWkVJcKEhurbCu',1,'akram','zahid@bizintelapps.com',NULL,NULL,NULL,NULL,NULL,'akram.zahid@bizintelapps.com','2008-09-29',91,NULL,NULL,NULL,NULL,NULL,NULL,NULL,NULL,NULL,NULL,NULL,NULL,NULL,NULL,0,'employee',NULL,NULL,NULL),
 ('mdshannan@gawab.com',NULL,'I+GvW6s9M13KpF3bjzeXHT3we8csCEzyA53aUcv54iX6p+J7rIBvMuUcMvFNwXgs',1,'mycafe1','mdshannan@gawab.com',NULL,NULL,NULL,NULL,NULL,NULL,NULL,92,NULL,NULL,NULL,NULL,NULL,NULL,NULL,NULL,NULL,NULL,NULL,NULL,NULL,NULL,0,'admin',NULL,NULL,NULL),
 ('hurricane_hasan@yahoo.com',NULL,'1lq1ZhJSCHH1OpTZD2kJoJYQE3JeI7o/kDI6h0VKo4CrxHC7WMrguLipQpgH6EJ5',1,'zrk zone','hurricane_hasan@yahoo.com',NULL,NULL,NULL,NULL,NULL,NULL,NULL,93,NULL,NULL,NULL,NULL,NULL,NULL,NULL,NULL,NULL,NULL,NULL,NULL,NULL,NULL,0,'admin',NULL,NULL,NULL),
 ('zaryab.khan@bizintelapps.com','zaryab','IXuhchUkQCNIDIYTJZ9TIm161Aw77Ue3ujzNDnxnEmSS7ADSMZsDeC1gncWrZeHh',1,'','zaryab.khan@bizintelapps.com','malapally','hyderabad','ap','500064','india','hurricane_hasan@yahoo.com','2008-10-03',94,'','','','','','','','',NULL,'','','','',NULL,1,'','hurricane_hasan@yahoo.com',NULL,NULL),
 ('srinivasarao_m1980@yahoo.com',NULL,'Ap5Cr2y/o2VdHI26KVshnvj4PJgZ+G4VqxneLm3vmClWqpNbtiFLp6qcogjcUAcz',1,'cyber park','srinivasarao_m1980@yahoo.com',NULL,NULL,NULL,NULL,NULL,NULL,NULL,95,NULL,NULL,NULL,NULL,NULL,NULL,NULL,NULL,NULL,NULL,NULL,NULL,NULL,NULL,0,'admin',NULL,NULL,NULL),
 ('shubh.cafe@gmail.com',NULL,'KaIQ+QuvJwHutEknuPoj8f0ANpta0IQiX4WtMdtdGahGk6/f3V1kMiYODhoVF1Nx',1,'shubh','shubh.cafe@gmail.com',NULL,NULL,NULL,NULL,NULL,NULL,NULL,96,NULL,NULL,NULL,NULL,NULL,NULL,NULL,NULL,NULL,NULL,NULL,NULL,NULL,NULL,0,'admin',NULL,NULL,NULL),
 ('khan.faraz@bizintelapps.com',NULL,'+L40Gsc6JzYhtKK4JknddCVWoxnygxpaajSMD6MH+vYMYJzvhAYx3k1G6vUmK4hl',1,'kingcobra','khan.faraz@bizintelapps.com',NULL,NULL,NULL,NULL,NULL,NULL,NULL,97,NULL,NULL,NULL,NULL,NULL,NULL,NULL,NULL,NULL,NULL,NULL,NULL,NULL,NULL,0,'admin',NULL,NULL,NULL),
 ('immortal_soul11@yahoo.com','faraz khan','sKja9g1FxUjmT/FEGRSKIVJwfJ+U+QFAwrtXw2j3okAYLclcWK8+Jropeo8pzSNo',1,'','immortal_soul11@yahoo.com','ac.guards','hyderabad','ap','500004','india','khan.faraz@bizintelapps.com','2008-10-04',98,'','','','','','','','',NULL,'','','','',NULL,1,'','khan.faraz@bizintelapps.com',NULL,NULL),
 ('rockingprince@yahoo.com','faraz khan','57weicjXMQE4Gbz0/WQwjCaRsffLwsfR0R6fqQlsuOhpuIgTfFlXyXC50OTMw/Vz',1,'','rockingprince@yahoo.com','ac.guards','hyderabad','ap','500004','india','khan.faraz@bizintelapps.com','2008-10-04',99,'','','','','','','','',NULL,'','','','',NULL,1,'','khan.faraz@bizintelapps.com',NULL,NULL),
 ('farazkhan1123@gmail.com','faraz khan','LWCJ4F5f72SSEeu8E7Pah6QJeJM4drAo0i+/4ReowRviSu7myGgUPJttoQvSJMbs',1,'','farazkhan1123@gmail.com','ac.guards','hyderabad','ap','500004','india','khan.faraz@bizintelapps.com','2008-10-04',100,'','','','','','','','',NULL,'','','','',NULL,1,'','khan.faraz@bizintelapps.com',NULL,NULL),
 ('bizintelapps@bia.com',NULL,'E1hGKgYuL74DewKtIHSRkjnfaATCZEllly2EBofrjH4XPWkv8727hddjUZQMPhpa',1,'bia','bizintelapps@bia.com',NULL,NULL,NULL,NULL,NULL,NULL,NULL,101,NULL,NULL,NULL,NULL,NULL,NULL,NULL,NULL,NULL,NULL,NULL,NULL,NULL,NULL,0,'admin',NULL,NULL,NULL),
 ('test123@test123.com','test123','ixSDZfmSpS0a1tixNw2X8oY/joPBA3Quj937S/ZojjkRr/bu8ls52tEJG/UkaVE7',1,'','test123@test123.com','test123','hyderabad','ap','test123','india','','2008-10-04',102,'test123','','','test123','test123','test123','test123','test123',NULL,'male','','','           test123     ',NULL,0,'','',NULL,NULL),
 ('sales@bizintelapps.com','test123','j+fv72Jmmz/3Yea1bGmxhvxJSd/rCwRBj5pCJgdtSLwbUv6DbQsorE/GSovkR0Pe',1,'','sales@bizintelapps.com','test123','hyderabad','ap','test123','india','','2008-10-04',103,'test123','','','test123','test123','test123','test123','test123',NULL,'male','','','           test123     ',NULL,0,'','',NULL,NULL),
 ('farazindia@gmail.com','test123','8+zm1J1J3MZG+hjxRrzOtbyryg1kRnLd30CxA48PEnPfTHcJHS0u9YFmZY6dxVCz',1,'','farazindia@gmail.com','test123','hyderabad','ap','test123','india','','2008-10-04',104,'test123','','','test123','test123','test123','test123','test123',NULL,'male','','','           test123     ',NULL,0,'','',NULL,NULL),
 ('zaryab.khan@bizntelapps.com','zaryab khan','sF0+9Kv2D6D4GI+XRAdxyudHYjJQleo84LtXCTdh8xBoAiuUvYw3XzZM07hLjAMS',1,'','zaryab.khan@bizntelapps.com','tolichowki','hyderabad','ap','5000000000000000002222','india','hurricane_hasan@yahoo.com','2008-10-04',105,'','','','','','','','',NULL,'','','','',NULL,1,'','hurricane_hasan@yahoo.com',NULL,NULL),
 ('faraz.khan@rocketmail.com','imran ali khan','cGqooS7XcH9mPTkk2gDpKk9FwFJE8MX7/fuRkpt5E+R5FT3AwWaAw2QRYwv7kAJV',1,'','faraz.khan@rocketmail.com','a.c.guards','hyderabad','ap','500004','india','khan.faraz@bizintelapps.com','2008-10-04',106,'','','','','','','','',NULL,'','','','',NULL,1,'','khan.faraz@bizintelapps.com',NULL,NULL),
 ('shayan.khan@yahoo.com','shayan','sQ1HBEWkDqRB1ms8NoolObMeGbd8yhkiYhO3gxZKxrw6PFqkCLRUnghrr7eCbCz6',1,'kingcobra','shayan.khan@yahoo.com',NULL,NULL,NULL,NULL,NULL,'khan.faraz@bizintelapps.com','2008-10-04',107,NULL,NULL,NULL,NULL,NULL,NULL,NULL,NULL,NULL,NULL,NULL,NULL,NULL,NULL,0,'employee',NULL,NULL,NULL),
 ('arrancomputers@yahoo.com',NULL,'hmekYlo7Q6HJOPNaPnFwbN0OmuRyBqFttYU+1rq0KKTmfodG+n1qzI9ZV9lmmv8m',1,'arran computers','arrancomputers@yahoo.com',NULL,NULL,NULL,NULL,NULL,NULL,NULL,108,NULL,NULL,NULL,NULL,NULL,NULL,NULL,NULL,NULL,NULL,NULL,NULL,NULL,NULL,0,'admin',NULL,NULL,NULL),
 ('lokesh_arran@yahoo.com','lokesh','ja/KUjrHms8kFA/VG/pThKgapzsHYOQyX1Gdr7cte/bvTFWOZSFTZTC9AEfFfegg',1,'','lokesh_arran@yahoo.com','jhotwara','jaipur','rajasthan','302012','india','','2008-10-05',109,'','','','','','','','',NULL,'male','','','',NULL,0,'','',NULL,NULL),
 ('rajesh@yahoo.com','rajesh','XHIwCvVORqdSUYm8mfcVYlBRDxgm+9bf+vzs6JxllTUYRiPdwUENUAmxhlM75tPz',1,'','rajesh@yahoo.com','jhotwara','jaipur','rajasthan','302012','india','','2008-10-05',110,'','','','','','','','',NULL,'male','','','',NULL,0,'','',NULL,NULL),
 ('ahead@gmail.com','mir','/03zpNgoOPCHQgyulnA98X6vCdmEvoLnfKdVTovl3cHuR6yjWB8rhCaOtbFlCoXT',1,'ahead','ahead@gmail.com',NULL,NULL,NULL,NULL,NULL,NULL,NULL,111,NULL,NULL,NULL,NULL,NULL,NULL,NULL,NULL,NULL,NULL,NULL,NULL,NULL,NULL,0,'admin',NULL,NULL,NULL),
 ('ali@gmail.com','ali','Xtm3FNtY9MpQvSw4JGFpijn4cos2Vhh52u3TDSA+HODVzIdwz7Jifs6WFkjAlA/9',1,'','ali@gmail.com','mehdipatnam','hyderabad','ap','500028','india','ahead@gmail.com','2008-10-05',112,'','','','','','','','',NULL,'','','','',NULL,1,'','ahead@gmail.com',NULL,NULL),
 ('pooja21polo@yahoo.com',NULL,'zg36pbr6UaYGEckg5Zmf85niw5A+UVycNYbkJrias1FIRp/cLa47zz2iiThAig6d',1,'21.com','pooja21polo@yahoo.com',NULL,NULL,NULL,NULL,NULL,NULL,NULL,113,NULL,NULL,NULL,NULL,NULL,NULL,NULL,NULL,NULL,NULL,NULL,NULL,NULL,NULL,0,'admin',NULL,NULL,NULL),
 ('dsldklkads@yahoo.com',NULL,'ZCKz5x8F61dVrw+fmnBALYaYk3BB9iVdVzC41Ty9IUbDPLg2NoKM8xnZ6Z6qAogJ',1,'cyber','dsldklkads@yahoo.com',NULL,NULL,NULL,NULL,NULL,NULL,NULL,114,NULL,NULL,NULL,NULL,NULL,NULL,NULL,NULL,NULL,NULL,NULL,NULL,NULL,NULL,0,'admin',NULL,NULL,NULL),
 ('sohail_simple@yahoo.com',NULL,'HgYX1c2HEwrIinehG2SPqnHMaY8ahrCdLrGXQuhgQaeVCMOVJrMBRmYpdz7Iaanu',1,'ccmb cybber cafe','sohail_simple@yahoo.com',NULL,NULL,NULL,NULL,NULL,NULL,NULL,115,NULL,NULL,NULL,NULL,NULL,NULL,NULL,NULL,NULL,NULL,NULL,NULL,NULL,NULL,0,'admin',NULL,NULL,NULL),
 ('pooja21polo@yahoo.om',NULL,'c/r5OVm5jIDIuGXJ/ispOGdNa8yfR9pN+f3OqHwUYSg/aKMiVe5Rnf8SfSOWxfGr',1,'21.com internet','pooja21polo@yahoo.om',NULL,NULL,NULL,NULL,NULL,NULL,NULL,116,NULL,NULL,NULL,NULL,NULL,NULL,NULL,NULL,NULL,NULL,NULL,NULL,NULL,NULL,0,'admin',NULL,NULL,NULL),
 ('mkazam@yahoo.com',NULL,'Ob+vcjKrR9T/V1gClxQR5I6OdVvFBCfkOmoC3oZdhKwGq9wYkjEv9wS2IUbdDKeX',1,'21.com internets','mkazam@yahoo.com',NULL,NULL,NULL,NULL,NULL,NULL,NULL,117,NULL,NULL,NULL,NULL,NULL,NULL,NULL,NULL,NULL,NULL,NULL,NULL,NULL,NULL,0,'admin',NULL,NULL,NULL),
 ('mdshannan1@gawab.com',NULL,'+3GD+8W6w63SYwjFRGSYahD9uaxx1RkCc2KFfkZRMn6vSmPD74ZMVHHeZgKlFepQ',1,'shannan cafe','mdshannan1@gawab.com',NULL,NULL,NULL,NULL,NULL,NULL,NULL,118,NULL,NULL,NULL,NULL,NULL,NULL,NULL,NULL,NULL,NULL,NULL,NULL,NULL,NULL,0,'admin',NULL,NULL,NULL),
 ('salam@yahoo.om','salam','fH7DQvINacF2YM+Zj45rpiCoWjemWxQj6/lhrNkNbm45gysrtei94IjEJ1kkC/eR',0,'21.com internets','salam@yahoo.om',NULL,NULL,NULL,NULL,NULL,'mkazam@yahoo.com','2008-10-05',119,NULL,NULL,NULL,NULL,NULL,NULL,NULL,NULL,NULL,NULL,NULL,NULL,NULL,NULL,0,'employee',NULL,NULL,NULL),
 ('nasarite@gmail.com','nasr zone','uJlB0AgTFq0oejcKGPBIjIhoqVRR/CyIG/z4R/ZEykf5plYzLshaJEqgmAn4Hd9v',1,'','nasarite@gmail.com','a.c.guards','hyderabad','ap','500002','india','hurricane_hasan@yahoo.com','2008-10-06',120,'','','','','','','','',NULL,'','','','',NULL,1,'','hurricane_hasan@yahoo.com',NULL,NULL),
 ('style@gmail.com','mega style','wZ7wzkN73DroSGQUVn/MlboJ3JA2UiGFakt/j8I+/vJaPkVQqlith5vaHZDEaAaL',1,'','style@gmail.com','a.c.guards','hyderabad','ap','500002','india','hurricane_hasan@yahoo.com','2008-10-06',121,'','','','','','','','',NULL,'','','','',NULL,1,'','hurricane_hasan@yahoo.com',NULL,NULL),
 ('style@yahoo.com','mega style','XXaGK7RhVQ07N5B9mCOj90mc8cap909ZzUMB6kHp1UkBGAz4jJmqi30QKBtwu9OP',1,'','style@yahoo.com','a.c.guards','hyderabad','ap','500002','india','hurricane_hasan@yahoo.com','2008-10-06',122,'','','','','','','','',NULL,'','','','',NULL,1,'','hurricane_hasan@yahoo.com',NULL,NULL),
 ('hasan.khan@yahoo.com','mega','NPD+rZRG4COg8UiBhHK1koQmKe2TA69eo4WAF0bOQqSunw5OtBToDECl11v8mglp',1,'','hasan.khan@yahoo.com','102','hyderabad','ap','500002','india','hurricane_hasan@yahoo.com','2008-10-06',123,'','','','','','','','',NULL,'','','','',NULL,1,'','hurricane_hasan@yahoo.com',NULL,NULL),
 ('kingkhan@yahoo.com','super zone','0fC9jhpHCrpdNovvotyaVblDN7xXmgSWU49CiX5uly69FotHhqKGXwp6Imluiq4u',1,'','kingkhan@yahoo.com','juhu','mumbai','maharastra','600012','india','','2008-10-06',124,'','','','','','','','',NULL,'','','','',NULL,0,'','',NULL,NULL),
 ('mir@gmail.com','mir','vE73l3S2pV+8vojYb13L5pcd8RNzdqZr418SCjdIgNvePAUm6gYZBomsqi6jA3Dy',1,'','mir@gmail.com','dfdfa','hyderabad','ap','500028','india','ahead@gmail.com','2008-10-06',125,'','','','','','','','',NULL,'','','','',NULL,1,'','ahead@gmail.com',NULL,NULL),
 ('mir1@gmail.com','mir','bk9GeAr6c4TsM/mBARIe2zGtVXeHH6LHO8YXJtEBb/xI0zj0BT7y7tZkOp23SXs/',1,'','mir1@gmail.com','sdfasdf','hyderabad','ap','500028','india','ahead@gmail.com','2008-10-06',126,'','','','','','','','',NULL,'','','','',NULL,1,'','ahead@gmail.com',NULL,NULL),
 ('assu_fm@yahoo.co.in','i','lZSsgSjELsI/bpEeNtVhiYA4bZloOP5IDHTFrXt3ZfEejZywdQ3dluoy680LXoYW',1,'','assu_fm@yahoo.co.in','l','ll','l','l','l','intesar.mohammed@bizintelapps.com','2008-10-06',127,'','','','','','','','',NULL,'','','','',NULL,1,'','intesar.mohammed@bizintelapps.com',NULL,NULL),
 ('mma@gmail.com','mir ','v+d69vRCBmWyAXgZ5Ev+5Z8oXem7V4cBRMier2BcCzrMY54iCWCEO2hKkW1Ab5JY',1,'','mma@gmail.com','lkjsdf','hyderabad','ap','500028','india','ahead@gmail.com','2008-10-06',128,'','','','','','','','',NULL,'','','','',NULL,1,'','ahead@gmail.com',NULL,NULL),
 ('a@a.com','a@a.com','MVM2rYSjiegL3sESdUL8BUuB44vtTvNS6ZIDNWnpRGs/3idQTbotxNIZzT0y6bhG',1,'','a@a.com','na','hyderabad','ap','na','india','intesar.mohammed@bizintelapps.com','2008-10-06',129,'','','','','','','','',NULL,'','','','',NULL,1,'','intesar.mohammed@bizintelapps.com',NULL,NULL),
 ('mm@gmail.com',NULL,'z+U84fLFSOkJR071YN+D3/zIOWLvLDll3DKeYwsQ/r+Tc/yk6m+VtcQ8PI6WtjFE',1,'mmm','mm@gmail.com',NULL,NULL,NULL,NULL,NULL,NULL,NULL,130,NULL,NULL,NULL,NULL,NULL,NULL,NULL,NULL,NULL,NULL,NULL,NULL,NULL,NULL,0,'admin',NULL,NULL,NULL),
 ('test999@bizintelapps.com',NULL,'hMhihC3BIpYjztUWiCZ1BBwpZEtkOI8t6Afi41dBi7ApXTZd+PxWGJrxsxq9gJEF',1,'test999','test999@bizintelapps.com',NULL,NULL,NULL,NULL,NULL,NULL,NULL,131,NULL,NULL,NULL,NULL,NULL,NULL,NULL,NULL,NULL,NULL,NULL,NULL,NULL,NULL,0,'admin',NULL,NULL,NULL),
 ('nehal.khan@yahoo.com','nehal','CWhpO1hNYq/qg5dnCJULwB3vBgJPQC5HZmB5zDjMnAYPZ4HUWbYj0nHj6ZVM/kbB',1,'','nehal.khan@yahoo.com','milky well','hyderabad','ap','500002','india','','2008-10-07',132,'','','','','','','','',NULL,'','','','',0xFFD8FFE000104A46494600010200000100010000FFDB004300080606070605080707070909080A0C140D0C0B0B0C1912130F141D1A1F1E1D1A1C1C20242E2720222C231C1C2837292C30313434341F27393D38323C2E333432FFDB0043010909090C0B0C180D0D1832211C213232323232323232323232323232323232323232323232323232323232323232323232323232323232323232323232323232FFC000110800FA015E03012200021101031101FFC4001F0000010501010101010100000000000000000102030405060708090A0BFFC400B5100002010303020403050504040000017D01020300041105122131410613516107227114328191A1082342B1C11552D1F02433627282090A161718191A25262728292A3435363738393A434445464748494A535455565758595A636465666768696A737475767778797A838485868788898A92939495969798999AA2A3A4A5A6A7A8A9AAB2B3B4B5B6B7B8B9BAC2C3C4C5C6C7C8C9CAD2D3D4D5D6D7D8D9DAE1E2E3E4E5E6E7E8E9EAF1F2F3F4F5F6F7F8F9FAFFC4001F0100030101010101010101010000000000000102030405060708090A0BFFC400B51100020102040403040705040400010277000102031104052131061241510761711322328108144291A1B1C109233352F0156272D10A162434E125F11718191A262728292A35363738393A434445464748494A535455565758595A636465666768696A737475767778797A82838485868788898A92939495969798999AA2A3A4A5A6A7A8A9AAB2B3B4B5B6B7B8B9BAC2C3C4C5C6C7C8C9CAD2D3D4D5D6D7D8D9DAE2E3E4E5E6E7E8E9EAF2F3F4F5F6F7F8F9FAFFDA000C03010002110311003F00F7FA28A2800A28A2800A28A2800A28A2803335AD62CF41D325D42F9CAC31E010A32CE49C0503B927B579ABFC6895E6616FE1D91D14919699C9EBED191FAD749F1222FB4C7E1FB66622397535DC077C46E6B83B8F126ABF6A9512E5E34572A15300014C0D8FF85CD7DFF42CBFFDFD93FF008DD1FF000B9AFBFE8597FF00BFB27FF1BAC1BBF136B105C3430497B75B7193160E4919F7E959D3F8F753B63B276BF89FD24C2D166075FF00F0B9AFBFE8597FFBFB27FF001BA3FE1735F7FD0B2FFF007F64FF00E375C73F8FF5148A395E5BD4497251988C381C1C7D29F6FE3AD5AF27F26D7FB427988DC123C33118F41E9459F60BA3AEFF0085CD7BFF0042CBFF00DFD93FF8DD1FF0B9AF7FE8597FFBFB27FF001BAE2FFE162DE7FCFC5D8F6DC28FF858B79FF3F177FF007D0A7CAFB05D1DA7FC2E6BDFFA165FFEFEC9FF00C6E8FF0085CD7BFF0042CBFF00DFD93FF8DD717FF0B12F7FE7E2F3FEFA147FC2C4BDFF009F8BCFFBE851CB2EC174769FF0B9AFBFE8597FFBFB27FF001BA3FE1735F7FD0B2FFF007F64FF00E375CA5A78D75ABE0ED669A9DC042031886F0A7DF02AC0F13F8909E2C759F400424FF4A40747FF000B9AF7FE8597FF00BFB27FF1BA3FE1735EFF00D0B2FF00F7F64FFE375C85D78EF55B298C37475086500131CB85603E86A3FF0085897BFF003F179FF7D0A7CAC2E8ECFF00E1735F7FD0B2FF00F7F64FFE3747FC2E6BEFFA165FFEFEC9FF00C6EB8BFF00858B79DEE2EFFEFA15734FF1B5E6A13185350B88E4DA5977302188ED4ACFB05D1D869DF19A196F561D4B4696D623CB489216283D4A955240F51F957A7C72A4D12C91B078D9432B29C861EB9AF14B2D56F756F3EC2EE73243240E4938C8207635E85E1A95FF00E15558CBB8EF1A5E41EA4623E28039FD6FE2FDAD86A0F6BA6E972DF2AB15F38B955720E0ED0158919EFC0AA3FF000B9AFBFE8597FF00BFB27FF1BAC3B5D46EB48D0348B7B49CC626B5595CE01392077A7A78835568A776D427FDDA160AA465CFA0CD006CFF00C2E6BEFF00A165FF00EFEC9FFC6E8FF85CD7DFF42CBFFDFD93FF008DD733278BB5D8C1768B52D839DC1723F95506F88F76A486B9BB523820C8A28B30D0ED7FE1735EFF00D0B2FF00F7F64FFE3747FC2E6BDFFA165FFEFEC9FF00C6EB891F126E8F1F6AB927D9D69DFF000B16F7FE7E2EFF00EFA14F95F60BA3B4FF0085CD7BFF0042CBFF00DFD93FF8DD1FF0B9AFBFE8597FFBFB27FF001BAE2FFE162DE7FCFCDDFBFCC2B634FF00106B97E11C9D42185D4B2CF22FC84609EBE86934D6E1A1BD07C6771708975E1E9634638CA4CD9CFB6E400FD335E99A4EA96BACE9B06A16527996F3AE558F047A823B107822BC6ECFC43A9CB7B0432DCBC91CADB183E0F15DE7C358BC8D0F52B70C4A43AA4E8993938F97FAF3480EDE8A28A0028A28A0028A28A0028A28A0028A28A0028A28A0028A28A0028A28A00E1FE25C7711E8F63A9DBAEFFECEBD59E41B7384DACA4FD01604FB578EB6B768F7923C80DB9672C0302533ECDE95F4BB2AB02AC32A7820F422B93D4FE1BF867530E7FB3C5A4AD9264B46319CFF00BA3E53F88A00F3CB8BCD2FC4BA6C56B77B2CE655DB05F42A0E0FD7822B97D4E7D6BC2B3476BAF4116A7A6CDFEAA46F9830F556EBF856BEBFE12B8F05EB11C7E679F61720947C63781D5580E0301C82319FCEA5959F57F0C6A5E1EB9FDE4912996D89EAAEBCF1F5AD69CF95D99325A5D1CB4DFF00088DC9F3E032439EB1B8395A75BFFC23D6F3457105D491CD1306491090548EE0D72708DFC7A8A456AEEE5F331E7EB63AE993C3B71349349705E4958BB9F524E4D576B6F0D7FCF63D78C66B9D078FAF5FCEBAAB2F005D6BFA59BCD1B54D3EEE3E1658999A19613C64329047D0F7A52B456AC22DBD911083C340E1A67071CE720E29FF0067F0D633E79FD6B7BE25785AE24D4AD754D26CA59E368161B95850B14318015881D8AF1FF01AF3BDAC876BABA30EA1D483FAD10B4968C52959EC7AD783EE3C25E15D2EE359BBBC48E4BE3E5431824C8E8A79C28F56E327D2BA2D2BC61E1BF12B4DA5C777258DE5C2B47033BE19B238DADD030F4AF022ABF780C534F5C73D88EBEB52F0E9B6DBD46AA791D75CD8E816D773DBDDC92ADD452324C2424B6F04839FC6ABBC3E190AC44CE700E00CF26B9E9EEE5BB9DE7B89A49657C6E9243B8B1031C9FA5308EB5AA87990E7E4396237FA9456968BB5E79447186ED938AF578ECF4AF09691268D6A905D5F3AE6E6ECA818FF008175E3A5701E0C8517C55617172A63B7669638A661F2F9C132067D4641AEAEDAD9EFA7BD82552CE63727D9D4EE1F864735C98993BD8DA9474B94ECF5F86CEEE47B74799DA331090A9DB923185F527A0AF72D0749B8B5F01D969338D970B602171FDD62B8FD0D63FC3FF0EE829E1DD2F56B6B28E4BC960567B8906F7593187009FBB86C8C0AEE474E6B94D4F9AAF3557B68AD2C2F6D658E7B08FECF218D492A54630C3F0C8357B40F125ADA5E79917953330DA62941538F6CFF008D7B76ABE15D0F5A904BA8E976F712818F35970F8FF7860D71DE20F843A55DDB49268ED2DADD004A4723192363E9F37CC3EA0D3038FD474893559A4D47C2F766D2F141696C0FC9BBFDDC70D5CAB6B1A46A264B4F11E9A22BC8C9537112ED391FDE15ABA7CF7763B642D2477566FB0EE3F32E0952A7E8411F8D677C448A3B9D52D7598A30A97F162503A095460FE62BA28CAEF9591356D519B1699E1A9AF2385272A1E458C3B676A9638193DAA3D4D349D3279EC04527DB21731488F91B18122B3AD2FAE3489D6E2058E48DD4A4F6F28DD14E99E55C7F51D0FBD75DE24D0ECFC59696BE22B2B88EC259ED83482E3942146DF99FB118C671CD6CDB83D48BF32D0E6F40F0DEA1E2ABD682C140863C19E690ED4419EE7FA57ACCDE20834CD2DAC1264BC2A82379994244831C051ED583A787D07C1F63A1C040B8BA3E6DCC919FBE5BA0CFA0E29344F0ADC78C75B7B549BC9B2B550D2B85C840490303A166C13CF41F8572D59B93D0D2115146543AEDAC17D1CD187B831B6E2402101F73E9ED5ED1F0E60B84F0D4977728637BFBB96ED148C1D8C46D38F7033F8D4BA57C3AF0CE942365D385CCC84112DD1F30E7E87E51F8015D60E95914145145001451450014514500145145001451450014514500145145001451450014514500713F14ED167F077DA08C9B5BA86507D016087F4735E6F739B0F17151D03AF1EC40AF55F88ABBFE1FEB5FECC2187E0C0FF4AF27F12B6DF146FEEC226FD0534079CDC44B6BE24BEB2ED15CBA0FA64E2AAC836B30F735BB7FA53EA7F15AEEC639111A5BA424160A5C10A5B693C64024E3F2AB5F11B4AB6D1BC572B5B22456376826800180BFC2CA3F119FC6BD084D688E7946DA9CC2376AED3E19DB49278B4DE09CDBDAD9DBBCB77216D8857EEAAB1E98279E7D2B817976BE075AB10DCB18DA22C76360B26480D83DFD6B47EF2E5253D6E7D0361E24D375CB9BCB1D0751824D4E18C9837821647C70573F7C03D715E1FAAEB1AA6B17EF71AC5CCB3DDAE508938119079503B60D568E5921952685DE396260C924648287D41F5A7EA57B3EA9A8CD7D73B0DC4EC1E528A1433600DD8F53D4D670A5C8EE81CB9B7231C8A6303488D8201A9300FBD6FB91B3202483EF5D6786FC2967E28844565AFC76FA92AE5ECEEEDC82DCF54604EE1F866B94986149AD1F07D849AC78AF4DB3473128984B2CC1B6F951A7CCCD9E31C0ACEA36968CD2293DCF4FBBF063DA7816DF4A89A39B51B598DD2C8B90AF2E79EBCE0AF1CD67585F49A76B315D4E9FBC4711DCA31CF3FF00D71FAD74F75E3EF0B4DAC8B04BFDC8E4A9BA553E4237652FFD7A570DE249AEB4BF1B5E5B5F39920B85596DD8000344470063AE0F435C128C9EE6EA491E9FE1CBF4F0E7891B49DDFF00129D59BED1A7BE788E423E68FF001EA3DFEB5E8D5E1DA3CD0EB7A5BF87AF25C48312D8CEA7055BA8C1FF003CF15E87E0BF11CBAB412E9BA961358B0C25C0C63CD5CF1201E87BFA1ACCA3AEA28145203C57C57A72DBF8B7C4EA8BB55ADE3BA51EEDB727FEFA435C5EBC3ED1E0C95FA9B4B9471EC1BE5FEB5E9FE36455F17DFF00ACBA1027EAB31FF1AE1F47834BBBB0D4A0D69DD34D11092775620A8041EA01EE055C1D9A626AEAC79DA859AC73E8D5358EBBAAADD691A42CA8F66B21B716E50147591BE60FFDEEBC66AEEB93786DA174F0D5ADF2429202F3DDCD9F37E898E07B93547C3882E7C5DA3AF522ED0FE473FD2BBE4D4E37660B4763D2140BAF184112F28B30518EC057A0FC2BB3587C3F7D72061A7BE9467FD94C20FF00D04D79E68443F8CA127FE7B31AF53F86CB8F02D8B7FCF4799FF395CD79C741D6D145148028A28A0028A28A0028A28A0028A28A0028A28A0028A28A0028A28A0028A28A0028A28A00E6BE207FC881AE7FD7A3578F7890FF00C4F53FEB9C5FC857B17C40FF0091075CFF00AF47FE55E37E253FF13E8FFEB9C7FC853038DF18A3C7F102EE6462ACB2C6C1941041D8BCFD6BBAB1F1B0D5BC27A95CBDA417DA969C864B9B3931895320195720F18E580ADDF15F89754F0EE9D63F60B68192E9BCA6B9946F109DB903674C919E49ED5E2577A96A161E2197558A73F6BF34B3390007CE72180C0C11C11DEBAA317357336F5B1D9F866FECF50D2F51D6AEF45D29C8B95823823B70A89C673EA7AD696A7E18D37C4FA0CD77A2D94569ABDA65DEDE2C84993BE0573DE1270FE09D49D5022B6A60845E8A360E3F0AD8D3751B8D36F63BBB7621D0E4E3A11E958CDB8CEE8B4935667051BE32AC08653820F5069EC3835DAF8F7C3F05C5BAF8B346880B59CE2EE04EB0C9EBF435C446E1D722BBE9CD4D6872CA2E2CD5B1F0A6B3AAE9AF7FA65A8BD8909122DBCAA648CE7A321F987D6BA5F177861347F0AF87B508E3F2E44805BDF7CB822461BC13EFC95AC0F094DA8C3E2CD3574B99E2B9B89D6138190E84FCC187718CD7BC8B8B47D5E5D352E2092E557735B1605C267BAF38FC456152528C8D2315247CDD22ABA9DA411ED59D2A18D895E01041C7719AEDBC4FE237D66EE6B66D1B4FD312190A32456E9E6EE5241DD2601FC0572B3C6181F5AE94DC95D90AD17623B69C11B4FE42AF5C5E5CDC5A5B5BCB3BBC56BB8401F9310382403D71DF158C7313E2AF412860051A3DC24BAA3A8D0F536955622C5268D8146EE0FF0081FE75E8F0EA173A8C36FE22D3005D734DF96784F1F688BF894FD7F9F35E4DA269E9A8EA2211A9DB594C48118BA0424C7FBBB86403F5AED2CEEEFBC39AC969462EAD8859D392268FFBDF8F7AF3EB41425A1BD39732D4F76D0F59B5D7B498351B36CC528E437DE46EEA7DC1E2B4EBCA34ED5A2F0B6A89ABDB367C3BAAB0174B8E2DA5E06FFA766F6E7B57AA290CA0A9C823208E41AC4B3CD7C7471E317F7D11F3FF007F4570BE1EBAB0B4B7D4E7D555DF4F5B5DB701464EC2429FAE339AEE7C77FF0023837FD811FF00F46D799A0DDE1AF100FF00A72FFD9855455DD80E22548AD21BDB782E52E618A6DB14C99C48B9E0FE239AB5E0F7CF8E34523AFDA97FAD662215D266FF0078559F05BFFC573A2AE73FE94BFD6BBDFC2CCADA9E99A09FF8AB23FF00AE8F5EB7F0E3FE440D2BFDD93FF46357916807FE2AE4FF00AE8F5EBBF0E3FE441D2BFDD93FF463579C6A7554514500145145001451450014514500145145001451450014514500145145001451450014514500737F103FE441D73FEBD1FF009578CF894FFC4FD07FD338BF90AF66F881FF00220EB9FF005E8FFCABC5FC4C7FE27E9FF5CE2FE42980DD77C537D1EAFA9E8377125E69B29411A3FCAF03ED52191FD8F3839AE07518C3C92E4E4EE3CD749E242A7C71783209DE9C0FF716B02FD4ACF236320B1FE75E9538C52D3A9CD393367C2036781F505F4D457FF458AD79CCB6DA15ADE473BA234ED11D9CFCD8CE48EE31C567787942F826F88FE2D4173FF7C0AEC7C30A928F0EA38DC8DAB95607A1063715C357E366F0775733BC3DAD258CCE97110934FB9FDD5D40790A4FF4EE2B92F17F865FC2FAC29809974BBA1E65A4A3918FEEFD45769E36F0AC9E11D6375BA17D2EEB3E463F8475311F71D54FA7FBB4ED2E5B3D7F4893C33AACA1ADE61BECEE08E637EDFE18A29D4707A04E3CC8F37B2BDB9B29D6E2CEE24B79D4102488E0A8208383EE0D32DEE2E2C6F23BDB4B8921BA8983A4C8C7786FAF7FC69751D3AEF41D5E7D36FD364B03609ECC3B11F5A8CF22BD15CB257395DD3B17F58D61B5AD51F5192DD21B99D14DC79670B248060B81DB77048F5AA6CB90722A23C55D86C2FE4B31751D8DCBDAE4AF9C90B32647B8E94D251566166DDD1937110E5BBD4304851B07F1AF47F0DF827FB6BC11AEEA72444DC85DB600820E63F99CFE3F77F0AF38645215D08C1E7DEB352526D2355B5997B72B464B0C8C671EB5E93AD5B5AF87FC2BA3C3A96A18D722854AC4C7CC7C3F3B187F0A8071CD79940DD39F4C75CD4F233CAEF2C8C64918EE677392C7DCD1529FB45664C65C8F43D37C35ABDB441F4FBCF9F4BBE054AB73E5BFFF005BF957A0F82F569B49D40F8535394B9452DA6CEC73E6C58CF979F551D3DBE95E07A3EA0149B7989D847E3C771EE2BD274BB83E21D3174A927F2B56B1225B0B9538391C8C7F9E95C1520E0ECCE88B52574749E3BFF91B5BFEC08FFF00A345799C1FF22F6BE3FE9CBFF6615D5DEF881B5ED59A4BA4F2750B7D1E482EA3E8048241C8F661CFB57276BCE81AF7FD79FF00ECC2A61F121BD8E37CACE97371FC63F956CF80FC412DB78874DD2EE6CAD2E617942C32BC2A2584FF00B2F8CE33D8D66C43FE259367FBC2A6F09247FF0009C68ED20257ED0301719CE0E3F5AF42714E2CC22F5B1DBF87CFFC55F1E7FE7A3D7AFF00C38FF91074AFF764FF00D18D5E3DE1F3FF0015847FF5D1EBD87E1C7FC883A57FBB27FE8C6AF399B9D55145148028A28A0028A28A0028A28A0028A28A0028A28A0028A28A0028A28A0028A28A0028A28A00E6FE207FC883AE7FD7A3FF002AF15F139FF8A813FEB9C5FC857B57C40FF91075CFFAF47FE55E25E293FF0015027FD738BF90A607A5C1A2691A818E5BCD2ECAE242A33249082DD3D7AD53BFF04785D8339D16DC31CFDD91C0FCB756E6983F75176F947F2A92FC7EEDA8536B60B23CD35ED2EC349F0EBC3A7DAC76D1B5D06654CF271D79353784FEF786BFEC31FF00B4DAA4F179FF008921FF00AF81FCAA2F097DFF000DFF00D8607FE8B6A00F64D7345B4F10695369D7AB98A51C15EA8DD997D08F5AF9EB54D32EFC3BAC5C6997C763C6E19641C03FDD907FB2DD0FA1FA57D335C878EFC211F8A34A260545D46DC1681DB80E3BC6DECDFA1C1A101E57AA69EBE3DF0F95DA13C43A721DB9EB327F74D79845232B3452A949149520F506BB4B0BCBAD36F9244F322BCB662006E090A7E646FF006874A97C75A243AB69C3C5DA3A633817F027546FEF574D1ABCAF9599D485D5D1C630CD6A7877C47AAF863525B9D2A721DD82C96ED92930C8C023FAF5AC1B7BA5938279ABB6D3BD9DE41771046921916550E3209072323A57649292B18AF759F4F625CAB38DAE4025720E0E391EF8E95E59F10759D1346BC7D2ADFC21A6CD7A63594DD5CDBA84C37750BCB7E24570B3F88B59BFD55354BAD4EE5EFE36DF14A1B1E51CF4503803D8568789FC4EDE28B2B092FADC26AD6B989E68C00934479E476607D38E6B96341C65A9A4A775A1C697C4CC480324B614600E7B7B559470466A2B85C72074F4A48641D08AEA466D5D5C99B20865E194E41F7AE9745D4E47113C4C52EA160D191D73FDDFC7A8AE7074FAD2C3235B4C245CFA1F7E6B3AB4F9D798E12E567AE4BA96877F05C6AF2398B519AD4C52C4070CDC723F2AC0D0B4FB8D56D356D3ED427DA27B6D881DB03391DEB19265B987ED0A739FBE07AFAFE3FCEBAAF00CD143AC5CBCF308A25886E91C80179C77AE0578B3A3739AD67C1DABF87346925D4FEC51AB3028A972A5DF9ECBD4D62F85BFE476D1FF00EBE47F5AD1F10D95FD86A3AADAEA9712DC5D4338533CAC58C8BC1539F4239E2B3FC2E3FE2B3D1F1FF3F2BFD6BBEEDC2ECC7A9D97878FFC5629FF005D5EBD8BE1C7FC883A57FBB27FE8C6AF1AF0E9FF008AC63FFAEAF5ECBF0E3FE441D2BFDD93FF00463579CCDCEAA8A28A40145145001451450014514500145145001451450014514500145145001451450014514500737F103FE441D73FEBD1FF009578878A8FFC5429FF005CE2FE42BDBBC7FF00F220EB9FF5E8F5E21E2B38F11A0FFA6717F214D01EC3A62E6DE1FF00747F2A75F7FAB6AC6B5F16681A7C896777AA411DC2280F1B2B120ED1E83D2A1BEF1BF860EF8C6B36E186460AB8FE959F323554AA7F2B39CF189FF8921FFAF81FCAA1F07F5F0E7FD8607FE8B6A8FC4DA859EA3E1E32D85D457118B900B4473838A7F83B93E1C3FF005181FF00A2DAB48EC66D34ECCF7AA28A2908F29F8A1E0D3207F11E9D190E8337A8839200E251EE3A1F6E7B5707E1ED74E95765E48C3DA4DFBBBB807DD208EA3D8F515F47328752AC01072083C822BC1BC7FE127F0CEAC2EECA1DDA65D3111AF64279311F63D54FE1D8534C0E33C53F0F350B2D6BED1E1EB592FB4CBA5F3603163280F55C7B74ACF6D0F59B58BFD3347BF871DDEDDF1F9E315E85E12D71136E9575362D663BAD276FF964FF00E7822BD174EBF92166865263910ED6193C1FF0ADD62251D190E099F3722E25D871BC75563822AC796587B57D29A8E93A5EB3162FB4EB4BB1D8CB10247FC0BA8FCEB9AB9F863E1ABA25A14BCB33E90CE48FC9B35AC714BA932A5D8F079A1E3A67DEA8EC2927F5AF749BE0F584808875ABC4F4F36046FE58ACABAF82533E0C1AFC5C7696D0AFF26357F588325424B43CAA31915218F22BD05BE0C6BD00FDD6A3A64C07BBA1FD41A825F857E2941F2DB59C83D12E973FAE2AD5683EA43848E2ECAEDECE4230190E7E527008EE2B774CB9B8BEB1BFB1B3B172D7482266939C0C8E2B561F86BE21461F69D19DC7711CF19FFD9ABA4B4B0D5342B331DB7872F77E3EF2C3BBF913584F91BE64CDA29DACCE17C416B2E9F6105BDCDC3CB2AA84064392AA3A0FA0F4AC9F0AFF00C8E7A47FD7C8FE55ADAF596B77974F25CE93A84647277DB381FCAB3FC376D345E33D237C32A7FA48FBE8C3B1F5AD9B5CAD10EF73A8F0E9FF008ACA3FFAEAF5ECFF000E3FE441D2BFDD93FF00463578B7870FFC5671FF00D757AF69F871FF00220E95FEEC9FFA31ABCE66E75545145200A28A2800A28A2800A28A2800A28A2800A28A2800A28A2800A28A2800A28A2800A28A28039AF1FF00FC883AE7FD7A3D78778ACFFC5491FF00B917F215EE3E3FFF0091075CFF00AF47AF0CF161FF008A953FDC8BF90A680A7AF7FC8ED71FEFA7FE80B5857FFF001F137FBC6B6F5FFF0091DAE3FDE8FF00F405AC5BFF00F8F89BFDE35C12F88FABA1FC38FA1ADA471E08BCFF00B080FF00D00575FE0DEBE1CFFB0C0FFD16D5C7E95C7822F3FEC20BFF00A00AEBBC19D7C39FF6181FFA2DABB29FC28F9EC67F1D9EFB4514551CA159FAB69569AD69971A7DEC7BE09D4AB0EE3D083D883C835A145007CCBAF68975E19D666D3AFBEEE77A4C070EB9C2CA3EBD18763F85765E1AD69F56B5FB34A7FE26968B8EBCCF18FE6476AEFF00C6DE148BC51A398D76A5FC197B694F4071CA9FF65BA1FCEBC0A17BCD2751555125BDEDAB9081B86054F287DC76F6FC29EE33DBB4CD452450A4E73D2B6073CAF435C0D96A916A562BAC5A617242DD45D3CB7F5FA1AEBB4BBF4B8880279F4A87A3B0CD40297140A70A62B0D2B498C714FA4A04205F5A5C7A528E78A5C7340065F1C31E9EB5CDEA7BBCF524E7AFF235D291C7E75CE6A7FEB87E3FC8D303C93C387FE2B58FFEBABD7B5FC38FF91074AFF764FF00D18D5E25E1B3FF0015B47FF5D9EBDB7E1BFF00C881A57FBB27FE8C6A6C0EAA8A28A40145145001451450014514500145145001451450014514500145145001451450014514500735E3FF00F91075CFFAF47AF0BF161FF8A993FDC8BF90AF74F1FF00FC883AE7FD7A3D784F8B4FFC5509FEE45FC8534054D7FF00E475B8FF007A3FFD016B12FF00FE3E26FF0078D7757DE09F10EABE2696FED2C03DAB946591A645046D03B9CF5AAD75F0BFC4CD2CB2345648A5B2375C0271F866B8A507CDB1F4947134A105792D8C3D33FE447BCFFB082FFE8BAEBFC17FF32E7FD8607FE8B6AC3BBD02EFC3DE109EDEF5A26924BD0C3CB248C6DFA0ADAF04F4F0E7FD8607FE8B6AEA82B45267858A9A9D5938EA7BFD145154601451450015E61F143C1C2FE07D7AC233F6A8541B98E31CC883A38F565FD471E95E9F48467AD007CC7A06BB2E8BA87DA800F0B616EE11F76453FC43D8FF003AF4486E12C26867B6732585C0DD049EDDD4FB8AC0F88FE0D3E1FD486A7A7C79B0B9723663889C9E633FECB751E87F0ACAF0BEB36EB1BE8B7F2B8D36F33E54BB8AB4127D7B60F143575A1516AFA9ECB637A971083919E2AEE4715F3DDEF88BC63E0AD764D367D4CCA8A7744D344B20913B1E79FD6B7AC7E2FEAC8AA2EB4EB29FD5A32F1923F5158F3A8E8CED8E06A4D734353DA33486BCD6DBE30593102E746B98FDE2955C7EB8AD28BE2B786DFF00D60D423FF7A0047E84D3E78F722582AF1DE2CEE0353C115C627C4AF0A3FF00CC4254EFF35B38FE95662F885E1473C6B312FF00BF138FE955CEBB993C3D55BC59D57AFD0D737A9FFAE1F8FF00235347E35F0CC806DD76C327A665C7F3ACBBAD674BBCB845B6D4ACE666CED11CEA49EB54A49EC672A728EE99E5FE1A3FF15BC7FF005D9EBDBFE1C7FC883A57FBB27FE8C6AF0EF0C9FF008ADE3FFAECF5EE3F0DFF00E440D2BFDD93FF0046355320EAA8A28A40145145001451450014514500145145001451450014514500145145001451450014514500735E3FFF0091075CFF00AF47AF07F179FF008A9D3FDC8BF90AF78F1FFF00C883AE7FD7A3D782F8C0FF00C5509FEE47FC853407B9E883FD060FF707F21563501FB96A8743FF008F1B7FF707F2153EA1FEA9EA40F2CF881C687FF6F03F9557F04F4F0E7FD8647FE8B6A9FE2171A17FDBC0FE555BC11D3C39FF006191FF00A2DAA96C07D0145145200A28A2800A28A280296A3A7DB6ABA75C585E4424B69D0A48A7B8FF003CD7CE5E2AF0E5C785F5A9AC6E4BBC0D89239B1CC899E241FED0E8C3FC457D355CD78BFC33078A7477B56DA973165EDA6233B1F1DFFD93D08A680F1A8628FC6FA01D12F0A26B164A5ACA727FD60C7DDCFD2BCF53CEB4B992D2E90C73C64A3AB75539AE86486F746D4FECECAF6F7B6B29540739561CECF71DD4F7FC6B5BC4DA747E2FD13FE125D363DBA95AA85BF81382E3FBF5955A7CCAE8F43038A74E5C92D99CA2BE69F9ACFB6B90C98ABA1B35C763E92134D0134DA534940C5CD5AF0D807C5FA51C63FD2073F81AABDAAD786FFE46FD2FFEBE07F23551DCE7AEBF76CDAF0C9FF8AE22FF00AECF5EE7F0DFFE440D2BFDD93FF4635785F864FF00C57317FD767AF74F871FF220E95FEEC9FF00A31ABBD9F2475545145200A28A2800A28A2800A28A2800A28A2800A28A2800A28A2800A28A2800A28A2800A28A28039AF1FF00FC883AE7FD7A3D78278C0FFC5509FEE47FC857BDF8FF00FE441D73FEBD1EBC0BC63FF23428FF00622FE429A03DDF433FF12FB7FF00AE63F90AB1A87FAA7AE262F885A4E8F3A69B3417B25C46A15BCB41B73B411C93EF59FA9FC5BB105E38F48BC62AD8CBCA8A3F4CD64EA46E74C309566AEA250F8847FE243FF6F03F9556F037DDF0EFFD867FF69B5666BBE215F11F8565B95B536EB1DE08F6B49BF3F2E7D05697813EE7873FEC323FF45B56A9A6AE8C270941F2CBA1F41514514890A28A2800A28A2800A28A2803CE3E27F8246B364DAC58C59BE813F7D1A0E678C7A7AB2F51EBD3D2BC8345D6A7D13535BE8BF7800C5C479F96643FC5F8F7F7AFA94E0F1DABC3BE267834E937DFDB5A7201673484C8B8E2291BAFFC01FF009FD69A0386F1BF8761B0962F1068FF003E937C7381FF002C5FBA9AE7EDE60D5D9786757B6804BA3EA60BE8D7F94757E4C2FF00FD6A6DDFC3EB6B1BE6B65BEB98BA32B1024561D88E9C1FAD73D5A7ADD1EBE0F1AA2B9667340E6822BB387E19DE4F1EEB5D62CA4F692278CFE9915237C2AF1101F23E9F2FFBB7047F302B0E467A8B1941EF2387ED56BC3BFF00237E97FF005F03F91AE964F865E2B41F2D8C320FF62E50FF005A834AF06F8834CF1369D7175A73A4514C19DC4A840183E84D38C5A7A99D6C4D1941A52441E183FF0015CC5FF5D9EBDDBE1BFF00C881A57FBB27FE8C6AF07F0B9FF8AEE3C7FCF67AF78F86FF00F220695FEEC9FF00A31ABB99F3075545145200A28A2800A28A2800A28A2800A28A2800A28A2800A28A2800A28A2800A28A2800A28A28039AF881FF002206B9FF005E8F5E01E313FF0015527FB917F215EFFF00103FE440D73FEBD1EBE7FF00189FF8AAD7FDC8BF90AA403B5B3FF158CDFEF47FFA02D625FF00FC7C4DFEF1ADAD6FFE4719B1FDE4FF00D016B12FFF00E3E26FF78D79D2F8CFACA1FC38FA176D3FE447BBFF00B080FF00D005761E03E9E1DFFB0CFF00ED36AE3ED7FE446BBFFB082FFE802BAFF017FABF0E7FD8647FE8B6AEDA7F0A3E7717FC791F41D145154728514514005145140051451400556BCB4B7BFB396D6EA24960994A3A30E181AB345007CD1E34F095C785358781C3CB633026297BC883FF006A2F7F51CFAD6AF857565D5ADD741BF941BA886EB1B86E8E31F77E86BD9BC4FE1FB6F12E8D2D84FF00239F9E1940E62907DD61FC88EE322BE6DBFB0BCD22FE4B6914C1796921C053F71C72CA3D411F32D3B26ACC69B4EE8F4FD2EEDED6E0C13028CAC4107AE735DA5A4E1D4579E5BEA51F8834583598F0B7511115DA8F5ECD5D268D7FB94293F4CD61F0BB3367EF2BA3AE1C8FCEB9ED4F8987E3FC8D6CC32E56B17523997F3FE46B5462CF1AF0B9FF008AEE2FFAECF5EF3F0E3FE441D2BFDD93FF004635782F858FFC57917FD767AF7AF86FFF00220695FEEC9FFA31AA988EAA8A28A40145145001451450014514500145145001451450014514500145145001451450014514500735F103FE440D73FEBD1EBE7EF191FF008AB13FDC8BF90AFA03E211C78035B3FF004EAC3F957CF9E306DDE2D51DC08C1FD2A9012EB7FF00238CDFEF47FF00A02D625FFF00C7C4DFEF1AF5AFF8567FDADAA9D51F56F284811846B06E230A0633BBDA92EFE11588DF2C9AC5D39624E16141FE35C52A7372B9F414B1F461049BE87995B7FC88B75FF6101FFA00AEBFC03F73C3BFF6181FFA2DAA9F8A7C3B6FE1DF09C905B4D2C8AF7618B4B8CE76FB55AF0030C78787A6B033FF007EDABAA0AD1B33C6C4CD54AAE51EA7D0D451453300A28A2800A28A2800A28A2800A28A2800AF28F8B7E1C0EB06BD6E36B656DEE481EFFBB7FC1BE5FA357ABD62F8AAC3FB4FC2BAAD9919325B3EC1FED0195FD40A680F9E7C3D7E74DD765B473B6DAFE300A9ED91C7E478AED74CBA686550E4E73B4FD6BCF35D5300D1AF5063CD837FE1B89FEB56759F146A3A56A7124296D2412C31CAA258CE72473C823B8ACEAAD2E6F422E4EC8F6CB0BB05704FD2AA5F49BA61F8FF00235E656BF141ECE5293E8E8E719063B823F98357F4DF88D6DABEB36B6274DB889EE24118633060091F415109AD8D27869DAE968737E173FF0015E45FF5D9EBDF3E1BFF00C881A57FBB27FE8C6AF00F0D3797E3C4DDDA77FCF26BDFBE1B907C01A58F4120FF00C88F5BB390EAE8A28A40145145001451450014514500145145001451450014514500145145001451450014514500725F12A409E04D4109C194C510FAB48A2BC03595379E3A5897F8A7451F98AF67F1F5F2EADA958786ED5D1DE3945DDE60F11220CA83EE4F23FDDAF1AB166BAF194D7510DE5242B10FEF48C76A7EB93F85547603E88D279B58D8742A08FA5497A331354B636FF66B28E3FEE205CFAE05132E6223DAA40F29F8891EFF000CDCAE3E68E54907D338AE6BC0B70235D2589C08B58B727E8495FEB5DAF8EEDF1A6C8ADC452E6273FDDDC3E53F8362BCF3C236B737B61A9D9DB7CB796F8B88D7FDA420FE84557403EA2A2B2B41D6EDBC41A35B6A16AC0A4AA37AE72637C7CCA7DC1E2B56A4028A28A0028A28A0028A28A0028A28A002A3940689D4E00652327E9525721E39F14C3A169AF696EE8FAADDA98EDA1CE4A93C6F6F451FAF4A00F03F133A3685E1F453931DBB293EDB8D54F1440CD1E86EC3992C471EDB9AB4FC65A7C569A9E9FA2C536F6B68556590FF0009C64FE557AFF40BFBC9B4AD5648BFE25AF0848C77842E7683FEF0E6A2B7C076605A556ECE1B534F2AF4A9EA00FE54ED0EEBECBE24D32E0F0A9751B1FA6E19A9B5B50FA9CCCBCAE702B1DC98D838EAA43035CA9F53D7716A2D1DAC0BF61F88B2291C25D37E2335EEDF0D240DE0F587BC1777111FAF98C7F9357805EDE2CBADD86AA381304DE7D1C019FCC60D7B4F802F4695AD5FE8772C105EB0BEB324F1202A0301EE300E3EB5DEF63E75AB368F49A28A2A44145145001451450014514500145145001451450014514500145145001451450060F8ABC411F86B466BF788CB2338860881C799237419EC3A927DABC8F52F157C41D5D5D6778344B46272F232C231EDD5CFE62BBEF8950ADCAE81048BB91F51C153D0FEEDEBE75D5EEAE2EB55B9334AEE44854649200CD524074F2EB16BA2585E5B69976F7B7D740A5D6A2F948D173C84CF3CFA9E4D749F09BC2D25EDDAEB971098EC2024DB19060CD2F4DFF41D07FF00AEB1B4CF0DC6DA5D96B1FD950EB12A44152D1AE1950104F2CA075FA9ADE9FC71E3F312C56DE0F8A08D4055556E147618DC2A5CBA22D42FD4F6192E2145081BA5426E612305ABC425F137C4A90E574144FA203FCDAAAC9AE7C4F93A69D227FB90C7FE353CCFB14A927F691EBDAE69D6FAA594F6CF864954A91D31EF5E15E6EA1E10F1502E36DEC27043F0B731FA8FA8E3FF00AF57DB50F8A2FD63BF51E882315565D1FC65E209A28B59B5BB78D4F125CB2909F91CFE5429BEC5AA31B7C6BF135AC2EAE52F9F52F086B3F649E56DD2E9B71288D81F404E55C7A0615E8DE0CF1CEB379A9C3A4789F4FF00B25CCE1BC8970177B28C904648208C90C38E315E25E28D2DB45BFB7B3F3A391E28402F13124F24FE95D8780DE4BA93C37733319254D5444AEDC909B18E3F4AD1A39CFA1E8A28A900A28A2800A28A2800A6332A2B393803927DA9F54759FF00901EA1FF005ED27FE826803C9B5CF1EF8B35B99D3C37642D74C24AADEBB2AE4671B8BB70B9EA00527DEB8BFED1B4D12EA4BE7BDFEDAD78FCDE7F3E44071F7B2DCBB0F53F856678A1DED74ED16DE2674864B38E5280901988E4D6C7843C39A56ABA10BBD46DE5BC36F292B690CA17CDC81F7FBF18AAE832BF83FC377DE32D6A4B87323D889035E5EB0E2439CF9699F5EFFE73EE3796F609A64B6322831489B0A20C60638C7B8AE2078C355B4B44B3B0F03DFDBDBC6BB52389E20AA3DB06A84BE26F104C493E13D4B9FF00A6B1FF008D44937B8D36B63CE3C45A4CFA26B53D8DCB6F1CB452F413213C1FAF635853286535E93AC0D4B5C8A38EF7C1DA8C9E5925184D1864CFA106B9D97C1F76D930E81AEC79ECD2C2C3FA5612A4EF747B14B1F0714AA6E605BDD29B3FB34F92ABD1875039C1FC39FC2BB0B7D66DB58D2ECEC753BD3677769C59EA1182F1B0F47C73C7A8E456049E0CF106FF00DCE8F7FF00F6D0463F9356AC7E0EBFD3341BCD42FF00ECF0B34614C0C48627239EE09E3D6B58369599C18954A4F9A9B3B3D2FC59F10748F2D57C8D6EC81FF5A8E27007B9E1C7D4E6BD77C35AEC1E23D12DF51857617CAC9193931B83865CF7E7BF715F2C787AE67835DB358A47557942B05240615F457C33896DF46D5218D76A47AA4EAA3D000B5A34721DB5145148028A28A0028A28A0028A28A0028A28A0028A28A0028A28A0028A28A00E43E2068B7BABE831BE9A19EF6CA71711223619C0055803EB8638F7AF9BB51D37571A9CED73A7C6D2162584AAF1B673DC71CD7D814869A607C74B6FABA7DCB28D7E934829FE56B3FF003EABFF007FA4FF001AFB0A8A7703E3DF2B59FF009F55FF00BFD27F8D1E56B3FF003EABFF007FA4FF001AFB0A8A2E07C7BE56B3FF003EA9FF007FA4FF001A5F2B5A3D6D53FEFF0049FE35F61514AE07C6D258EA6F92D610163DCC921AF51F85FE1DD66F2FB4E9AF206874EB090DC2B6D2A8CFB480133F78F392DED5EEF4B4360145145200A28A2800A28A2800A86E614B8B69607FB92A143F420D4D45007CB3E2EF0F78834EB982C6EAD9A48ED879713CA18A3AF628C38C11CEDCF06B9F8ED7568FEE58C49EA1669057D8D453B81F1E795ACFFCFAA7FDFE93FC68F2B59FF9F54FFBFD27F8D7D87451703E3CF2B59FF9F54FFBFD27F8D1E56B3FF3EA9FF7FA4FF1AFB0E8A2E07C79E56B3FF3EABFF7FA4FF1A6BDB6AD270F671B0F4696435F62514EE07C87A469DACFF6B5BBDAD801286F9440AF23E7FD91CF3EFDABE95F02E8D73A2787162BEE2F6E667B99D739D8CE7A67B900004D75028A96C028A28A0028A28A0028A28A0028A28A00FFD9,0,'','',NULL,NULL),
 ('mdshannan@gmail.com',NULL,'9EJcCHVmGmb191XwhdVrEHTZRC0ppuzFMevcD7xRYeSf1oIRoRjvhUMI/+Qec+oG',1,'shannan6','mdshannan@gmail.com',NULL,NULL,NULL,NULL,NULL,NULL,NULL,133,NULL,NULL,NULL,NULL,NULL,NULL,NULL,NULL,NULL,NULL,NULL,NULL,NULL,NULL,0,'admin',NULL,NULL,NULL),
 ('ahmed@gmail.com','ahmed ','OhJ6RrV/f7zwIEHhPMWstAx+p0iy/mX2Fvmfwywu7HYShxy1l6fSCyLJp+hLBGeL',1,'','ahmed@gmail.com','hyderabad','hyderabad','ap','500028','india','','2008-10-07',134,'','','','','','','','',NULL,'','','','',NULL,0,'','',NULL,NULL),
 ('ali.mukarram@bizintelapps.com','ali','20R/Yp6+ThUfUL6KdefeRENWCSd8tlH64NWjsAPsIcO6ndVTFfzKqxvE8t/mA2sl',1,'','ali.mukarram@bizintelapps.com','saptagiri colony','hyderabad','ap','500028','india','','2008-10-07',135,'','','','','','','','',NULL,'','','','',NULL,0,'','',NULL,NULL),
 ('start@gmail.com','fam','7mkCFtnW7perUTw6sA3Rif2yqBfeQFjwp2UD9yY7LXZktI4sMMFUJHSrptUnuVrt',1,'ahead','start@gmail.com',NULL,NULL,NULL,NULL,NULL,'ahead@gmail.com','2008-10-07',136,NULL,NULL,NULL,NULL,NULL,NULL,NULL,NULL,NULL,NULL,NULL,NULL,NULL,NULL,0,'admin',NULL,NULL,NULL),
 ('mukarram.u@gmail.com','mukarram','bGmvMFfK3pdhcjgREsUpblL8gui1hyPMctne7BCyZIN7WjeBAFI002vGPScjfExz',1,'','mukarram.u@gmail.com','kladsf','hyderabad','ap','500028','india','','2008-10-08',137,'','','','','','','','',NULL,'','','','',NULL,0,'','',NULL,NULL),
 ('rocky_wind@yahoo.com',NULL,'JilbDIGOi2hbxJrTpZm2JBqPBNx1B/80LpKZkZYxRSPfusf0w2+md6LMZbvmOesv',1,'cyber world','rocky_wind@yahoo.com',NULL,NULL,NULL,NULL,NULL,NULL,NULL,138,NULL,NULL,NULL,NULL,NULL,NULL,NULL,NULL,NULL,NULL,NULL,NULL,NULL,NULL,0,'admin',NULL,NULL,NULL),
 ('test666@bizintelapps.com',NULL,'Pt44g5jSU4NpX2qbjf0PaCWxtbemGG99vYFDNz6eEj68bRcuCagFWgrELMy5/3Zp',1,'test666','test666@bizintelapps.com',NULL,NULL,NULL,NULL,NULL,NULL,NULL,139,NULL,NULL,NULL,NULL,NULL,NULL,NULL,NULL,NULL,NULL,NULL,NULL,NULL,NULL,0,'admin',NULL,NULL,NULL),
 ('mdshannan1@gmail.com','shannan','Z68t9q0/yg8sEM2u+vWWazCYFUhPc7OgccCyKilHN48AkibLRLK1n2GmkriruOX1',1,'apolokk','mdshannan1@gmail.com',NULL,NULL,'na',NULL,'na','intesar.mohammed@bizintelapps.com','2008-12-03',140,NULL,NULL,NULL,NULL,NULL,'','',NULL,NULL,NULL,'','',NULL,0xFFD8FFE000104A46494600010200000100010000FFDB004300080606070605080707070909080A0C140D0C0B0B0C1912130F141D1A1F1E1D1A1C1C20242E2720222C231C1C2837292C30313434341F27393D38323C2E333432FFDB0043010909090C0B0C180D0D1832211C213232323232323232323232323232323232323232323232323232323232323232323232323232323232323232323232323232FFC00011080096007B03012200021101031101FFC4001F0000010501010101010100000000000000000102030405060708090A0BFFC400B5100002010303020403050504040000017D01020300041105122131410613516107227114328191A1082342B1C11552D1F02433627282090A161718191A25262728292A3435363738393A434445464748494A535455565758595A636465666768696A737475767778797A838485868788898A92939495969798999AA2A3A4A5A6A7A8A9AAB2B3B4B5B6B7B8B9BAC2C3C4C5C6C7C8C9CAD2D3D4D5D6D7D8D9DAE1E2E3E4E5E6E7E8E9EAF1F2F3F4F5F6F7F8F9FAFFC4001F0100030101010101010101010000000000000102030405060708090A0BFFC400B51100020102040403040705040400010277000102031104052131061241510761711322328108144291A1B1C109233352F0156272D10A162434E125F11718191A262728292A35363738393A434445464748494A535455565758595A636465666768696A737475767778797A82838485868788898A92939495969798999AA2A3A4A5A6A7A8A9AAB2B3B4B5B6B7B8B9BAC2C3C4C5C6C7C8C9CAD2D3D4D5D6D7D8D9DAE2E3E4E5E6E7E8E9EAF2F3F4F5F6F7F8F9FAFFDA000C03010002110311003F00F7EA28A2800A28A2800A3354B52D4ED349B27BBBD9D62853AB37F21EA6BC57C67F18A1B9496DF4B32A5B21DA5D5B0D29F4C8EDEC0FF85007B1DE6BDA7D8B9496E94C83FE59A7CCDF90E9F8D503E2D808DD1DBB15F576DA7F2C57CAD75F10B55993646CB19EECAB827EB57AD3C73E74327DB24669CF2BE672A0FB71DFFCFAD35616A7D336FE2EB6B85CA267F138FE55661F1469CE76BCA11BD339FF00EBFE95F2B5CEBEF76C652AFC8CA90D82A7FD9603FF00AD4C4F115F4062324F21FEE17625BF3EFF009D26D0599F62C7224C81E360CA7A10720D3EBC0BC01F148477714578CDE4C8C12552C7E46FEF01FE735EF10CD1DC4292C4EAF1B8CAB29C823D68192D14B494005252D21EB400B4514500145145007877C77F118B392C74C4F99C2972B9C0C9C727F01FA9AF23F0EE8F2F882E97ED0823B45E88836827E95D5FC653F6EF1C3DD96CC1B7C943D47CA707FAD68785ECD60B5B708B8E2B0A952C8DE8439A4574F863A3DDDC23992E224FE25461F37E9C56D7FC2A2F0ECD0ED413A1C7DEDF9AE96D235597BE7DEB7AD95315CEAA49F53BDD185B63C964F83B7704CC2D2F94A7F0971C8FCAA9CBF0A7587916391E1D99E4FF00FACD7BAAA0C75E694C20F39AD39A463ECA173CBACBE15D841A6C892330BB60409D1882BC715BFF0009BC493DBC93F86F55F9678E42AA49E8E3B7E38C8AEB1939C0E95E5FE3EB56D23C4965ACDAE57ED198A50381B8720FD69C26D3B333AD4D72DD1F41D15CD7833C451F88F438E42C4DCC1849B231CF63F88FEB5D2D751C614628A2800A28A2800A64BBBCA7D870DB4E0FA1A7D23743401F3378CAC8E09006E5B8DAB96CF3819FE66AF6853AC5E544DC91D2AB5C28BCD7FEF34D6F6F1C8CEA80B0C8C8191D463B9E9EB8AA305925D1CCD33A468A19995B6F5EDF957256475E1DDB63D0EDDE27932B2A364F4CD74167CF435E3379A75A4E7659DFCC93F3B55A500B7D0120D6FF0084F5EBFD2655B2D51E42BD164901EBE99AC2C91D8A6DE87AB7CC31522EEC73552DAF04F69E7F1B73D6B94F10789B57B3BB0BA6A47328FBC9D49FF0AD2E89676DDF9C5713F12A00DE1C33900F91203C8CFB516DE2ED5E568CBE90EAA7EF03C7E47BD3FC653457FE0ABC6EAAC8080C31CE7D28BEA652D5326F8277BE7C3AA42463022603FEFA15EB55E39F02F88F555C0CAAC21B8E7F8BFF00AF5EC75DAB63CF0A28A298051451400514541773A5ADA4D70FCAC485CE3D00CFF4A00F10B38A182CF5AD46D4059A1B892DE42809F9FCE6C9FC401CD5236536AA26BAB998992445562ABB470319C74DDEA7AF269DE119837C33D7AE9F3E6CF7658B7BE07F563F9D59D0253731AF384AE3AADE87A5429AE6922B5B785AC56E2DE7612B18010A037041E483EA09F5AABE27815620C0EDDD203B00C0C771F41FA7B5774B6E76E540E6B86F13A8B8D41218DC3B16DA157A56577D4DE5492D8E9F4C7BAB6F085BED6966964080AB9C81938CFB75C9AC5D5F42D624551624F9E1C1DCE461973CF383838EF8AEDAC2DFCAD1ED62230DB4647A558F28C43FD5641F4A12B3B8A4AFA238CB08B58B2644BF25D768CDC280307B820718F438C1E78F58BC597D31F0CEA16F6F692310BF3C85488D791C827AFD066BB85B7DC72CBB47A553BBB086F116C7808EC3701DC03923F1C63F1A5B4AE4CA1A586FC1BD0A6D1F43BD7BA9226B89A60088DB705C0E99FA93F957A6561F862CA2B4D3D845C2C92B363D3DBF9D6E62BBE9B6E2AE79B55253696C2D145156661451450014C963596364700AB0C107B8A7D1401E231E9775A578675ED26EED1E0482645472A55651B464A93D470066B27C3B33460718CF207A57A97C435DDA0B2FAAB81F9579DE8B6F10366EDD1F02B8EBFBB647A38595DB932D6BFACFD9B4C9A28675498A9039E735E69A3F8A561D5EC6D6E6201E3217CC27219BD6AE78B6C351D26F5AE2E15AE034CC992F80BDC7D3B5245E03D42E25B69EF2CA631BA87DF18DFD339C81CFF09A9492DCD2752727A1EC3FDB56CB6711718DDFDDA6C7AABDBEA0892F36D703E43FDD23B7E55C5DCF87EFDA34FB34376F0AA657E4718E38EA3E959FFDBF37DB62B19D8996DE41BA21C9EA06DFAF7A8772F9D27AA3D71E65DA0AD51898B6A9B80E1549FF003F9D45682636E9E675F7AD2D134D6BEB89A5F33644A4211B724F7383DBB7E74D5E6D5899C9455D9D368F09874D8830C120B7E6735A069AAA14000600180296BBD2B2B1E549F336C5A28A298828A28A0028A28A00E67C710B49E1A9A745C980890FFBBD0FE873F85792D9DC8874F75DDF35ABEE1FEEF51FA56D7C56F1D5DDAEBFA7786AC2E3C98A775178EBF7995980299EC319CD70C6F7EC77575685B73461907A3C67A1FC33FE715C7887767A187838AD4ED75D8A2BCD2E46D8B3898EF70C339C8E98F4E9599E1CFB768AD18B4BFB84854F1148DBD1473C00DD0658F4AB9E169C5CE8D6E6421B7A6D6CF5C835A22D0642AA139EC4F15946E8EB8A8CA3AAB97A6BED62F001FDA580C082B12AAE3A7E3DBF5A20D2ED6C4C1B615C8041C819E7927F31FA53ED8416AB923730E6AE3B6705C01804E7D0F4A72D44D251B2561924FB622793E807735D8E8362D63A5C48E312B65DC7A13DBF0E07E15CCE82AB79AF447198E256703D4F407F5AEEAB7C3C74B9C18A96BCA2D14515D272051451400514514009DAA39A55861791BA22927F0A8EEEF2DECE22F3C8A8BEE7AD703E22F1992EB6E8764129DBD3AF23393FE159CEA461B9B51A13A8F45A1E31F132591FE20C372C4E0C41D4FBEF71FCEB35E49A797CD07F7ABD0D6F7892D0F880B3C401BAB77CA0FEFA7703DFB8FC7D6ABC7A6B2C714CA3008C30AE09D453B1EB7B17077EE687873C44966A6DAF018C67E5703207B7B0AECAD75D80C85BE43C0DA41FBD5CCC7A12DC40AFB464F5C77AB16FA02A918247AE0D28CDAD189C35BA3AD4D56D9A4557D81D3905BA9FCAACC9706EC92A1843D8118CD6569FA4DBC3CB72D5A8F22AE123AA73D04A9DDDCD6D02F6D6C75858656DB2490B6DFC08CFF4AEB5F54B28D7735C201F5AF16B9D4C8F88F616E8D9F2AD4EE00FF78FFF0058576276BCC0AB7CC0E1855C710E0AD61CF031A8D49B3D0629E2B88C3C4EAE87A153906A415E5F63793E9B73246B23797BF0141C56FC7E2795408B71DC7A17009AD238B8B5EF6873D5CAEA45FB8EE8ECA8AC4D2F5E8EF266B698AA4EBD0678615B58F7AE9849495D1E7D5A73A72E59220B9BBB7B48F7DC4A91AFAB1C5625E78AECA352B0481DBD40CD739777526A8F2B5C1EBC2FFB23DAB09D5A194AB8248F4EF5C3571725F0A3D7C365906AF37A9B375ABFDA252EFB9FDDAB9DF10DB8D4AC43203BE339007A77A9CCCD8C6DFCE9BE6E0EE3C01F781E95C32AB296E7B30C3C22AD138D86094336D3FBF87A7FB42B62D2E20BE8CA48024BDF3DFEB52DE5B2A5D472A8D88FCC6FE84E72A7FA7F9CD1BEB7686659D06D3D1B1DEB2E671653A5171B33A7D26110B089C023B56C4B631FDE55FD2B8FB1D55A0658A73FEEB57576FAA09A201CE7FDA15D30AD17B9C3570B25AC752392D183663523DB3C53E388206964E31CD6846C265DCA41FA563F896FE2D33459E766C003B56ED7539549A76380D20B5FFC55BF9FB246BF87DD007E95E9724A632D22F6AF1CF0FEB52E89637DE21781669AFAED61851C91955C963F4E71F5C7A1AF56D3EF1752D3A1BA5428B7112B8563CAE474A8AE9A675E1B586BFD6A54BE92487508E72414931CD4DA84A6196198740C327DAA178CDD58C909FF005B09C8FA54D2462E6C503F474C1AE36DB5A1E85926AFE83EE8B0BBB6B88D882AD8EBD476AEAA1F12DCC70A26DDD81D483935C569B70D71A540F272E85A27FF0079491FD2B555C6D15B53A928B7639ABE1E15125257B0F8A4046EEC692EE112AEE4FF0058074F5AA505D968CECC326320FAD4CADB9323E6FAFF00853724F41C60D6A517BEF2B0928CEE3D0F6A7CC991F28E31C8F5AA7ABC398FCD8C631CFD2AEDB4A27B746EF8E6B06DBD19D2925AA2131ACD69B480DB4E79EE2AA5C44B1B7952F3049F71CF63FDD3FD0F7FAF5D7523906B2CE66BA78A4E467A1E98A8633367B1C8DA7F0AAF6B7B3E9F2949092A0704D6F4F188A450DF758E158F638E9FE7FF00D79D7F6C1E13C72073C52D876BEC4F6FAFB2EA125B3477319F295A19506636246486F4EC39F6AC1F8917D733E868540310982BB29C8E41C7F235D4E9F6F13D944AF1A1645505B00E462B3BC5F6715D7866E2CD02079190276E4303C7E00D7553A9692BEC7254A1CD17D59CD7F6547A8F87FC216910C24C482476E0973F9E6BD2D50451AA22855400281D8015CA683A04967A5592C8C44B05D19E00DFC2A40054FD467F306BA8B4F3BECAA2E191E60A033A2E031F5C76CD139A931C22E2922B5E2B472ADCC470DFC5EF534522CF6AAEA06327A548CBBE26535434924433C2DD63948AC7697A9BEF1F41B631F9336A16E3A79A2751FEF019FD4356921F9055461E5DFAB7FCF488A9FC0E47FE846AE2615147A0AA42679F689AFCC6E4CE502A79C20BA894FCA64E9BD3EB9E41FF00F5F7287CB9881F74F6A28AAA9A4B433A6EEB520D4B881876350E9448831EF45158BF88DD6C4F34E509C0E954EDD4CD7FB98FDEC9A28A3A95D0D39E18EE2DDE191728C3045739A85D9B1B1B913032CB108C2303B77F98FB54B7A11DF1D7F4A28AB8A4DEA73D46D41D8E8608154B819190071ED58FA743F6DF15EA0D21CC5A72A2C487FBEE325BF25C7E34514E090E4DD8DE9B89613FED63F4A74031151451D43EC8EEE7E959F6BC6A978A3A1543FD3FA51454CB74547663AF0EDB9B3F7908FF00C749FE952339DC68A286544FFFD9,1,'admin','intesar.mohammed@bizintelapps.com',NULL,NULL),
 ('fatimashannor1@gmail.com','shanoor fatima','YserK11DIwfe8RNmgAUpBFTeE8psKvK7llgEso9zL04AhZJahGXglV4xaM+y0mvM',1,'apolokk','fatimashannor1@gmail.com',NULL,NULL,'na',NULL,'na','intesar.mohammed@bizintelapps.com','2008-12-03',141,NULL,NULL,NULL,NULL,NULL,'','',NULL,NULL,NULL,'','',NULL,NULL,1,'admin','intesar.mohammed@bizintelapps.com',NULL,NULL),
 ('mdshannan@hotmail.com','','I0OXH1ZKXVoBrz2UasPjfDDmh4JAUHZ3TS7XTvK98q6AD6eU0UhibNXjCGwRJHWR',1,'apolokk','mdshannan@hotmail.com',NULL,NULL,'na',NULL,'na','intesar.mohammed@bizintelapps.com','2008-12-03',142,NULL,NULL,NULL,NULL,NULL,'','',NULL,NULL,NULL,'','',NULL,NULL,1,'admin','intesar.mohammed@bizintelapps.com',NULL,NULL);
/*!40000 ALTER TABLE `users` ENABLE KEYS */;


--
-- Definition of table `users_light`
--

DROP TABLE IF EXISTS `users_light`;
CREATE TABLE `users_light` (
  `username` varchar(45) NOT NULL default '',
  `organization` varchar(45) default NULL,
  `id` int(10) unsigned NOT NULL auto_increment,
  PRIMARY KEY  (`id`),
  KEY `Index_2` (`username`)
) ENGINE=InnoDB AUTO_INCREMENT=60 DEFAULT CHARSET=latin1;

--
-- Dumping data for table `users_light`
--

/*!40000 ALTER TABLE `users_light` DISABLE KEYS */;
INSERT INTO `users_light` (`username`,`organization`,`id`) VALUES 
 ('ahead@gmail.com','ahead',1),
 ('akram.zahid@bizintelapps.com','akram',2),
 ('ali@gmail.com',NULL,3),
 ('arrancomputers@yahoo.com','arran computers',4),
 ('assu_fm@yahoo.co.in',NULL,5),
 ('b@d.com','b',6),
 ('bizintelapps@bia.com','bia',7),
 ('demo@bizintelapps.com','democafe',8),
 ('dsldklkads@yahoo.com','cyber',9),
 ('faraz.khan@rocketmail.com',NULL,10),
 ('farazindia@gmail.com',NULL,11),
 ('farazkhan1123@gmail.com',NULL,12),
 ('hasan.khan@yahoo.com',NULL,13),
 ('hurricane_hasan@yahoo.com','zrk zone',14),
 ('immortal_soul11@yahoo.com',NULL,15),
 ('intesar.mohammed@bizintelapps.com','apolokk',16),
 ('intesar@ymail.com','test',17),
 ('khajakms@bizintelapps.com','k',18),
 ('khan.faraz@bizintelapps.com','kingcobra',19),
 ('kingkhan@yahoo.com',NULL,20),
 ('lokesh_arran@yahoo.com',NULL,21),
 ('mdshannan1@gawab.com','shannan cafe',22),
 ('mdshannan@gawab.com','mycafe1',23),
 ('mir1@gmail.com',NULL,24),
 ('mir@gmail.com',NULL,25),
 ('mkazam@yahoo.com','21.com internets',26),
 ('mohdshannan@yahoo.com','test',27),
 ('nasarite@gmail.com',NULL,28),
 ('pooja21polo@yahoo.com','21.com',29),
 ('pooja21polo@yahoo.om','21.com internet',30),
 ('rajesh@yahoo.com',NULL,31),
 ('rockingprince@yahoo.com',NULL,32),
 ('salam@yahoo.om','21.com internets',33),
 ('sales@bizintelapps.com',NULL,34),
 ('shayan.khan@yahoo.com','kingcobra',35),
 ('shubh.cafe@gmail.com','shubh',36),
 ('sohail_simple@yahoo.com','ccmb cybber cafe',37),
 ('srinivasarao_m1980@yahoo.com','cyber park',38),
 ('style@gmail.com',NULL,39),
 ('style@yahoo.com',NULL,40),
 ('test123@test123.com',NULL,41),
 ('zahid@bizintelapps.com','akram',42),
 ('zaryab.khan@bizintelapps.com',NULL,43),
 ('zaryab.khan@bizntelapps.com',NULL,44),
 ('mma@gmail.com',NULL,45),
 ('a@a.com',NULL,46),
 ('mm@gmail.com','mmm',47),
 ('test999@bizintelapps.com','test999',48),
 ('nehal.khan@yahoo.com',NULL,49),
 ('mdshannan@gmail.com','shannan6',50),
 ('ahmed@gmail.com',NULL,51),
 ('ali.mukarram@bizintelapps.com',NULL,52),
 ('start@gmail.com','ahead',53),
 ('mukarram.u@gmail.com',NULL,54),
 ('rocky_wind@yahoo.com','cyber world',55),
 ('test666@bizintelapps.com','test666',56),
 ('mdshannan1@gmail.com','apolokk',57),
 ('fatimashannor1@gmail.com','apolokk',58),
 ('mdshannan@hotmail.com','apolokk',59);
/*!40000 ALTER TABLE `users_light` ENABLE KEYS */;


--
-- Definition of table `users_pass`
--

DROP TABLE IF EXISTS `users_pass`;
CREATE TABLE `users_pass` (
  `id` int(10) unsigned NOT NULL auto_increment,
  `username` varchar(45) NOT NULL,
  `password` varchar(250) NOT NULL default 'na',
  `enabled` tinyint(1) unsigned NOT NULL default '0',
  `reset_code` varchar(250) NOT NULL default 'na',
  `create_date` datetime NOT NULL,
  PRIMARY KEY  (`id`),
  KEY `Index_2` (`username`),
  KEY `Index_3` (`reset_code`)
) ENGINE=InnoDB AUTO_INCREMENT=61 DEFAULT CHARSET=latin1;

--
-- Dumping data for table `users_pass`
--

/*!40000 ALTER TABLE `users_pass` DISABLE KEYS */;
INSERT INTO `users_pass` (`id`,`username`,`password`,`enabled`,`reset_code`,`create_date`) VALUES 
 (1,'intesar.mohammed@bizintelapps.com','dceCgKR3ssE8Zapad9UdTlrKHd9GNF7Mf7z3MW3WSUKJsLC5/A2yrIg+7kyJ+WCB44Iiaz78B8jXOcni49Y791MHZufzYJF3JsbLlAW+Wog=',0,'r0AW8od/qff27Gv7A6VOZm+/3mCX+x0A3xvQK7g3E/7ssAAyITYsRkl5VYOxs38e','2008-09-27 02:01:38'),
 (2,'intesar.mohammed@bizintelapps.com','5G2KC15iOLpkYYG7js5flkS4k8pu2Di3ayLsegAqX7t/4v20rPc+Yws9KHg1puoD',1,'krnnK96tmPGV3fLycCiTKRDwnFFWpw+Z3x3Do2zB7CeDBRZxI0UpHx0wVudsS+9tfkWQ5XS7OH2Hu1eJZxktayBJx47JUp+OdfGiy/wS2lfnyxBikzx5x16R9S+myJ7uE9dMeOYlNDfp9nTU20eTMw==','2008-09-27 02:26:08'),
 (3,'intesar@ymail.com','NAEEijYE8xyhvVW2zNBNpvXLBuLLdR8LOoFhHNZPSqqN8ne/XSiYElwnT8og20iGys3bXhdKDZqDpqb7hXmOsE5tR4Z+D3/W+tcjQ4WorWQ=',1,'qwrCyqQZ+MRER5Zzub7Ss5xnbPZnY/tRT6sDxBcEuvA=','2008-09-27 02:26:46'),
 (4,'mohdshannan@yahoo.com','+pdUXCNWAAlszdFpwMNxV0DgBvQDsD9OmM+ocOiQYN8=',1,'0L/UqCiviYqw1TPoX77PMI2EVgdTPh/DFeFXVs5X24w=','2008-09-27 02:29:25'),
 (5,'demo@bizintelapps.com','cHSOV7rnt6pfA5SHvvWgJAysIaoga5zDOiPxFvhR4+cH2uMABNF4nKwywIJVk5B1rp9qBYkTQRnfALG0yIOFnMpqnAOSfSwShP93RtPEHHI=',1,'eEgHKTL78TvyyzBAJshD138aslZI1rmWR/9pAekxIO8=','2008-09-29 17:50:50'),
 (6,'b@d.com','lFzgd8OXTWcsLvAiK0tH19732w900g4spi9sWGi9mUD0C30VminP+aht/KR15utT6fr8qrV+6uwalEavfN9hISOiTccRUYFWgpK9LSlQkl4=',1,'TXzE3i7tVu//G1+dddNANFOT+LJtc16S','2008-09-30 06:41:16'),
 (7,'khajakms@bizintelapps.com','/6z8SpaQPhbzsHtAuTV5MJd6Tf4vhTZDHN84ffNKwzekwW3xynAKtehqjUypHALg0H0qkaCPvxQrNSNKAjQnS2iq3nYDhwWIkNKgcEa/c48=',1,'msTkKIi22HtQ/yrpyGfSnuUzdVKZxg3QPLLS5XkEBn/i5bEzDy7dSw==','2008-09-29 13:09:34'),
 (8,'akram.zahid@bizintelapps.com','TL476lhofRWaUGmBud9iT5QHRvGPNEK6NnsSzOLYqUrpn3OE0xSiAgvdgVULp2WT8KIMrq6ezSvmBmFtdFVIxm79VZSw3kVGFN9cmU9fwtM=',1,'7rKR8yEF14cplZl2SvaHAlqOXrWY51EcdDXAvq6/6IlZh7IU96pbaQ==','2008-09-29 13:54:26'),
 (9,'zahid@bizintelapps.com','7OhZzMy2auaitFNjOuur4lpmwwk8cezx',1,'pB4hEdm5XVI58dnaveexSuDfSppgz2b/RMekjFXaz3R607nJq/AlFw==','2008-09-29 13:55:57'),
 (10,'mdshannan@gawab.com','G0Vc8go0LJRU0WcMLzeZLWoo6x42IYlK5oLSq6w5VZ9+8OfE0jtGLUtKmz3dUiiXvOKqhqTbHxH7cTM7ReJnKn/nPAP5oZqt7BKnWQnxHoM=',1,'yYgK74So4MIk6+aFgY79pIP/lc7EncR+rLyR/Ij9a3k=','2008-10-02 12:27:47'),
 (11,'hurricane_hasan@yahoo.com','ZxfIp06GV8Y6f99qUcZli6dmWe1Uc2I5vREPTlOHNM1NWILv1dwtqUvmBo41SxDoby2Xz6VTr9doe7qJRvvNsG6NIDPK8WqX/hH+1ZGARqA=',1,'u6dj+1Qi1FNwAa6V6A/wdbxs6N1bGuePVsepgsL++6qgkijnQYoRhQ==','2008-10-03 12:12:23'),
 (12,'zaryab.khan@bizintelapps.com','gSBiLx2gwieNLBkKRxm92EhbvijNHSBZ01GYdRZDzzAmc0sn1XA6MeM3/wjo0S7G8e3MyXo4UmPm0kIJKq2L5A0wS8B6amWf9ti9PRwJyiQ=',1,'kZg3BmsAT03GE5/eKojL9rwZ7XOTm2UjIVeTlEUNnXnPUz1JFArTOg==','2008-10-03 12:48:50'),
 (13,'srinivasarao_m1980@yahoo.com','F3C+zJj8bLvo7MPq39JfL1685CTmc9ZYQCxlwRjMwaOTN+R3azo5Sx3yWSY23gwB/hfBt+4S3qMoqiQLeMhbzemM5Z2G/kJByWpUywRfCRo=',1,'f24Zwd90nwKg24Nwx31tFNr9iqP4pk2n3jjxcTVh9FCtl/sxFkU9BQ==','2008-10-03 18:15:03'),
 (14,'shubh.cafe@gmail.com','SZQFtJZE82OvuYF9OUqpgZfExFKGbXekPq53XxAG7iMLD9e+XywC5sA6UUoOapmFdIfJ5gaCtX0MBfQKDl7dqy7Pc0keCN2zW7fheA3WbgQ=',1,'HBM9cnHfoydn+hZ19NetPc89lmVPn04KJJdxcE7iXbg=','2008-10-03 18:33:23'),
 (15,'khan.faraz@bizintelapps.com','LjlD2UJ3/vwK8HeDGVd1OsZxKFRv7Fq2Sy0AjlNDjkJ32teSB3zMDcH8lTxVSP444crXSNjB4JhWEOHczX+K5iLUr5sE4WcxsTFMyucr6bU=',1,'T0pkY6rVXNxZmgUDizo7rTjhYd97yyljPAAof6CC3gH0quESBa3wHA==','2008-10-04 10:13:11'),
 (16,'immortal_soul11@yahoo.com','4771n9XI0XsoijyGSUA7t+3Ha0HSUpHVEMUAjtv41k2yGPXxHGUKnwsIpEQ3boKIrVzTbufz6IpLL98Td9XH4VOrmtWoYBiF5WiITMNuXgo=',1,'+GGVQo0n6Dl8IsCglNY2Eh6sq492Nb8qJsZhWB/54LvaHj13EJ8nmw==','2008-10-04 10:15:47'),
 (17,'rockingprince@yahoo.com','ZIScTnIO4Sx8JvqH/c6r5qr/FB3r+Ji6T/LPbNTysdRLp5flg/y05lI16WLRz03Ye2OBFW+w+SOGFw/yZ4x8wXW9sPzGLeqnzUcMmrb8Yzs=',1,'HS7Y4/9F99lWKlFMzDF5a5aBKOmfq1VOxKo22joeSWJBaUh8tkBrOQ==','2008-10-04 10:16:34'),
 (18,'farazkhan1123@gmail.com','Hw4Y+n1TpYD0+zI0QLsKhM9uDRuZy44uKhYlDHg3TPXdhMaD9EkyZTecr2lh/jUnhmdw1XKQx5W1FMPDx2v61w7JyNEQ3yDhozBkEAgNfBk=',1,'LJyyq6uixFgeRundQRzBuMf0/gIM3zRBywWsP05434BhfVzrxe8A1w==','2008-10-04 10:17:04'),
 (19,'bizintelapps@bia.com','dWzQXaCcH2R4Of7UYV5kijQlvs5TQUv2RawbrMDLmd1i9jyeO7MvKfRyt+YTwi4ecWcf7A9qlG/uMt+383Xqa6jnCzJ5BNATMej0dgm3kr0=',1,'DYaPHWzS92X7toyNqeJ0O9MIyeefrO4h3nva8Biw1Ow=','2008-10-04 10:41:03'),
 (20,'test123@test123.com','D11IDREt7MSvCOb+Uh4vlENsFJ/4WQBMYDLY5Q+c0bQ38skTobD/vec5pSA5zYVfRnWWglFE8g4Z4T+dHtUE0AdWrirZbDVQ3byHbCSUhXA=',1,'QU4AzSLOPv5wQVheugMYSzlKH4alN1z/5sKwwmM84Ek=','2008-10-04 15:28:13'),
 (21,'sales@bizintelapps.com','GJCf91E1jrUHHhjX1V6Q5pGKXBOugfiUf+16paq1vvwZjWvhWmLs7h1Q2M8TKPvp3Xt6qGifxCqkuBAQUn4n1m3wXoe1oGz097WgKFcX8Z8=',1,'46mwIjd59RhRsY74iWJ4PlRI2rtkAV6wjax/eee9aJU=','2008-10-04 15:28:44'),
 (22,'farazindia@gmail.com','uf/R6/DS/Qnz+Pc9dV34mi9+cko65bevii7o1OyGx6mlU26SjWlqMLNGjqkvBh16y9UrhEpz0hrE+Rtrlf+o7RB55W79RS4+ZjvuGLySZaE=',1,'P7Sl4h4bVdtJuFUy2/LsONidF3YTIF4HpP/R8Z4zfes=','2008-10-04 15:29:15'),
 (23,'zaryab.khan@bizntelapps.com','18mbKphaljzBNm282fcTO7mxLKY+I7+/9iNrtgT3se98zcxH/4o1wE9WAps+R5EB5xex2Gc5uV9rCZ1mejYe5s6yAG4nbEHbC/R0zwVQkwE=',1,'Ajf8NCfZF9YQmZECHth5XSHzyvoYgC/oZoT20SPkg0Zct1c5tfQu2w==','2008-10-04 15:43:09'),
 (24,'faraz.khan@rocketmail.com','b56NMdRv2NKfiAjyvhk4MEQseunwPIi5n+sF4TYJX7ujI83X9fkIhNG9ZpTxs+Ji3OSDnOicIlwysdXwTy6uzb4OJC98OZ8Od+VguXSnHUU=',1,'EELhyz7or430eDcX6cTths42wSSP1eo/osSxt9tG7OhMy2UfcpIvhQ==','2008-10-04 17:59:55'),
 (25,'shayan.khan@yahoo.com','s898Bv9GmDqpirERdY288Q==',1,'Az/1WTzHsZOXc35Daxv6nW3Q0tttFSqPCatGH++Xr3zPQS7hDQmJlQ==','2008-10-04 18:17:39'),
 (26,'arrancomputers@yahoo.com','2dSMX/rmSblj6H6uKGfHigZ0RnrJc6AkbbbM9ONjD1c+2tdqPlerWcD9kGOuAyugmRjceG3I2vourK1OnM31j0AmBs/Kdrp+qVI8YqlMepE=',1,'/RNcJurwhvOKR74MR/adK6g8wf/MiEa3q32l9v4xjEezPlmkne4oEg==','2008-10-05 10:28:26'),
 (27,'lokesh_arran@yahoo.com','rfzBLpG6qcUj/BE33bZ6OdzjbnxQbkIOXYPUAxqmQu28cwKFXJFQtxaC9Unar0RpH+o5zO6SDFApwg9dWIqf9wKdRAwLjv1J2SB3QdHOHxs=',1,'o2/01H2L3VkY3bzxehtRha1OTD6VMHBjuX6h2GFzPag=','2008-10-05 10:39:31'),
 (28,'rajesh@yahoo.com','DQzf3uug/UBgvAZECnBAlxW/z55r3FxMWIb2b20J0PFTEH2oIFUT7e6SnMInxmWHhGK5URPsjCQL6vPZSU8E8V1fWaPpmSnbWA6wsXGOeck=',1,'pAPJmPidpS1RO+vQ5VY2s5I79ys5Xh6NOatkhxxyIdw=','2008-10-05 10:40:10'),
 (29,'ahead@gmail.com','ADR4Po2p+tboqYtK/zwxvujZhmcP9mpJWy+nrJbvLfTa5JuMjFY/Xu5vwa1Ha1uLmMg6oiBPObMez+bBIvNEo8UKhuscO2HVOrMGuumRGII=',1,'G7ONTWS1bGGixWgnUYx8vCUveDar70ox/zxyrQOpRhg=','2008-10-05 13:55:00'),
 (30,'ali@gmail.com','lOJ9NEz87icxylWKxAL4tVI2IWFS0wkzfci3eabQ1Os9/eqwo/TH++xeYbIWoYASUMdvE7Zuu/yjzOlWeEeESpSuvcZCWzpy0r2Dk/Y4rzw=',1,'YI5xpjTPefIHBhZCMOu4fyQdQiuC3NoO','2008-10-05 13:57:15'),
 (31,'pooja21polo@yahoo.com','T1LotX1HMcGhN5UsMpCFOTlX0Z54QyW9SLQdUgYWZHWKYNE3Iw0iziI2x9mqaXnAIFHxwZtQsvaCdz5kqhPvozsywEjX/gSYfkT50JevP2s=',1,'kLXGqIb7GjgQ7PhirWb8DasKLuxVFcU26mV/ynzeyCY=','2008-10-05 19:36:30'),
 (32,'dsldklkads@yahoo.com','AlGw7TJmNxyfElwDA+GLV5iPvLVZ0NqpnCgKe9GEMunpwlCt77zJ54NVyXRfcMIPdBhvZvIm5QOKGbcmTENZByzhRiDIth+MKN3lzgE+8Jc=',1,'asEI8xwALmq+itxiJbNpnXpwB0+iZHPDNzHL3R2Z1Gs=','2008-10-05 19:39:53'),
 (33,'sohail_simple@yahoo.com','gFo2ybFGQHYdPQIXUiykMzanvV5je3ELtMi1Is3vTs0UAZNHBJG5f9CIegmHwYhUXF4sYz9C/ETwXCFQPY843PW0PUR96uLXmykYsAx93Kc=',1,'IghHs9uD9+7/j5BES7yMTQrn8xVad4+PHjB2x4RmP+C1SQdXD2qk2w==','2008-10-05 19:41:22'),
 (34,'pooja21polo@yahoo.om','1iczoqq6NCbZzwld4iEmUn0CLuNYEfz/hBj1sVMKmBukCleJmQQ8hhy2DLQZzVXaoRuBWEbgxL8yBlx+uVJrAophE18gbWPyKrGaGVJ7lco=',1,'6WKnkhmw6t5YzkOzUas30ZmpTbWhmmnkWkQC+8tBprE=','2008-10-05 19:45:35'),
 (35,'mkazam@yahoo.com','KOgChZ+YkH6rPX0my8LWXN6/YOHWuYQvDCewD8hV4GUT+OMMGFPPjh5dmWEH/zbNWlAsDDL2WK5yimTAAuGuTtxpnQtLJsnW/1d/AU2gg/c=',1,'FIkfo8MudM28lAbIt+AukzK6mu3tHv3bl9+pp8a9abs=','2008-10-05 19:53:48'),
 (36,'mdshannan1@gawab.com','PxA7K4dnPWiCF0VtY/B7MoDa53nUE9xQRoqIII/3V9mLntDX8fPrEHXOO0qnyavH4TOFO0agzP7xzF0C1C74FpwX8AaDr632OmMo1YKNMyA=',1,'WlHkvLOe5wLD5Day1S+T94qVj3HoTTZBNGLGB/07Pi0=','2008-10-05 20:33:55'),
 (37,'salam@yahoo.om','JkARcbiN2KywWFzctIn0sQ==',1,'zLNUH0fKVOdlhYqfDw7igcRnyB2b5GDIB28gDbC6sbk=','2008-10-05 20:41:26'),
 (38,'nasarite@gmail.com','8aqNKNMIpVo4KQ1RX9rhewlJJ/Hpq392JdfYTk8qTuB5v4mkhY3PO+g9Dn+h+uVLn5NWCyK8uyNCORMWxevxi1O8e70oUmQj78BuJmfUB74=',1,'ZVvBQ2B0tqMdOy95U/RUWZ0W9DESsNu5veZo+yjN+nk=','2008-10-06 00:05:39'),
 (39,'style@gmail.com','cCLf6sD/QUB6OH1Xjo3nASu/XlqF+w46sTvt9Vd9Mxlg2gAwIPjdn5rDupJIujWj9KY8C51yBNgC2Hc698Aray8ut4cCf3VFfLD5XbzT5gc=',1,'MmSgIFZjDRC/00CfCbYQfGVutu+VKdMhi0VGd3YJq4A=','2008-10-06 00:06:24'),
 (40,'style@yahoo.com','SKVza8gr6R5bMy9vfPadBqHbx7GXmZjU8BKO8oiptd7aHcPiw7ff8NUmwXC3PZQJimHReCRXCsmawKxAPIqV+ELlkZfeZNvDmYLMRfFT8bk=',1,'WC9dp6lv98rFGIVy8UdNcgMCaUouHgl5Tnd2PjIctE4=','2008-10-06 00:08:34'),
 (41,'hasan.khan@yahoo.com','htOLsvwM7AOgYglbazEeSgyo9ZPEAozH+xyC8gIDc1T3WeApQ3p5KsWMcbF7rRuutjhV4K+pLxaomWnjMAF8sq/+Schhbnup6UDL1CCgses=',1,'WyCHeI8BBKZThqVZ6FqogdENkS34Ilu8QEOMoUHs8Is=','2008-10-06 00:10:33'),
 (42,'kingkhan@yahoo.com','bfXt/jpYusYhFPjXVDm8M+pPm/9RiAqv7mEHK7yiYE45hPtvoiFRnS8yn4qP4qENJJrMWM5PKbhhBvQ29KhuoHKYSVZzYNCkkHb3xX9FX0s=',1,'jrh0a4vn5SkHzDWnJPmKtHKIzq0Z/aiw8C2MM2hQk+Y=','2008-10-06 00:13:57'),
 (43,'mir@gmail.com','dIXlt+HOWgq+BXbXwmGVIA3rqMGoIMFhULvF/N0yOmegqzCHkol4DDS/1g36PeYoeUPpOkqw/I2rIO6htPss0BFqVMjXIR5dHsz/VeVWjjo=',1,'spRk8Vry3wotTR0whmJVhPBSB5z75g85','2008-10-06 00:32:52'),
 (44,'mir1@gmail.com','9XeVemSOI40eKwCu7ctDmvVbSJ7rALdFK3pix4abXk50hqO146eXGKlJq2587xJ9yLql+ckaDEcQkCmjuz7/YVF/CjWZCui/XIa5LFXX7hM=',1,'KvNVslNjhH/YTrHm6FmmRtYt3/J6WpE8','2008-10-06 00:33:41'),
 (45,'assu_fm@yahoo.co.in','Foili8iyft/YI53sJINbibI42siXTpv1VkxtBL5ozxHQd0OaWKZWWQ9DEuyV3EoTtalUhFe3rXjxqp4x53Q0UwvHm1y8N+FFw+aK7xH16Fg=',1,'+nyljtVe8gF+VWirHjUGQUinXlNqVSRkaoghLtcfm88=','2008-10-06 01:21:12'),
 (46,'mma@gmail.com','0JSI8XyNrVGaRaRQiEUm5Xj1lG7xhb7z',1,'RbkP58R4stb3NK6FHvkP1lgVcer8xUXP','2008-10-06 11:34:14'),
 (47,'a@a.com','QsH/WL+uiH9z1THf5K6wuYjlGBx3BBcy',1,'Ft6R2NDJ3sveSCAZW1HGm7qPU8eCM5cO','2008-10-06 21:09:04'),
 (48,'mm@gmail.com','GoLD3MJfVHk+8Zuk41uyqg==',1,'R9nkbgr7zRcFtlePFlh1alK6N0JbsVC0','2008-10-06 23:37:03'),
 (49,'test999@bizintelapps.com','JC/Urpcczokyrdqq0Pa1HA==',1,'4PH/6N03f1WFS6Z1MZUVwgIX9QPeLYyKSFtXs2AFt3UUwfkzMGQOcw==','2008-10-07 15:37:07'),
 (50,'nehal.khan@yahoo.com','xnY2hq0E2xTbNalWDCggGhvtIqWFz9b5',1,'3w3OF82pXN93WFf+lKR3YUrgQ/ah6+BL8QvtlBIzDgE=','2008-10-07 16:43:02'),
 (51,'mdshannan@gmail.com','zL6tPtEdIVfUYU71ZAyclw==',1,'SHVfIyDHle4geQTJlZTZcejkwiKCNdbvsnritkXW3O4=','2008-10-07 19:40:36'),
 (52,'ahmed@gmail.com','260sMNmlZ7Dc2MOMnTDOJM2BHSigBBzV',1,'phOGkopKpj7yC0q3CzlCn10P3KBXkU8SgtkcZP9tLSY=','2008-10-07 23:36:12'),
 (53,'ali.mukarram@bizintelapps.com','B38wiN9YZFMy9QllF+D302EDuTxPg42C',1,'uVzRbmFwUu1LFFJnKqEVoxI1qBTORdwUpC/yPu8LqbYZ+kNblTCczQ==','2008-10-07 23:37:38'),
 (54,'start@gmail.com','zYJLXjT+M3XX0E01uWuLBg==',1,'HD3a732NCz0aXpzEJAfjhiteQwcdMZ+BZDSomRFs1O0=','2008-10-07 23:42:40'),
 (55,'mukarram.u@gmail.com','qsEDMKoA7C+OrIbO6kJ4Disas6i0c4ha',1,'JxiVx3rQXTx+tYctKN+ju2GPuqWXQtaDtuZ9HUbDyB8=','2008-10-08 01:00:40'),
 (56,'rocky_wind@yahoo.com','LGCioT33udZnKcOJERIJCw==',1,'dbCFxp+nSflDI+X8WUkO6h5AtMGLTmgjHqgfa2PN3lc=','2008-10-08 02:18:05'),
 (57,'test666@bizintelapps.com','AHcBtYo60c9PBIKpj019fg==',1,'3ZJyU5OPrlX74vMkW45f/+mOgmvVTIfXYq0uHTldyNW1nVfh1wbGjQ==','2008-10-08 13:13:06'),
 (58,'mdshannan1@gmail.com','ppxkOkjP1DiZroU4vTKokWWvuI/XOuVO',1,'Hm+J82NIAxJdIrEHKMfINrx3VDxKcJ2fkm8ezxiYQkn2ubyfa5krnaYasNA25UmG','2008-12-03 19:07:42'),
 (59,'fatimashannor1@gmail.com','D9MBcPZ+GC2/I+0TkDEKFA==',1,'LKZpTWhwgmwzJxcIAx5O3C2C94VaIQIhuZwSFOagBI99LAZsD4wgltrbLa4wKOFz','2008-12-03 19:08:58'),
 (60,'mdshannan@hotmail.com','f+qqBkOk9eULr/VgdqNWFw==',1,'SzHdvttZYWO2xZ6syY7cfI5DAyycQ/BaVu+iwVCRN1abmZ7XhwVf0wtuHpGg7IdB','2008-12-03 19:19:03');
/*!40000 ALTER TABLE `users_pass` ENABLE KEYS */;




/*!40101 SET SQL_MODE=@OLD_SQL_MODE */;
/*!40014 SET FOREIGN_KEY_CHECKS=@OLD_FOREIGN_KEY_CHECKS */;
/*!40014 SET UNIQUE_CHECKS=@OLD_UNIQUE_CHECKS */;
/*!40101 SET CHARACTER_SET_CLIENT=@OLD_CHARACTER_SET_CLIENT */;
/*!40101 SET CHARACTER_SET_RESULTS=@OLD_CHARACTER_SET_RESULTS */;
/*!40101 SET COLLATION_CONNECTION=@OLD_COLLATION_CONNECTION */;
/*!40101 SET CHARACTER_SET_CLIENT=@OLD_CHARACTER_SET_CLIENT */;
